match_id,player,passes,successful_passes,pass_accuracy,shots,goals,dribbles,pressures,interceptions,ball_recoveries,duels,blocks,fouls_won,fouls_committed
3825739,Miguel Ángel Guerrero Martín,16,11,68.75,0,0,1,27,0,1,3,0,0,7
3825739,Alen Halilović,15,12,80.0,1,0,1,11,0,0,1,0,0,0
3825739,Ignacio Cases Mora,43,36,83.72,1,0,0,29,1,6,4,2,2,4
3825739,Karim Benzema,38,34,89.47,3,2,2,6,0,2,0,0,0,0
3825739,Alejandro Menéndez Díez,39,28,71.79,0,0,2,25,5,1,3,0,0,1
3825739,Luka Modrić,127,120,94.49,3,0,2,11,0,5,1,0,4,1
3825739,Ismael López Blanco,40,33,82.5,1,1,3,26,1,2,2,2,2,0
3825739,Kléper Laveran Lima Ferreira,83,78,93.98,2,0,1,4,2,6,0,2,3,0
3825739,Luis Hernández Rodríguez,32,28,87.5,0,0,1,4,7,3,1,1,0,0
3825739,Daniel Carvajal Ramos,91,84,92.31,0,0,2,12,2,5,2,3,1,2
3825739,Marcelo Vieira da Silva Júnior,71,57,80.28,0,0,3,15,6,1,5,4,2,2
3825739,Cristiano Ronaldo dos Santos Aveiro,33,23,69.7,5,2,3,7,0,0,0,1,3,1
3825739,Sergio Álvarez Díaz,22,19,86.36,0,0,0,28,1,1,3,0,1,3
3825739,Iván Cuéllar Sacristán,26,11,42.31,0,0,0,0,0,1,0,0,0,0
3825739,Toni Kroos,120,111,92.5,0,0,1,18,2,4,2,1,1,2
3825739,Keylor Navas Gamboa,22,19,86.36,0,0,0,0,0,2,0,0,0,0
3825739,Francisco Román Alarcón Suárez,54,49,90.74,0,0,1,13,2,5,2,0,4,0
3825739,Raphaël Varane,65,59,90.77,1,0,0,12,2,2,3,1,2,2
3825739,Gareth Frank Bale,24,21,87.5,2,1,1,4,0,1,0,1,0,0
3825739,Alberto Lora Ramos,44,38,86.36,0,0,0,14,2,4,2,2,1,2
3825739,Jonathan Rodríguez Menéndez,31,21,67.74,5,0,5,10,2,3,2,1,1,1
3825739,Jorge Meré Pérez,26,26,100.0,0,0,1,5,4,2,1,3,0,2
3825739,Jesé Rodríguez Ruiz,21,15,71.43,1,0,3,8,1,2,2,0,0,1
3825739,Daniel Arnaud N''Di	,19,14,73.68,1,0,3,9,2,2,4,0,5,1
3825739,James David Rodríguez Rubio,23,18,78.26,0,0,0,5,0,1,1,1,0,0
3825739,Rachid Aït-Atmane,32,26,81.25,0,0,0,7,0,1,0,1,0,0
3825739,Mateo Kovačić,14,13,92.86,0,0,1,7,0,0,1,1,0,1
3825739,Arnaldo Antonio Sanabria Ayala,6,4,66.67,0,0,0,8,1,1,0,0,0,0
3825848,Adrián González Morales,41,31,75.61,3,0,0,12,0,6,2,4,2,0
3825848,Borja González Tomás,21,11,52.38,2,2,1,14,0,1,8,2,0,4
3825848,Daniel García Carrillo,43,26,60.47,0,0,1,10,1,8,6,2,2,0
3825848,Aleksandar Pantić,27,15,55.56,0,0,1,5,2,3,5,3,1,1
3825848,Mauro Javier Dos Santos,21,13,61.9,0,0,0,8,0,4,2,4,0,0
3825848,Nabil Ghilas,11,8,72.73,4,0,2,12,1,1,5,0,0,3
3825848,José Luis Morales Nogales,64,47,73.44,1,1,12,15,1,6,1,4,1,0
3825848,José María Martín-Bejarano Serrano,66,51,77.27,2,0,0,12,2,8,9,2,3,3
3825848,Zouhair Feddal,73,61,83.56,0,0,0,6,2,5,2,4,2,1
3825848,Antonio García Aranda,77,55,71.43,0,0,8,7,1,5,3,2,5,0
3825848,Ander Capa Rodríguez,36,21,58.33,1,0,2,12,2,7,2,4,1,3
3825848,Jefferson Andrés Lerma Solís,20,15,75.0,1,0,3,12,2,1,6,1,2,1
3825848,Gonzalo Escalante,35,25,71.43,0,0,2,27,4,6,2,2,0,3
3825848,Sergio Gontán Gallardo,11,8,72.73,1,0,1,33,0,4,7,2,1,3
3825848,Juan Francisco García García,28,25,89.29,0,0,1,3,0,2,1,0,1,0
3825848,David Juncà Reñé,47,32,68.09,0,0,1,11,1,2,4,0,1,3
3825848,José Antonio García Rabasco,19,14,73.68,1,0,0,6,1,2,0,0,0,0
3825848,Asier Riesgo Unamuno,33,14,42.42,0,0,0,0,0,4,0,0,0,0
3825848,Víctor Casadesús Castaño,28,19,67.86,1,0,0,14,2,4,8,2,1,2
3825848,Takashi Inui,26,21,80.77,1,0,2,16,2,4,2,1,2,3
3825848,Rubén Iván Martínez Andrade,21,14,66.67,0,0,0,0,0,5,0,0,0,0
3825848,Ángel Trujillo Canorea,46,32,69.57,1,0,1,12,0,4,6,3,0,1
3825848,Rubén García Santos,31,21,67.74,0,0,2,12,1,6,2,4,2,1
3825848,Víctor Camarasa Ferrando,32,26,81.25,0,0,0,7,0,2,0,0,3,1
3825848,Saúl Berjón Pérez,19,7,36.84,1,0,1,6,0,3,2,0,0,2
3825848,Sergio Enrich Ametller,15,8,53.33,1,0,0,7,0,1,4,1,2,1
3825848,Deyverson Brum Silva Acosta,8,7,87.5,1,1,0,9,0,0,0,0,3,1
3825848,Borja Ekiza Imaz,11,4,36.36,0,0,1,3,1,3,2,2,1,1
3825895,Michael Krohn-Dehli,50,39,78.0,2,0,4,13,1,8,5,2,1,3
3825895,Grzegorz Krychowiak,53,38,71.7,1,0,0,23,4,4,7,4,2,3
3825895,Jorge Andújar Moreno,58,36,62.07,4,0,3,12,1,9,7,0,0,1
3825895,Mubarak Wakaso,33,20,60.61,0,0,1,26,3,4,3,3,3,2
3825895,Antolín Alcáraz Viveros,22,18,81.82,1,1,0,11,1,0,5,2,0,0
3825895,Fernando Llorente Torres,29,19,65.52,1,0,0,7,0,1,5,0,0,1
3825895,Ciro Immobile,7,2,28.57,1,0,0,4,0,0,3,0,1,0
3825895,Javier Varas Herrera,44,17,38.64,0,0,0,0,0,9,0,0,0,0
3825895,Jonathan Viera Ramos,41,28,68.29,3,0,3,17,1,3,4,3,2,1
3825895,Sergio Ezequiel Araújo,28,18,64.29,4,0,2,12,0,4,9,0,0,1
3825895,Sergio Rico González,25,17,68.0,0,0,0,0,0,3,0,0,0,0
3825895,Vicente Iborra De La Fuente,36,27,75.0,0,0,0,11,0,4,7,4,2,2
3825895,Dani Castellano Betancor,34,22,64.71,0,0,3,14,0,4,7,4,1,0
3825895,Pedro Bigas Rigo,43,29,67.44,0,0,1,12,2,8,8,1,1,1
3825895,Marco Andreolli,48,34,70.83,1,0,0,8,0,8,3,2,0,1
3825895,Roque Mesa Quevedo,32,22,68.75,2,1,1,10,1,1,3,0,2,1
3825895,Sebastián Carlos Cristóforo Pepe,28,23,82.14,0,0,1,15,0,4,6,2,2,2
3825895,Timothée Kolodziejczak,62,49,79.03,2,0,0,5,3,5,5,0,0,0
3825895,Benoît Trémoulinas,57,43,75.44,0,0,0,7,0,6,2,0,2,0
3825895,Hernán Daniel Santana Trujillo,34,26,76.47,2,0,1,16,0,8,2,1,3,0
3825895,David Simón Rodríguez Santana,54,42,77.78,0,0,2,12,2,2,4,1,0,5
3825895,Aythami Artiles Oliva,26,20,76.92,0,0,0,10,3,1,9,1,0,1
3825895,Kevin Gameiro,7,6,85.71,2,0,1,4,1,0,2,1,0,1
3825895,José Antonio Reyes Calderón,23,17,73.91,1,0,2,5,0,3,0,0,1,1
3825895,Víctor Machín Pérez,13,8,61.54,1,0,4,4,0,4,0,0,2,0
3825895,Nabil El Zhar,6,3,50.0,0,0,2,3,2,3,3,1,2,0
3825895,Juan Emmanuel Culio,2,1,50.0,0,0,1,7,0,0,1,1,0,1
3825895,José Vicente Gómez Umpiérrez,2,2,100.0,0,0,1,8,0,0,1,1,0,0
3825894,Álvaro Vázquez García,11,9,81.82,1,0,1,11,0,1,3,0,1,1
3825894,Moisés Gómez Bordonado,37,29,78.38,2,0,2,34,1,11,3,2,0,4
3825894,Mehdi Lacen,41,36,87.8,0,0,3,15,1,8,3,3,0,2
3825894,Damián Nicolás Suárez Suárez,50,36,72.0,0,0,2,19,2,4,3,4,0,1
3825894,Federico Nicolás Cartabia,42,28,66.67,5,0,7,22,1,13,3,7,5,0
3825894,Pablo Sarabia García,30,22,73.33,1,0,4,18,3,5,3,4,1,2
3825894,Carlos Martín Vigaray,35,28,80.0,2,1,1,16,3,3,2,1,1,1
3825894,Santiago Vergini,33,27,81.82,0,0,0,9,4,7,3,7,1,0
3825894,Miguel Ángel Muñoz Alonso,35,29,82.86,0,0,0,10,1,6,0,0,0,0
3825894,Fayçal Fajr,42,31,73.81,1,0,1,14,0,3,5,2,0,2
3825894,Pedro Mosquera Parada,49,39,79.59,1,0,0,24,3,8,14,3,4,0
3825894,Álvaro Medrán Just,27,22,81.48,0,0,2,26,1,4,6,0,1,4
3825894,Sidnei Rechel da Silva Júnior,42,33,78.57,0,0,0,2,1,4,4,3,1,0
3825894,Alejandro Arribas Garrido,37,29,78.38,0,0,0,9,1,3,1,1,2,1
3825894,Laureano Sanabria Ruiz,27,23,85.19,0,0,0,2,1,0,1,1,1,0
3825894,Manuel Fernández Muñíz,24,14,58.33,0,0,0,0,0,3,0,0,0,0
3825894,Lucas Pérez Martínez,35,24,68.57,2,0,0,19,0,5,2,1,2,0
3825894,Luis Alberto Romero Alconchel,33,17,51.52,5,0,1,27,1,7,4,0,1,0
3825894,Vicente Guaita Panadero,44,24,54.55,0,0,0,0,0,9,0,0,0,0
3825894,Pedro León Sánchez Gil,36,20,55.56,1,1,7,15,2,5,2,0,3,1
3825894,Fernando Navarro i Corbacho,46,39,84.78,0,0,0,15,0,3,8,2,0,2
3825894,Celso Borges Mora,31,28,90.32,1,0,2,16,3,0,6,0,1,3
3825894,Stefan Šćepović,8,5,62.5,2,0,2,7,0,1,3,1,0,4
3825894,Juan Francisco Moreno Fuertes,25,21,84.0,0,0,0,6,0,2,2,1,2,0
3825894,Rubén Gracia Calmache,17,10,58.82,0,0,0,8,1,0,1,1,2,0
3825894,Juan Torres Ruiz,3,3,100.0,0,0,0,3,2,0,0,0,0,1
3825894,Juan Antonio Rodríguez Villamuela,7,4,57.14,0,0,0,2,0,0,1,0,0,0
3825894,Oriol Riera Magem,6,5,83.33,0,0,0,1,0,0,1,0,0,0
3825855,Giuseppe Rossi,18,14,77.78,3,0,3,9,1,4,0,2,0,0
3825855,José Antonio García Rabasco,51,37,72.55,0,0,0,23,4,7,3,3,3,4
3825855,Charles Días Barbosa de Oliveira,34,24,70.59,5,0,1,11,0,2,3,1,0,0
3825855,Zouhair Feddal,25,20,80.0,1,0,0,7,1,2,5,3,0,1
3825855,Carl Medjani,35,22,62.86,0,0,0,6,0,2,4,1,0,0
3825855,Víctor Casadesús Castaño,30,20,66.67,0,0,2,5,0,2,9,1,2,2
3825855,Miguel Torres Gómez,59,52,88.14,0,0,1,9,1,6,7,4,0,1
3825855,Raúl Albentosa Redal,43,27,62.79,1,0,0,11,4,4,6,2,0,3
3825855,Juan Pablo Añor Acosta,34,27,79.41,0,0,1,10,1,4,1,2,1,0
3825855,José Luis Morales Nogales,24,16,66.67,4,1,4,13,1,7,2,2,1,2
3825855,Juan Francisco García García,38,23,60.53,0,0,0,9,0,1,2,0,1,1
3825855,José María Martín-Bejarano Serrano,32,22,68.75,2,0,1,18,3,5,8,4,3,1
3825855,Diego Mariño Villar,37,24,64.86,0,0,0,0,0,6,0,0,1,0
3825855,Mauricio Andrés Cuero Castillo,19,12,63.16,0,0,6,17,1,6,5,2,1,1
3825855,Federico Ricca Rostagnol,58,40,68.97,0,0,0,10,4,6,4,5,2,1
3825855,Pedro López Muñoz,44,32,72.73,0,0,1,13,0,6,3,5,4,0
3825855,Pablo Fornals Malla,61,52,85.25,1,0,1,11,3,7,0,1,2,3
3825855,Roberto José Rosales Altuve,3,2,66.67,0,0,0,2,0,1,0,1,1,0
3825855,Ignacio Camacho Barnola,63,49,77.78,3,0,1,19,4,4,8,4,2,3
3825855,Francisco Guillermo Ochoa Magaña,19,7,36.84,0,0,0,0,0,5,0,0,0,0
3825855,Gonzalo Castro Irizábal,55,33,60.0,4,1,5,9,0,9,1,1,2,2
3825855,Duje Čop,33,23,69.7,6,2,1,16,1,2,7,2,0,5
3825855,Egor Filipenko,25,20,80.0,2,0,0,11,3,3,4,0,0,1
3825855,Christian Atsu Twasam,12,11,91.67,1,0,3,1,0,0,2,0,2,0
3825855,Deyverson Brum Silva Acosta,11,7,63.64,1,0,0,2,0,0,3,0,2,0
3825855,Sérgio Paulo Barbosa Valente,16,11,68.75,1,0,0,1,0,1,1,1,0,0
3825855,Víctor Camarasa Ferrando,6,6,100.0,0,0,0,1,0,1,0,0,0,0
3825855,Joan Verdú Fernández,9,6,66.67,0,0,0,2,0,0,0,2,0,0
3825908,Marco Asensio Willemsen,40,31,77.5,3,2,3,18,1,8,5,2,5,0
3825908,Gerard Moreno Balaguero,30,19,63.33,2,2,8,11,0,0,8,1,0,1
3825908,Álvaro González Soberón,61,36,59.02,0,0,0,6,2,3,2,1,1,0
3825908,Enzo Pablo Roco Roco,37,28,75.68,1,0,1,13,7,5,1,3,0,1
3825908,Borja González Tomás,32,21,65.62,2,1,1,20,0,6,5,2,0,0
3825908,Pau López Sabata,30,17,56.67,0,0,0,0,0,7,0,0,2,0
3825908,Hernán Arsenio Pérez González,42,28,66.67,3,0,3,18,0,3,2,1,0,2
3825908,Antonio Manuel Luna Rodríguez,28,20,71.43,1,0,2,24,1,3,6,2,0,1
3825908,Javier López Rodríguez,27,24,88.89,0,0,1,4,0,3,1,1,2,0
3825908,David Juncà Reñé,57,45,78.95,0,0,1,12,2,4,5,1,1,0
3825908,Sergio Enrich Ametller,26,16,61.54,1,1,0,14,0,2,15,1,0,2
3825908,Borja Ekiza Imaz,22,10,45.45,0,0,0,9,0,2,2,3,0,3
3825908,Papa Kouly Diop,42,37,88.1,1,0,1,13,3,6,5,1,1,2
3825908,Sergio Gontán Gallardo,38,22,57.89,2,0,3,23,0,7,5,4,3,2
3825908,Mauro Javier Dos Santos,46,31,67.39,0,0,0,10,1,4,2,1,0,1
3825908,Xabier Iruretagoiena Aranzamendi,38,18,47.37,0,0,0,1,0,10,0,0,0,0
3825908,Daniel García Carrillo,47,40,85.11,0,0,0,21,0,9,3,1,4,2
3825908,Óscar Esau Duarte Gaitán,51,40,78.43,0,0,1,13,1,4,9,2,1,0
3825908,Jon Ansotegi Gorostola,35,26,74.29,0,0,0,8,3,0,5,0,0,2
3825908,Adrián González Morales,60,48,80.0,4,0,0,20,1,6,8,0,0,1
3825908,Víctor Sánchez Mata,41,34,82.93,0,0,6,20,0,4,2,1,3,1
3825908,Rubén Duarte Sánchez,43,22,51.16,0,0,1,12,3,2,6,3,1,2
3825908,Roberto Antonio Correa Silva,33,24,72.73,0,0,0,6,0,4,3,1,0,2
3825908,Ander Capa Rodríguez,26,17,65.38,1,0,3,2,1,4,1,0,0,0
3825908,Takashi Inui,9,6,66.67,1,0,1,7,1,0,0,1,2,1
3825908,Gonzalo Escalante,10,6,60.0,1,0,0,2,0,1,0,1,0,1
3825908,Salvador Sevilla López,6,5,83.33,0,0,0,0,0,1,0,0,0,0
3825908,Mamadou Sylla Diallo,2,2,100.0,0,0,0,1,0,0,2,0,0,0
3825883,Charles Días Barbosa de Oliveira,25,17,68.0,4,2,1,17,1,2,4,1,1,3
3825883,Duje Čop,25,17,68.0,4,1,1,18,1,4,4,1,0,1
3825883,Weligton Róbson Pena de Oliveira,30,26,86.67,0,0,0,12,1,4,1,4,0,1
3825883,Mauricio Lemos Merladet,52,45,86.54,0,0,0,5,2,5,2,3,0,3
3825883,Juan Pablo Añor Acosta,21,17,80.95,2,0,2,15,1,7,2,2,1,1
3825883,Roque Mesa Quevedo,81,76,93.83,0,0,1,18,3,7,4,0,2,2
3825883,Dani Castellano Betancor,54,50,92.59,0,0,0,12,3,2,2,4,0,1
3825883,Pedro Bigas Rigo,51,47,92.16,1,0,1,8,1,0,1,0,3,1
3825883,Jerónimo Figueroa Cabrera,54,43,79.63,0,0,1,9,0,5,2,1,1,0
3825883,David García Santana,22,15,68.18,0,0,0,3,1,0,0,0,0,1
3825883,José Luis García del Pozo,28,23,82.14,0,0,0,15,0,5,2,1,1,5
3825883,Ignacio Camacho Barnola,33,26,78.79,1,0,0,22,6,4,2,1,1,1
3825883,Pedro Taunausú Domínguez Placeres,43,38,88.37,2,0,0,12,4,2,0,2,3,1
3825883,Jonathan Viera Ramos,78,68,87.18,0,0,3,13,1,3,3,1,2,0
3825883,Raúl Lizoáin Cruz,29,19,65.52,0,0,0,0,0,4,0,0,0,0
3825883,Gonzalo Castro Irizábal,40,26,65.0,0,0,2,11,2,6,4,1,2,3
3825883,Federico Ricca Rostagnol,43,30,69.77,0,0,0,7,2,4,4,3,3,0
3825883,Nabil El Zhar,46,37,80.43,4,0,3,9,0,3,0,2,1,2
3825883,Willian José da Silva,34,26,76.47,5,1,4,5,0,3,2,0,0,0
3825883,Miguel Torres Gómez,32,25,78.12,0,0,0,11,3,2,2,1,0,1
3825883,Francisco Guillermo Ochoa Magaña,28,18,64.29,0,0,0,0,0,6,0,0,0,0
3825883,Raúl Albentosa Redal,16,9,56.25,0,0,0,8,2,0,3,2,0,1
3825883,David Simón Rodríguez Santana,41,33,80.49,0,0,0,6,1,1,1,2,3,0
3825883,Christian Atsu Twasam,13,10,76.92,2,1,2,2,0,5,1,0,1,0
3825883,Pablo Fornals Malla,13,10,76.92,1,0,0,6,1,2,1,0,1,0
3825883,José Vicente Gómez Umpiérrez,20,18,90.0,0,0,2,2,0,0,1,0,1,1
3825883,Sérgio Paulo Barbosa Valente,6,4,66.67,0,0,1,7,0,3,0,0,0,1
3825883,Mubarak Wakaso,12,10,83.33,0,0,0,2,0,0,1,0,1,1
3825900,Carlos Carmona Bonet,40,32,80.0,0,0,2,18,1,5,2,2,1,3
3825900,Sergio Álvarez Díaz,63,52,82.54,1,1,3,24,3,10,8,1,1,2
3825900,Alberto Lora Ramos,82,68,82.93,0,0,1,10,2,5,3,1,0,0
3825900,Mario Gaspar Pérez Martínez,65,62,95.38,1,0,0,11,2,5,4,5,0,1
3825900,Samuel García Sánchez,24,16,66.67,0,0,2,17,0,3,5,0,0,3
3825900,Ismael López Blanco,68,57,83.82,1,0,2,16,2,8,3,2,1,1
3825900,Jonathan Rodríguez Menéndez,36,23,63.89,4,1,4,8,1,4,1,0,0,0
3825900,Jorge Meré Pérez,51,49,96.08,0,0,0,9,3,2,4,1,2,1
3825900,Luis Hernández Rodríguez,74,66,89.19,0,0,0,4,4,3,1,0,0,0
3825900,Matías Nahuel Leiva Esquivel,24,21,87.5,2,0,6,12,0,2,3,0,0,0
3825900,Iván Cuéllar Sacristán,34,20,58.82,0,0,0,0,0,3,0,0,0,0
3825900,Leonardo Carrilho Baptistão,17,12,70.59,1,0,3,12,0,4,2,0,5,2
3825900,Miguel Ángel Guerrero Martín,24,21,87.5,3,0,3,17,0,2,3,0,2,2
3825900,Eric Bertrand Bailly,59,57,96.61,0,0,0,3,1,4,1,2,0,0
3825900,Mariano Damián Barbosa,27,17,62.96,0,0,1,0,0,2,0,0,0,0
3825900,Samuel Castillejo Azuaga,38,28,73.68,0,0,3,11,0,3,2,2,1,0
3825900,Rachid Aït-Atmane,40,39,97.5,1,0,2,21,2,8,0,0,2,2
3825900,Arnaldo Antonio Sanabria Ayala,31,24,77.42,3,0,1,17,0,3,2,0,0,1
3825900,Daniele Bonera,30,26,86.67,0,0,0,5,0,1,1,0,1,0
3825900,Jonathan dos Santos Ramírez,78,66,84.62,2,0,0,13,1,7,2,0,2,1
3825900,Antonio Rukavina,43,34,79.07,1,0,1,6,3,3,1,0,0,1
3825900,Manuel Trigueros Muñoz,75,65,86.67,2,0,2,6,0,4,4,1,3,0
3825900,Víctor Ruíz Torre,30,28,93.33,0,0,0,4,0,3,0,2,0,1
3825900,Carlos Castro García,7,3,42.86,1,0,0,4,0,0,1,0,0,0
3825900,Alen Halilović,16,15,93.75,2,0,0,4,0,2,0,0,0,0
3825900,Denis Suárez Fernández,7,5,71.43,0,0,3,4,0,1,0,0,0,0
3825900,Cédric Bakambu,4,4,100.0,2,0,0,0,0,0,0,0,0,0
3825900,Alejandro Barrera García,7,7,100.0,0,0,0,4,0,0,1,0,0,0
3825902,Jozabed Sánchez Ruiz,51,46,90.2,0,0,1,16,0,3,1,2,1,0
3825902,Javier Guerra Rodríguez,25,15,60.0,5,0,1,34,0,1,7,3,3,2
3825902,Diego Javier Llorente Ríos,18,13,72.22,0,0,1,5,1,1,1,0,0,3
3825902,Joaquín José Marín Ruiz,62,47,75.81,0,0,2,15,3,2,9,0,1,3
3825902,Antonio Amaya Carazo,55,46,83.64,0,0,0,4,3,2,4,4,0,1
3825902,Roberto Román Triguero,38,37,97.37,0,0,0,13,3,2,2,3,0,2
3825902,Roberto Trashorras Gayoso,115,105,91.3,1,1,2,13,0,11,1,1,2,1
3825902,Juan Francisco García García,16,11,68.75,0,0,1,2,1,1,3,1,0,0
3825902,Víctor Casadesús Castaño,22,13,59.09,0,0,1,6,0,0,1,0,2,0
3825902,Jefferson Andrés Lerma Solís,35,30,85.71,2,0,1,14,0,7,7,2,2,2
3825902,Yoel Rodríguez Oterino,37,24,64.86,0,0,0,0,0,6,0,0,0,0
3825902,Adrián Embarba Blázquez,22,16,72.73,5,0,3,10,0,6,2,0,0,0
3825902,Pablo Hernández Domínguez,44,33,75.0,3,1,0,18,4,4,6,1,1,1
3825902,Jordi Xumetra Feliu,25,14,56.0,2,0,0,15,0,6,3,1,0,0
3825902,José Ignacio Martínez García,57,42,73.68,0,0,1,12,5,4,8,2,0,1
3825902,Iván López Mendoza,45,35,77.78,0,0,2,10,0,3,6,4,1,1
3825902,José Antonio García Rabasco,51,38,74.51,3,1,0,32,0,7,5,0,1,3
3825902,David Navarro Pedrós,48,40,83.33,0,0,0,9,0,0,2,0,0,1
3825902,Diego Mariño Villar,48,28,58.33,0,0,0,0,0,5,0,0,0,0
3825902,Rubén García Santos,33,23,69.7,2,0,5,23,0,5,5,1,4,2
3825902,Carl Medjani,49,44,89.8,0,0,0,6,2,1,0,1,1,0
3825902,Simão Mate,44,36,81.82,1,0,3,15,1,5,3,1,3,1
3825902,Antonio García Aranda,32,26,81.25,0,0,1,10,3,4,2,3,0,1
3825902,Nicolás Ladislao Fedor Flores,23,19,82.61,2,1,1,16,0,1,1,1,1,1
3825902,Tiago Manuel Dias Correia,19,17,89.47,2,0,2,4,0,4,1,2,2,0
3825902,Deyverson Brum Silva Acosta,11,5,45.45,1,0,1,8,0,2,4,2,0,0
3825902,José Luis Morales Nogales,7,6,85.71,0,0,2,3,0,1,0,1,0,0
3825902,Răzvan Dincă Raț,6,5,83.33,1,0,0,0,0,0,0,0,0,0
3825876,Stefan Šćepović,19,13,68.42,3,0,0,14,0,0,0,1,2,1
3825876,Álvaro Medrán Just,29,25,86.21,1,1,2,21,1,5,4,1,2,5
3825876,Juan Antonio Rodríguez Villamuela,19,13,68.42,1,0,0,9,2,2,6,0,0,4
3825876,Damián Nicolás Suárez Suárez,55,37,67.27,0,0,0,15,0,4,3,1,0,3
3825876,Heiko Westermann,45,39,86.67,0,0,0,8,1,2,2,0,0,0
3825876,Juan Manuel Vargas Risco,29,22,75.86,0,0,1,4,2,3,1,0,0,2
3825876,Pedro León Sánchez Gil,42,26,61.9,3,0,6,14,1,4,2,1,5,2
3825876,Rubén Castro Martín,27,24,88.89,1,1,3,6,0,1,0,0,3,0
3825876,Martín Montoya Torralbo,80,72,90.0,0,0,5,11,1,3,6,3,4,0
3825876,Daniel Giménez Hernández,45,25,55.56,0,0,0,0,0,2,0,0,0,0
3825876,Juan Torres Ruiz,32,28,87.5,0,0,1,12,1,8,3,4,1,4
3825876,Pablo Sarabia García,38,31,81.58,2,0,4,29,2,10,5,2,0,1
3825876,Jorge Molina Vidal,15,9,60.0,1,0,0,9,0,1,6,1,2,1
3825876,Joaquín Sánchez Rodríguez,50,44,88.0,1,0,3,5,0,3,2,0,2,0
3825876,Vicente Guaita Panadero,20,15,75.0,0,0,0,0,0,2,0,0,0,0
3825876,Moisés Gómez Bordonado,31,25,80.65,1,0,2,14,1,5,0,1,1,3
3825876,Santiago Vergini,37,34,91.89,0,0,0,4,2,5,0,0,0,1
3825876,Álvaro Daniel Pereira Barragán,31,21,67.74,1,0,0,17,1,1,5,1,0,2
3825876,Alfred John Momar N''Diaye,52,41,78.85,0,0,0,19,0,5,4,3,2,1
3825876,Germán Alejandro Pezzella,37,29,78.38,2,1,0,6,3,2,4,0,0,1
3825876,Petros Matheus dos Santos Araújo,55,51,92.73,0,0,1,30,0,3,0,2,4,2
3825876,Daniel Ceballos Fernández,64,52,81.25,2,0,3,29,0,5,9,0,7,4
3825876,Charly Musonda Junior,18,13,72.22,0,0,4,3,0,2,1,1,6,1
3825876,Emiliano Buendía,7,7,100.0,0,0,1,3,0,1,0,0,1,3
3825876,Abdoul Karim Yoda,14,6,42.86,1,0,4,3,0,4,0,1,0,2
3825876,Fabián Ruiz Peña,20,18,90.0,0,0,1,10,0,3,3,2,1,0
3825876,Álvaro Vázquez García,4,3,75.0,1,0,0,2,0,0,0,0,0,1
3825876,Francisco Miguel Varela Martín,13,12,92.31,0,0,1,1,0,0,1,0,0,0
3825846,Lucas Pérez Martínez,32,26,81.25,1,0,1,11,1,2,1,0,0,0
3825846,Luis Alberto Romero Alconchel,32,23,71.88,1,0,4,15,3,3,3,0,0,0
3825846,Manuel Pablo García Díaz,42,38,90.48,1,0,0,14,4,0,2,4,1,0
3825846,Federico Nicolás Cartabia,59,44,74.58,3,0,7,15,3,11,3,1,2,1
3825846,Alejandro Arribas Garrido,21,17,80.95,0,0,2,2,3,1,2,0,0,0
3825846,Karim Benzema,42,34,80.95,2,0,4,7,1,3,1,1,2,1
3825846,Kléper Laveran Lima Ferreira,52,52,100.0,0,0,0,7,3,1,4,4,0,0
3825846,Fayçal Fajr,55,51,92.73,0,0,0,17,3,4,5,0,2,0
3825846,Luka Modrić,87,79,90.8,1,0,2,19,4,9,2,1,1,2
3825846,Gareth Frank Bale,43,34,79.07,0,0,8,9,1,4,1,1,2,0
3825846,Marcelo Vieira da Silva Júnior,72,62,86.11,1,0,6,21,1,3,5,2,0,0
3825846,Cristiano Ronaldo dos Santos Aveiro,27,22,81.48,7,2,3,2,0,2,1,0,0,0
3825846,Toni Kroos,70,61,87.14,0,0,0,24,0,4,1,1,0,1
3825846,Daniel Carvajal Ramos,81,71,87.65,1,0,6,21,3,6,3,2,1,4
3825846,Fernando Navarro i Corbacho,48,38,79.17,0,0,3,19,1,3,6,2,3,3
3825846,Carlos Henrique Casimiro,71,65,91.55,1,0,0,26,4,5,2,1,0,0
3825846,Sergio Ramos García,65,63,96.92,0,0,0,13,3,1,3,0,0,2
3825846,Alejandro Bergantiños García,58,52,89.66,1,0,0,21,3,6,4,4,1,0
3825846,Pedro Mosquera Parada,59,53,89.83,1,0,0,16,2,1,2,6,0,2
3825846,Stipe Pletikosa,26,11,42.31,0,0,0,0,0,2,0,0,0,0
3825846,Sidnei Rechel da Silva Júnior,29,26,89.66,1,0,0,5,0,2,3,1,0,0
3825846,Keylor Navas Gamboa,20,14,70.0,0,0,0,0,0,3,0,0,0,0
3825846,James David Rodríguez Rubio,29,26,89.66,2,0,1,9,1,3,2,1,0,1
3825846,Francisco Román Alarcón Suárez,28,23,82.14,1,0,0,8,0,2,0,1,0,1
3825846,Roberto Suárez Pier,7,6,85.71,1,0,0,2,0,0,1,0,0,0
3825846,Oriol Riera Magem,8,5,62.5,0,0,0,6,0,0,0,0,1,0
3825846,Jesé Rodríguez Ruiz,11,9,81.82,0,0,2,3,0,1,0,0,0,0
3825846,Celso Borges Mora,13,11,84.62,0,0,0,4,0,3,1,0,0,0
3825869,Aritz Aduriz Zubeldia,24,15,62.5,4,2,1,15,0,6,5,1,1,3
3825869,Raúl García Escudero,26,18,69.23,2,1,2,29,1,2,3,1,1,5
3825869,Carlos Gurpegi Nausia,50,45,90.0,1,0,0,2,1,2,2,0,0,0
3825869,Timothée Kolodziejczak,46,33,71.74,0,0,0,7,4,2,1,1,2,0
3825869,Yevhen Konoplyanka,33,25,75.76,0,0,2,10,1,2,0,0,1,0
3825869,Íñigo Lekue Martínez,69,57,82.61,1,0,5,12,1,7,5,3,0,2
3825869,Sebastián Carlos Cristóforo Pepe,64,52,81.25,1,0,1,33,1,11,10,1,6,2
3825869,Iñaki Williams Arthuer,31,23,74.19,4,0,1,12,0,6,1,5,2,0
3825869,Eneko Bóveda Altube,77,65,84.42,1,0,0,12,3,7,3,2,1,2
3825869,Gorka Iraizoz Moreno,39,24,61.54,0,0,0,0,0,4,0,0,0,0
3825869,Mikel San José Domínguez,64,56,87.5,0,0,1,20,2,6,3,3,0,1
3825869,Mikel Balenziaga Oruesagasti,19,17,89.47,0,0,1,6,0,2,2,1,0,0
3825869,David Carmona Sierra,36,20,55.56,1,0,1,23,2,7,7,1,0,2
3825869,Beñat Etxebarria Urkiaga,79,62,78.48,0,0,3,16,1,8,4,0,1,1
3825869,Vicente Iborra De La Fuente,25,17,68.0,3,0,0,13,0,2,9,2,1,1
3825869,Sergio Rico González,37,23,62.16,0,0,0,0,0,3,0,0,1,0
3825869,Markel Susaeta Laskurain,44,34,77.27,1,0,7,20,1,4,2,2,3,0
3825869,Francisco José Sánchez Rodríguez,31,15,48.39,0,0,0,20,2,4,4,2,0,2
3825869,Juan Muñoz Muñoz,8,6,75.0,2,1,0,16,0,1,1,1,0,3
3825869,Diego González Polanco,45,40,88.89,1,0,0,13,2,3,5,3,1,1
3825869,Steven N''Kemboanza Mike Christopher Nzonzi,27,22,81.48,0,0,0,4,1,1,1,1,0,0
3825869,Adil Rami,32,29,90.62,0,0,0,2,1,3,1,0,0,0
3825869,Jorge Andújar Moreno,0,0,0.0,0,0,0,0,0,0,0,0,0,0
3825869,Grzegorz Krychowiak,25,22,88.0,0,0,1,3,1,5,2,0,1,0
3825869,Daniel Filipe Martins Carriço,18,15,83.33,0,0,1,4,0,3,4,3,1,0
3825869,Gorka Elustondo Urkola,28,24,85.71,0,0,1,2,3,0,4,2,0,0
3825869,Sergio Escudero Palomo,10,10,100.0,0,0,1,9,0,1,1,1,1,1
3825869,Iker Muniain Goñi,18,18,100.0,0,0,1,1,0,0,0,0,0,0
3825869,Mikel Rico Moreno,1,1,100.0,0,0,0,3,0,0,1,0,0,1
3825882,Antoine Griezmann,23,17,73.91,1,1,1,13,0,3,1,1,2,1
3825882,Fernando José Torres Sanz,26,16,61.54,2,1,5,5,0,4,2,2,1,0
3825882,Augusto Matías Fernández,49,46,93.88,0,0,3,21,6,7,7,3,1,2
3825882,John Guidetti,26,20,76.92,2,0,3,16,0,2,1,1,2,1
3825882,Saúl Ñíguez Esclapez,36,26,72.22,3,0,4,15,1,9,6,4,2,3
3825882,Sergi Gómez Solà,57,50,87.72,0,0,0,12,2,9,2,3,0,1
3825882,Pedro Pablo Hernández,68,56,82.35,0,0,2,20,0,6,4,0,4,3
3825882,Juan Francisco Torres Belén,57,41,71.93,0,0,4,13,2,5,5,1,1,1
3825882,Gabriel Fernández Arenas,75,58,77.33,0,0,3,30,2,9,10,2,1,4
3825882,Carles Planas Antolínez,76,60,78.95,0,0,1,22,6,3,9,2,1,0
3825882,Manuel Agudo Durán,46,32,69.57,2,0,7,22,3,6,3,2,3,4
3825882,Marcelo Alfonso Díaz Rojas,69,66,95.65,2,0,0,20,1,4,0,2,0,2
3825882,Stefan Savić,23,15,65.22,0,0,0,5,4,2,3,1,1,1
3825882,Sergio Álvarez Conde,26,19,73.08,0,0,0,0,0,5,0,0,0,0
3825882,Hugo Mallo Novegil,63,56,88.89,0,0,0,19,1,4,7,1,0,2
3825882,Fabián Ariel Orellana Valenzuela,39,32,82.05,1,0,4,12,2,4,2,0,1,1
3825882,Filipe Luís Kasmirski,66,52,78.79,0,0,4,10,3,7,3,0,0,0
3825882,Diego Roberto Godín Leal,28,20,71.43,1,0,0,10,1,5,6,1,2,1
3825882,Jonathan Castro Otto,55,46,83.64,0,0,2,18,4,1,2,6,1,2
3825882,Daniel Wass,27,25,92.59,0,0,0,5,2,0,2,0,2,0
3825882,Jorge Resurrección Merodio,75,53,70.67,2,0,2,13,1,6,3,1,5,2
3825882,Jan Oblak,15,7,46.67,0,0,0,0,0,5,0,0,0,0
3825882,Iago Aspas Juncal,21,13,61.9,0,0,1,8,1,1,2,2,0,1
3825882,Théo Bongonda Mbul''Ofeko Batombo,6,5,83.33,0,0,3,2,0,0,0,0,1,0
3825882,Yannick Ferreira Carrasco,13,13,100.0,2,0,2,1,0,2,1,1,1,0
3825882,Tiago Cardoso Mendes,15,13,86.67,0,0,0,2,0,1,0,0,0,1
3825882,Nemanja Radoja,5,4,80.0,0,0,0,3,0,2,1,1,1,0
3825849,Jon Bautista Orgilles,15,8,53.33,1,0,2,19,1,0,4,0,2,3
3825849,Mikel Oyarzabal Ugarte,45,35,77.78,3,1,5,24,0,7,2,2,2,3
3825849,Asier Illarramendi Andonegi,52,43,82.69,0,0,2,19,4,10,8,3,1,2
3825849,Alberto De La Bella Madureño,45,34,75.56,0,0,1,7,3,3,3,1,1,1
3825849,David Zurutuza Veillet,43,35,81.4,2,0,3,16,0,11,9,5,5,1
3825849,Santiago Mina Lorenzo,40,27,67.5,1,0,3,25,2,5,6,3,3,2
3825849,Diego Antonio Reyes Rosales,46,32,69.57,0,0,0,7,2,8,3,0,0,1
3825849,Daniel Parejo Muñoz,69,59,85.51,1,0,1,30,3,4,5,3,2,1
3825849,Aritz Elustondo Irribaria,38,26,68.42,2,0,1,22,1,3,2,5,1,0
3825849,Mikel González de Martín Martínez,33,28,84.85,1,0,2,8,2,6,3,0,1,0
3825849,Pablo Daniel Piatti,9,5,55.56,1,0,0,8,1,2,1,0,1,0
3825849,Francisco Alcácer García,18,13,72.22,1,0,2,27,1,2,7,2,1,1
3825849,Danilo Barbosa da Silva,45,40,88.89,0,0,5,13,3,5,1,1,3,2
3825849,Antonio Barragán Fernández,44,29,65.91,0,0,1,15,0,2,0,0,2,3
3825849,Rubén Pardo Gutiérrez,53,39,73.58,0,0,0,18,1,4,3,3,0,2
3825849,Xabier Prieto Argarate,42,30,71.43,1,0,0,13,2,4,7,1,2,0
3825849,André Filipe Tavares Gomes,49,33,67.35,1,0,3,25,1,5,9,1,0,2
3825849,Rúben Miguel Nunes Vezo,51,44,86.27,0,0,0,13,1,4,6,3,1,4
3825849,Jaume Doménech Sánchez,39,20,51.28,0,0,0,0,0,1,0,0,0,0
3825849,Gerónimo Rulli,35,22,62.86,0,0,0,0,0,4,0,0,0,0
3825849,Aderllan Leandro de Jesus Santos,45,36,80.0,1,0,0,15,2,0,7,3,0,1
3825849,Guilherme Magdalena Siqueira,55,42,76.36,0,0,0,11,0,3,2,4,0,1
3825849,Andrés Pascual Santoja,6,5,83.33,0,0,2,6,1,3,4,0,2,0
3825849,Armindo Tué Na Bangna,17,11,64.71,5,0,4,16,1,4,0,2,1,1
3825849,João Pedro Cavaco Cancelo,15,10,66.67,0,0,2,2,0,1,0,0,0,1
3825849,Jonathas Cristian de Jesus,6,5,83.33,0,0,0,8,0,0,0,0,2,1
3825849,Igor Zubeldia Elorza,5,4,80.0,0,0,0,4,1,1,0,1,0,0
3825849,Álvaro Negredo Sánchez,4,4,100.0,2,0,1,1,0,3,0,0,0,0
3825860,Joan Verdú Fernández,85,75,88.24,0,0,2,16,0,2,2,0,1,1
3825860,Víctor Casadesús Castaño,33,23,69.7,1,1,2,13,0,2,4,0,1,0
3825860,José Antonio García Rabasco,45,37,82.22,2,0,0,19,1,1,0,1,0,1
3825860,Juan Francisco García García,76,49,64.47,0,0,2,5,2,4,2,4,2,1
3825860,José María Giménez de Vargas,30,20,66.67,1,0,0,16,0,6,4,0,0,2
3825860,Filipe Luís Kasmirski,55,41,74.55,0,0,3,10,1,3,1,1,2,1
3825860,Pedro López Muñoz,64,56,87.5,0,0,3,16,3,3,0,5,1,2
3825860,Carl Medjani,60,54,90.0,0,0,0,5,2,1,2,2,0,0
3825860,Ángel Martín Correa,19,13,68.42,1,0,2,16,0,2,0,4,1,0
3825860,Diego Mariño Villar,48,34,70.83,0,0,0,0,0,7,0,0,0,0
3825860,Saúl Ñíguez Esclapez,48,40,83.33,1,0,3,36,4,5,4,5,0,2
3825860,Fernando José Torres Sanz,22,17,77.27,5,1,2,11,1,1,4,0,2,1
3825860,Gabriel Fernández Arenas,57,45,78.95,1,0,1,24,1,9,4,2,0,0
3825860,Jefferson Andrés Lerma Solís,71,62,87.32,1,0,2,17,3,6,4,1,1,1
3825860,David Navarro Pedrós,60,56,93.33,0,0,0,4,2,5,2,1,0,1
3825860,Juan Francisco Torres Belén,54,41,75.93,0,0,2,16,5,9,6,1,1,3
3825860,Jorge Resurrección Merodio,87,73,83.91,2,0,1,17,1,5,3,1,1,0
3825860,José Luis Morales Nogales,34,28,82.35,2,0,8,34,3,5,1,3,2,1
3825860,Augusto Matías Fernández,20,18,90.0,0,0,1,7,0,1,0,0,1,0
3825860,Mauricio Andrés Cuero Castillo,9,5,55.56,1,0,2,6,0,3,1,0,0,1
3825860,Jan Oblak,25,11,44.0,0,0,0,0,0,5,0,0,0,0
3825860,Stefan Savić,40,34,85.0,1,0,0,14,1,4,5,1,1,0
3825860,Yannick Ferreira Carrasco,25,22,88.0,3,0,2,5,1,2,0,2,1,1
3825860,Antoine Griezmann,16,13,81.25,2,0,0,7,0,1,0,1,0,0
3825860,Rubén García Santos,13,8,61.54,1,0,1,15,1,2,3,2,1,1
3825860,Simão Mate,14,12,85.71,0,0,0,2,2,0,1,0,0,0
3825860,Thomas Teye Partey,18,16,88.89,0,0,0,12,0,1,2,0,0,1
3825860,Giuseppe Rossi,6,5,83.33,3,1,1,2,0,0,1,0,0,0
3825847,Sergio Enrich Ametller,31,20,64.52,0,0,0,35,0,3,10,1,3,3
3825847,Borja González Tomás,18,14,77.78,4,0,2,31,0,2,5,1,2,1
3825847,Adrián González Morales,57,41,71.93,2,1,1,26,2,8,5,1,1,4
3825847,David Juncà Reñé,54,36,66.67,0,0,0,17,3,6,4,1,1,1
3825847,Izet Hajrović,32,19,59.38,1,0,0,28,0,4,0,2,1,2
3825847,Federico Nicolás Cartabia,41,25,60.98,4,1,10,28,1,6,7,2,4,2
3825847,Laureano Sanabria Ruiz,40,30,75.0,1,0,0,13,4,5,3,1,1,0
3825847,Sidnei Rechel da Silva Júnior,49,38,77.55,0,0,2,9,1,11,6,0,2,0
3825847,Alejandro Arribas Garrido,35,23,65.71,0,0,1,16,2,4,7,1,2,2
3825847,Celso Borges Mora,55,43,78.18,0,0,1,15,1,6,6,0,3,1
3825847,Lucas Pérez Martínez,32,22,68.75,2,0,4,34,2,2,4,1,0,0
3825847,Sergio Gontán Gallardo,42,29,69.05,0,0,5,33,3,7,4,2,1,3
3825847,Juan Francisco Moreno Fuertes,64,44,68.75,0,0,2,20,4,6,4,6,0,1
3825847,Ander Capa Rodríguez,60,40,66.67,0,0,3,15,4,6,6,2,1,1
3825847,Fayçal Fajr,36,26,72.22,2,0,0,25,3,3,2,1,2,2
3825847,Manuel Fernández Muñíz,32,12,37.5,0,0,0,0,0,4,0,0,0,0
3825847,Pedro Mosquera Parada,54,41,75.93,0,0,1,28,3,2,4,1,3,3
3825847,Gonzalo Escalante,43,30,69.77,0,0,0,24,5,5,8,3,1,1
3825847,Oriol Riera Magem,37,23,62.16,0,0,2,26,0,4,12,1,1,1
3825847,Iván Ramis Barrios,38,31,81.58,1,0,0,6,2,4,1,1,1,1
3825847,Mauro Javier Dos Santos,34,22,64.71,1,0,0,12,1,6,6,1,0,0
3825847,Asier Riesgo Unamuno,29,7,24.14,0,0,0,0,0,5,0,0,0,0
3825847,José Ignacio Peleteiro Ramallo,8,7,87.5,0,0,3,10,1,2,0,1,0,2
3825847,Rubén Gracia Calmache,13,10,76.92,0,0,1,11,1,2,2,3,2,0
3825847,Saúl Berjón Pérez,1,1,100.0,0,0,0,6,1,0,1,0,0,1
3825847,Jonás Manuel Gutiérrez,1,0,0.0,0,0,0,0,0,1,0,0,0,0
3825847,Josip Radošević,2,1,50.0,0,0,0,0,0,1,0,0,0,0
3825817,Álvaro Vázquez García,21,12,57.14,4,0,1,20,0,3,9,0,1,1
3825817,Stefan Šćepović,12,6,50.0,1,0,0,5,0,2,6,1,1,1
3825817,Mehdi Lacen,26,16,61.54,0,0,0,16,2,3,0,1,2,1
3825817,Álvaro Daniel Pereira Barragán,40,22,55.0,0,0,0,14,2,3,7,6,0,1
3825817,Juan Torres Ruiz,28,19,67.86,0,0,0,14,2,9,8,6,1,0
3825817,Mauro Javier Dos Santos,39,30,76.92,1,0,0,9,1,5,2,0,2,3
3825817,Sergio Gontán Gallardo,40,30,75.0,4,0,1,17,1,7,5,3,2,1
3825817,Gonzalo Escalante,45,29,64.44,0,0,4,17,5,4,4,1,1,1
3825817,Wanderson Maciel Sousa Campos,22,13,59.09,1,0,3,21,1,7,4,5,3,1
3825817,Ander Capa Rodríguez,65,41,63.08,0,0,2,10,4,8,1,0,2,2
3825817,Iván Ramis Barrios,45,37,82.22,0,0,0,4,1,3,4,0,0,1
3825817,Takashi Inui,42,28,66.67,4,0,4,22,2,1,3,0,2,1
3825817,Pablo Sarabia García,39,22,56.41,0,0,3,27,5,10,6,2,2,5
3825817,Damián Nicolás Suárez Suárez,50,35,70.0,0,0,3,23,2,6,2,5,1,1
3825817,David Juncà Reñé,59,43,72.88,0,0,1,16,4,2,6,1,2,2
3825817,Asier Riesgo Unamuno,22,15,68.18,0,0,0,0,0,8,0,0,0,0
3825817,Daniel García Carrillo,58,46,79.31,0,0,3,15,3,6,7,2,1,1
3825817,Adrián González Morales,46,32,69.57,2,0,3,13,1,2,7,2,0,3
3825817,Álvaro Medrán Just,25,18,72.0,0,0,0,22,0,10,9,0,1,1
3825817,Borja González Tomás,25,22,88.0,8,1,0,18,0,1,3,0,2,1
3825817,Emiliano Daniel Velázquez Maldonado,10,7,70.0,1,1,0,5,4,0,5,1,0,1
3825817,Vicente Guaita Panadero,28,12,42.86,0,0,0,0,0,3,0,0,1,0
3825817,Víctor Rodríguez Romero,19,18,94.74,1,0,2,13,0,1,1,1,1,0
3825817,José Ignacio Peleteiro Ramallo,4,3,75.0,0,0,2,3,1,3,1,0,0,0
3825817,Juan Antonio Rodríguez Villamuela,11,5,45.45,0,0,0,5,1,2,1,1,0,1
3825817,Sergio Enrich Ametller,6,3,50.0,1,0,1,7,0,1,3,0,0,0
3825817,Pedro León Sánchez Gil,3,1,33.33,0,0,0,2,0,1,0,0,1,0
3825817,Jon Ansotegi Gorostola,0,0,0.0,0,0,0,0,0,0,0,0,0,0
3825778,Ricky van Wolfswinkel,17,8,47.06,2,0,0,15,1,3,6,2,1,2
3825778,Rubén Castro Martín,23,12,52.17,5,0,3,18,0,2,2,2,0,2
3825778,Bruno González Cabrera,36,32,88.89,1,0,0,9,1,3,4,2,0,1
3825778,Foued Kadir,39,32,82.05,3,0,1,12,1,11,2,3,3,2
3825778,Ismael López Blanco,43,34,79.07,0,0,1,15,3,5,4,5,2,3
3825778,Alfred John Momar N''Diaye,34,27,79.41,1,0,0,21,1,6,5,4,2,3
3825778,Alen Halilović,41,34,82.93,1,0,3,4,0,6,0,1,3,0
3825778,Alejandro Menéndez Díez,23,14,60.87,1,0,3,11,1,2,5,3,1,2
3825778,Germán Alejandro Pezzella,49,30,61.22,1,1,0,8,2,4,6,2,2,2
3825778,Petros Matheus dos Santos Araújo,53,45,84.91,1,0,3,29,2,9,1,4,2,2
3825778,Carlos Carmona Bonet,39,25,64.1,1,0,1,25,3,6,9,4,3,2
3825778,Sergio Álvarez Díaz,43,27,62.79,0,0,2,16,2,6,6,7,2,4
3825778,Charly Musonda Junior,41,27,65.85,4,0,6,21,0,9,2,2,9,4
3825778,Juan Manuel Vargas Risco,74,55,74.32,0,0,1,3,1,4,3,1,0,1
3825778,Martín Montoya Torralbo,67,57,85.07,0,0,2,17,2,2,3,0,2,1
3825778,Carlos Castro García,14,12,85.71,2,1,0,10,0,3,6,1,4,2
3825778,Jorge Meré Pérez,27,23,85.19,0,0,0,6,3,7,2,5,1,0
3825778,Luis Hernández Rodríguez,33,26,78.79,0,0,2,5,5,7,6,2,0,0
3825778,Ognjen Vranješ,28,22,78.57,0,0,0,20,5,1,4,3,2,6
3825778,Rachid Aït-Atmane,51,36,70.59,0,0,0,14,2,7,8,2,1,3
3825778,Iván Cuéllar Sacristán,23,6,26.09,0,0,0,0,0,5,0,0,1,0
3825778,Antonio Adán Garrido,24,16,66.67,0,0,0,0,0,1,0,0,0,0
3825778,Joaquín Sánchez Rodríguez,18,13,72.22,0,0,2,6,0,4,2,2,0,0
3825778,Daniel Ceballos Fernández,17,13,76.47,0,0,2,8,0,5,1,1,1,1
3825778,Jonathan Rodríguez Menéndez,15,10,66.67,0,0,0,2,0,3,0,0,1,0
3825778,Jorge Molina Vidal,6,2,33.33,0,0,0,0,0,3,0,1,0,0
3825778,Miguel Ángel Guerrero Martín,4,4,100.0,0,0,1,0,0,1,1,0,0,1
3825778,Alberto Lora Ramos,4,4,100.0,0,0,0,1,0,0,1,0,0,1
3825777,Deyverson Brum Silva Acosta,11,7,63.64,3,0,1,9,0,1,5,1,0,0
3825777,Giuseppe Rossi,22,15,68.18,3,1,5,13,0,5,5,0,8,0
3825777,José Antonio García Rabasco,59,42,71.19,1,0,0,18,5,4,4,3,1,5
3825777,Álvaro Vázquez García,15,11,73.33,3,0,0,19,1,2,7,1,0,1
3825777,Antonio García Aranda,33,19,57.58,0,0,1,8,4,2,3,2,0,2
3825777,Santiago Vergini,35,30,85.71,0,0,1,16,2,3,3,1,0,3
3825777,Juan Antonio Rodríguez Villamuela,35,27,77.14,1,0,2,15,1,3,10,1,0,3
3825777,José Luis Morales Nogales,29,18,62.07,3,1,12,14,5,7,4,2,3,1
3825777,Juan Torres Ruiz,38,28,73.68,0,0,0,14,4,3,3,0,0,2
3825777,Abdoul Karim Yoda,51,30,58.82,1,0,9,10,3,3,3,2,1,1
3825777,Vicente Guaita Panadero,26,15,57.69,0,0,0,0,0,7,0,0,0,0
3825777,Carl Medjani,23,16,69.57,0,0,0,4,0,1,2,4,0,0
3825777,Pablo Sarabia García,64,40,62.5,2,0,2,28,1,5,4,5,3,2
3825777,Damián Nicolás Suárez Suárez,73,57,78.08,0,0,1,24,3,6,10,2,2,1
3825777,Pedro León Sánchez Gil,23,12,52.17,1,0,3,11,1,3,4,2,1,1
3825777,Víctor Rodríguez Romero,33,26,78.79,2,0,0,20,3,5,5,2,2,2
3825777,Simão Mate,23,17,73.91,0,0,1,9,3,6,3,2,0,1
3825777,Diego Mariño Villar,33,22,66.67,0,0,0,0,0,3,0,0,0,0
3825777,Joan Verdú Fernández,42,37,88.1,1,1,4,9,2,9,0,2,1,0
3825777,Jefferson Andrés Lerma Solís,42,30,71.43,0,0,2,6,2,4,0,1,2,2
3825777,David Navarro Pedrós,17,11,64.71,1,0,0,3,5,1,2,1,1,0
3825777,Moisés Gómez Bordonado,18,14,77.78,1,0,0,10,0,3,1,0,0,1
3825777,Víctor Camarasa Ferrando,24,19,79.17,0,0,2,8,1,2,2,1,2,0
3825777,Wanderson Maciel Sousa Campos,10,8,80.0,2,0,1,10,1,2,2,0,2,1
3825777,Stefan Šćepović,14,10,71.43,0,0,0,2,0,1,1,0,0,0
3825777,Álvaro Medrán Just,14,11,78.57,1,0,0,5,0,2,1,0,1,0
3825777,Víctor Casadesús Castaño,10,8,80.0,0,0,1,2,0,0,3,1,0,2
3825777,Mauricio Andrés Cuero Castillo,1,1,100.0,0,0,0,2,0,0,0,0,0,0
3825740,Sergio Enrich Ametller,37,29,78.38,3,2,1,14,0,3,10,2,2,0
3825740,Borja González Tomás,15,11,73.33,3,2,1,13,0,2,3,0,1,3
3825740,Adrián González Morales,50,37,74.0,0,0,1,15,2,4,2,5,0,3
3825740,Antonio Manuel Luna Rodríguez,30,19,63.33,0,0,0,1,0,3,0,1,2,1
3825740,Adalberto Peñaranda Maestre,24,20,83.33,0,0,3,29,0,3,13,2,2,5
3825740,Iván Ramis Barrios,40,31,77.5,0,0,1,5,1,5,1,0,1,0
3825740,Mauro Javier Dos Santos,44,29,65.91,0,0,0,9,0,1,4,0,1,1
3825740,Sergio Gontán Gallardo,41,26,63.41,2,0,4,19,0,4,8,2,2,2
3825740,David Rodríguez Lombán,25,13,52.0,0,0,0,9,4,0,2,1,0,1
3825740,Rene Krhin,33,22,66.67,1,0,2,7,0,3,8,2,3,1
3825740,Daniel García Carrillo,58,45,77.59,0,0,1,11,1,5,3,1,0,1
3825740,Isaac Ajayi Success,26,17,65.38,1,0,4,12,3,5,1,4,3,2
3825740,Ander Capa Rodríguez,45,29,64.44,1,0,3,11,2,5,2,1,2,2
3825740,Uche Henry Agbo,19,13,68.42,0,0,0,8,0,6,0,3,3,1
3825740,Cristiano Biraghi,51,31,60.78,1,0,0,10,4,4,2,2,0,5
3825740,Rubén Salvador Pérez Del Mármol,23,14,60.87,0,0,1,11,3,2,2,4,0,2
3825740,Edgar Antonio Méndez Ortega,19,11,57.89,0,0,0,19,1,2,7,0,1,3
3825740,Takashi Inui,22,14,63.64,2,1,2,9,0,1,2,2,0,0
3825740,Dimitri Foulquier,28,20,71.43,0,0,0,11,6,1,2,1,0,0
3825740,Diego Mainz García,21,14,66.67,0,0,0,12,4,2,0,1,1,0
3825740,Andrés Eduardo Fernández Moreno,26,7,26.92,0,0,0,0,0,6,0,0,1,0
3825740,Asier Riesgo Unamuno,30,21,70.0,0,0,0,0,0,7,0,0,0,0
3825740,Youssef El-Arabi,19,12,63.16,1,1,1,7,0,1,3,0,1,0
3825740,Francisco Manuel Rico Castro,45,36,80.0,0,0,2,6,1,4,0,2,0,0
3825740,David Juncà Reñé,19,14,73.68,0,0,1,6,0,3,2,0,0,1
3825740,Saúl Berjón Pérez,10,6,60.0,1,0,1,1,0,0,1,0,0,0
3825740,Simone Verdi,2,1,50.0,0,0,1,4,0,1,0,1,2,1
3825740,Hugo Miguel Almeida Costa Lopes,1,1,100.0,0,0,0,0,0,0,0,0,0,0
3825875,Cédric Bakambu,19,14,73.68,3,0,3,9,0,1,5,1,6,2
3825875,Roberto Soldado Rillo,21,15,71.43,1,0,1,16,0,2,5,0,1,0
3825875,Bruno Soriano Llido,40,34,85.0,1,0,1,12,2,5,3,2,0,1
3825875,Markel Bergara Larrañaga,37,26,70.27,2,0,1,21,4,3,3,0,3,3
3825875,Mario Gaspar Pérez Martínez,59,39,66.1,0,0,0,27,4,2,12,6,0,2
3825875,Íñigo Martínez Berridi,78,64,82.05,0,0,0,11,1,7,2,2,0,4
3825875,Yuri Berchiche Izeta,96,79,82.29,0,0,2,13,3,3,4,4,1,1
3825875,Tomás Pina Isla,26,17,65.38,0,0,0,13,1,2,2,1,1,2
3825875,Carlos Alberto Vela Garrido,30,22,73.33,1,0,2,23,0,5,5,1,0,2
3825875,Víctor Ruíz Torre,44,34,77.27,0,0,0,4,0,2,1,1,1,3
3825875,Diego Antonio Reyes Rosales,49,41,83.67,0,0,1,12,4,4,5,4,2,0
3825875,Aritz Elustondo Irribaria,49,45,91.84,1,0,0,11,2,4,2,2,1,1
3825875,Asier Illarramendi Andonegi,80,64,80.0,0,0,0,15,4,2,6,4,0,1
3825875,David Zurutuza Veillet,51,41,80.39,0,0,5,18,1,8,2,0,5,0
3825875,Denis Suárez Fernández,40,25,62.5,1,0,0,20,2,8,4,3,0,2
3825875,Gerónimo Rulli,53,36,67.92,0,0,0,0,0,3,0,0,0,0
3825875,Eric Bertrand Bailly,33,23,69.7,0,0,0,9,2,3,4,0,0,0
3825875,Mikel Oyarzabal Ugarte,20,15,75.0,2,0,3,18,1,3,9,3,3,0
3825875,Sergio Asenjo Andrés,28,16,57.14,0,0,0,0,0,4,0,0,0,0
3825875,Joseba Zaldúa Bengoetxea,47,34,72.34,0,0,1,8,4,2,5,0,2,0
3825875,Samuel Castillejo Azuaga,32,21,65.62,2,0,5,18,1,6,4,6,2,2
3825875,Antonio Rukavina,43,32,74.42,0,0,0,14,1,4,8,5,0,2
3825875,Jonathan dos Santos Ramírez,28,25,89.29,0,0,1,9,1,1,3,0,0,0
3825875,Adrián Marín Gómez,15,11,73.33,0,0,1,2,0,2,1,1,0,0
3825875,Adrián López Álvarez,9,7,77.78,0,0,0,1,0,0,1,0,1,1
3825875,Xabier Prieto Argarate,9,7,77.78,0,0,0,3,0,0,2,0,0,0
3825875,Héctor Hernández Ortega,1,1,100.0,1,0,0,0,0,1,0,0,0,0
3825875,Jon Bautista Orgilles,0,0,0.0,0,0,0,1,0,0,0,0,0,1
3825884,Rubén Castro Martín,26,17,65.38,2,0,2,7,0,3,4,1,0,1
3825884,Daniel Ceballos Fernández,34,26,76.47,0,0,1,12,0,3,6,3,4,0
3825884,Éver Maximiliano David Banega,51,37,72.55,4,0,5,27,0,5,5,0,5,2
3825884,Martín Montoya Torralbo,44,36,81.82,0,0,3,17,1,8,4,1,2,2
3825884,Kevin Gameiro,15,10,66.67,1,1,2,14,0,4,4,1,0,2
3825884,Heiko Westermann,23,21,91.3,2,0,0,6,0,2,5,1,1,2
3825884,Germán Alejandro Pezzella,25,17,68.0,1,0,1,9,1,3,10,1,0,1
3825884,Timothée Kolodziejczak,50,42,84.0,0,0,1,7,1,3,2,0,0,0
3825884,Joaquín Sánchez Rodríguez,24,12,50.0,0,0,2,11,1,2,6,0,2,0
3825884,Sergio Escudero Palomo,45,31,68.89,0,0,0,21,4,2,7,3,2,3
3825884,Charly Musonda Junior,9,6,66.67,0,0,6,12,0,4,4,0,1,4
3825884,Yevhen Konoplyanka,23,18,78.26,3,0,1,9,1,5,2,0,2,1
3825884,Daniel Filipe Martins Carriço,39,32,82.05,0,0,1,11,2,4,2,0,0,1
3825884,Mariano Ferreira Filho,35,25,71.43,1,0,3,15,1,4,5,1,0,3
3825884,Steven N''Kemboanza Mike Christopher Nzonzi,48,35,72.92,0,0,1,19,2,2,5,0,0,2
3825884,Alfred John Momar N''Diaye,20,17,85.0,0,0,0,11,1,1,3,1,3,1
3825884,José Antonio Reyes Calderón,25,16,64.0,0,0,0,19,0,2,5,2,3,2
3825884,Petros Matheus dos Santos Araújo,26,18,69.23,0,0,1,26,2,6,5,5,8,2
3825884,Antonio Adán Garrido,32,9,28.12,0,0,0,0,0,4,0,0,0,0
3825884,Sergio Rico González,29,16,55.17,0,0,0,0,0,6,0,0,0,0
3825884,Bruno González Cabrera,44,24,54.55,0,0,2,13,3,4,5,0,1,3
3825884,Grzegorz Krychowiak,40,35,87.5,3,0,0,15,0,6,5,1,2,4
3825884,Álvaro Cejudo Carmona,13,8,61.54,3,0,2,5,1,5,3,1,1,1
3825884,Michael Krohn-Dehli,10,10,100.0,0,0,0,2,0,2,0,1,3,1
3825884,Ricky van Wolfswinkel,4,3,75.0,0,0,0,1,0,0,2,0,0,1
3825884,Jorge Andújar Moreno,3,0,0.0,1,1,1,7,1,0,2,1,0,2
3825884,Vicente Iborra De La Fuente,2,0,0.0,0,0,0,9,1,0,3,2,0,1
3825884,Fabián Ruiz Peña,13,10,76.92,0,0,2,2,0,2,1,0,0,0
3825842,Borja Viguera Manzanares,15,11,73.33,1,0,2,9,0,3,2,1,3,0
3825842,Xabier Etxeita Gorritxategi,50,35,70.0,1,0,0,11,1,3,5,2,0,2
3825842,Raúl García Escudero,35,25,71.43,5,0,0,9,1,1,7,1,3,1
3825842,Jefferson Andrés Lerma Solís,25,18,72.0,0,0,0,17,2,5,3,2,1,6
3825842,Víctor Camarasa Ferrando,33,24,72.73,1,0,2,19,2,6,5,3,0,1
3825842,Pedro López Muñoz,41,28,68.29,1,0,1,12,5,7,4,3,0,3
3825842,Mauricio Andrés Cuero Castillo,18,9,50.0,4,0,3,9,1,5,1,1,0,2
3825842,Mikel Balenziaga Oruesagasti,40,31,77.5,1,0,1,6,0,7,6,2,2,1
3825842,Iker Muniain Goñi,35,32,91.43,4,0,4,6,1,5,0,0,5,0
3825842,Mikel San José Domínguez,54,44,81.48,2,1,0,10,3,2,2,2,0,0
3825842,Iñaki Williams Arthuer,36,24,66.67,1,0,3,8,0,3,2,2,3,1
3825842,Ander Iturraspe Derteano,45,37,82.22,0,0,0,7,1,2,2,0,1,1
3825842,Juan Francisco García García,38,21,55.26,1,0,0,5,1,5,2,2,1,2
3825842,Eneko Bóveda Altube,74,57,77.03,1,0,1,9,1,4,2,1,0,0
3825842,Zouhair Feddal,27,18,66.67,0,0,1,2,4,4,3,1,0,0
3825842,Víctor Casadesús Castaño,18,10,55.56,1,1,0,4,1,3,9,0,1,0
3825842,José Luis Morales Nogales,22,12,54.55,1,0,0,13,0,3,2,2,2,1
3825842,Beñat Etxebarria Urkiaga,94,71,75.53,2,0,1,18,0,9,1,1,1,1
3825842,Giuseppe Rossi,24,16,66.67,0,0,2,11,2,1,8,0,2,0
3825842,Diego Mariño Villar,40,28,70.0,0,0,0,0,0,4,0,0,0,0
3825842,Carl Medjani,21,10,47.62,0,0,0,4,0,0,3,2,1,3
3825842,Gorka Iraizoz Moreno,28,20,71.43,0,0,0,0,0,6,0,0,0,0
3825842,Markel Susaeta Laskurain,40,28,70.0,1,1,2,4,0,5,0,0,2,1
3825842,Íñigo Lekue Martínez,31,25,80.65,0,0,2,5,0,3,2,1,0,0
3825842,Deyverson Brum Silva Acosta,15,10,66.67,1,0,0,7,0,1,0,0,0,2
3825842,Joan Verdú Fernández,13,10,76.92,0,0,0,2,0,2,0,3,0,0
3825842,Gorka Elustondo Urkola,13,12,92.31,0,0,0,4,0,1,1,0,0,0
3825842,Rubén García Santos,3,1,33.33,0,0,0,5,1,2,1,1,0,0
3825890,Charles Días Barbosa de Oliveira,32,22,68.75,2,0,0,9,1,3,7,0,0,4
3825890,Duje Čop,29,17,58.62,1,0,0,13,1,1,3,2,0,1
3825890,Weligton Róbson Pena de Oliveira,42,35,83.33,0,0,1,13,1,6,3,3,2,1
3825890,José María Giménez de Vargas,30,15,50.0,0,0,1,8,1,3,4,1,1,1
3825890,Lucas Hernández Pi,31,23,74.19,0,0,0,8,0,2,2,2,1,0
3825890,Filipe Luís Kasmirski,68,48,70.59,0,0,4,22,2,10,8,1,1,1
3825890,Saúl Ñíguez Esclapez,27,19,70.37,4,0,1,31,2,6,9,2,0,0
3825890,Juan Francisco Torres Belén,53,38,71.7,0,0,1,12,3,4,2,5,2,0
3825890,Antoine Griezmann,12,6,50.0,2,0,1,13,0,4,1,0,0,0
3825890,Gabriel Fernández Arenas,65,48,73.85,0,0,1,33,2,6,4,4,0,2
3825890,Yannick Ferreira Carrasco,27,20,74.07,1,0,4,12,0,6,4,3,2,0
3825890,Roberto José Rosales Altuve,42,31,73.81,0,0,2,13,2,9,3,1,0,1
3825890,Pablo Fornals Malla,29,22,75.86,0,0,2,12,2,4,3,0,0,0
3825890,Ignacio Camacho Barnola,60,39,65.0,1,0,1,19,3,4,6,4,1,4
3825890,José Luis García del Pozo,50,40,80.0,1,0,5,23,0,7,6,5,0,2
3825890,Jorge Resurrección Merodio,66,46,69.7,1,0,3,24,3,9,7,1,2,1
3825890,Ricardo Jorge Luz Horta,34,30,88.24,1,0,4,10,1,5,4,2,0,1
3825890,Jan Oblak,22,13,59.09,0,0,0,0,0,4,0,0,0,0
3825890,Francisco Guillermo Ochoa Magaña,29,20,68.97,0,0,0,1,0,2,0,1,0,0
3825890,Fernando José Torres Sanz,13,5,38.46,3,0,8,14,0,4,7,2,2,1
3825890,Raúl Albentosa Redal,35,22,62.86,0,0,0,8,3,2,6,1,0,1
3825890,Miguel Torres Gómez,71,53,74.65,0,0,0,9,2,5,4,5,0,2
3825890,Ángel Martín Correa,15,8,53.33,2,1,2,8,1,5,2,1,3,0
3825890,Gonzalo Castro Irizábal,16,9,56.25,0,0,4,10,0,1,1,0,1,0
3825890,Juan Pablo Añor Acosta,7,6,85.71,1,0,4,7,1,3,1,1,2,0
3825890,Augusto Matías Fernández,3,3,100.0,1,0,0,7,1,3,2,0,0,0
3825890,Roque Luis Santa Cruz Cantero,7,6,85.71,0,0,0,1,0,0,3,0,0,0
3825871,Willian José da Silva,22,15,68.18,4,0,3,22,0,2,0,0,3,2
3825871,Gerard Moreno Balaguero,17,13,76.47,1,0,2,25,2,2,0,0,1,0
3825871,Roque Mesa Quevedo,89,81,91.01,0,0,3,16,2,7,0,0,1,1
3825871,Pedro Bigas Rigo,51,41,80.39,2,1,1,10,2,0,3,2,1,1
3825871,Marco Asensio Willemsen,36,30,83.33,3,0,1,34,1,4,3,1,3,1
3825871,Mauricio Lemos Merladet,36,33,91.67,2,0,2,6,3,2,2,1,0,1
3825871,Nabil El Zhar,45,41,91.11,2,1,2,18,2,4,6,4,0,2
3825871,Álvaro González Soberón,30,18,60.0,0,0,0,13,1,2,5,2,2,0
3825871,Abraham González Casanova,8,4,50.0,0,0,0,7,0,1,0,0,0,0
3825871,Hernán Arsenio Pérez González,30,24,80.0,3,0,7,36,3,7,6,0,4,0
3825871,Jerónimo Figueroa Cabrera,46,42,91.3,0,0,4,13,2,2,2,1,2,0
3825871,Javier López Rodríguez,41,29,70.73,0,0,2,26,3,6,4,1,1,3
3825871,Dani Castellano Betancor,56,47,83.93,0,0,5,15,1,5,3,0,1,3
3825871,Víctor Guillermo Álvarez Delgado,51,42,82.35,0,0,2,27,3,5,2,3,0,0
3825871,David Simón Rodríguez Santana,66,54,81.82,0,0,0,15,1,3,2,2,0,3
3825871,Jonathan Viera Ramos,81,66,81.48,2,1,3,32,2,4,1,1,3,1
3825871,Papa Kouly Diop,28,24,85.71,1,0,0,21,0,3,3,0,0,2
3825871,José Vicente Gómez Umpiérrez,30,27,90.0,0,0,1,13,0,1,1,1,2,2
3825871,Enzo Pablo Roco Roco,30,24,80.0,0,0,0,16,4,1,5,2,0,3
3825871,Jorge Franco Alviz,35,27,77.14,3,0,3,20,1,6,3,2,4,0
3825871,Giedrius Arlauskis,27,14,51.85,0,0,0,0,0,3,0,0,0,0
3825871,Raúl Lizoáin Cruz,32,20,62.5,0,0,0,0,0,4,0,0,0,0
3825871,Joan Jordán Moreno,38,35,92.11,1,0,1,26,1,3,3,2,0,3
3825871,Mamadou Sylla Diallo,4,4,100.0,0,0,1,19,0,0,2,0,2,3
3825871,Hernán Daniel Santana Trujillo,33,29,87.88,0,0,1,3,1,4,0,0,1,0
3825871,Salvador Sevilla López,16,15,93.75,0,0,0,12,0,3,1,0,0,1
3825871,Mubarak Wakaso,20,18,90.0,3,1,3,5,1,5,1,0,0,1
3825871,Juan Carlos Valerón Santana,30,29,96.67,0,0,0,3,0,0,0,0,1,0
3825896,Giuseppe Rossi,14,12,85.71,0,0,0,8,0,1,3,1,1,1
3825896,Deyverson Brum Silva Acosta,18,10,55.56,6,0,1,17,0,5,7,1,2,1
3825896,Simão Mate,46,39,84.78,0,0,0,14,2,10,6,2,3,5
3825896,Carl Medjani,36,28,77.78,0,0,0,4,1,1,2,0,0,0
3825896,Jefferson Andrés Lerma Solís,52,38,73.08,0,0,1,7,1,5,1,2,0,1
3825896,Jean-Sylvain Claude Babin,27,24,88.89,0,0,0,1,0,2,6,2,0,0
3825896,Ricardo Miguel Moreira da Costa,44,36,81.82,0,0,0,4,1,1,4,1,0,1
3825896,Abdoulaye Doucouré,47,42,89.36,1,0,3,25,2,6,0,0,2,0
3825896,José Antonio García Rabasco,57,42,73.68,1,0,0,8,2,4,1,2,0,1
3825896,Juan Isaac Cuenca López,26,20,76.92,2,0,1,6,2,3,2,0,1,0
3825896,Cristiano Biraghi,41,24,58.54,0,0,0,7,3,2,4,1,0,4
3825896,Diego Mariño Villar,25,19,76.0,0,0,0,1,0,3,0,0,0,0
3825896,David Rodríguez Lombán,50,41,82.0,0,0,0,7,1,3,2,1,0,0
3825896,Isaac Ajayi Success,27,16,59.26,2,1,6,10,0,2,8,0,0,2
3825896,Lucas Alfonso Orbán Alegre,28,20,71.43,0,0,0,11,0,1,3,1,3,1
3825896,José Luis Morales Nogales,24,16,66.67,2,0,3,8,0,5,1,0,1,0
3825896,Rubén Rochina Naixes,22,17,77.27,3,1,3,9,0,6,3,0,1,1
3825896,Rubén Salvador Pérez Del Mármol,38,31,81.58,0,0,0,12,2,5,1,2,0,2
3825896,Andrés Eduardo Fernández Moreno,37,16,43.24,0,0,0,0,0,8,0,0,0,0
3825896,Youssef El-Arabi,19,17,89.47,5,3,1,17,0,2,7,1,2,5
3825896,David Navarro Pedrós,15,14,93.33,0,0,0,1,0,2,2,1,0,0
3825896,Joan Verdú Fernández,51,41,80.39,1,0,1,5,1,5,0,0,3,1
3825896,Víctor Camarasa Ferrando,28,25,89.29,2,0,0,3,0,3,0,1,1,0
3825896,Mauricio Andrés Cuero Castillo,19,14,73.68,1,0,4,2,0,0,1,0,2,0
3825896,Adalberto Peñaranda Maestre,5,2,40.0,0,0,3,8,0,3,4,0,2,2
3825896,Rene Krhin,8,7,87.5,0,0,0,2,2,0,0,0,0,0
3825896,Rubén García Santos,8,8,100.0,1,1,2,3,0,2,1,0,0,0
3825896,Francisco Manuel Rico Castro,8,6,75.0,0,0,1,5,0,0,2,0,1,0
3825841,Álvaro Vázquez García,14,10,71.43,1,1,2,10,1,1,5,1,1,1
3825841,Emiliano Buendía,30,24,80.0,1,0,1,29,0,5,8,2,1,4
3825841,Mehdi Lacen,43,37,86.05,0,0,1,15,2,4,3,5,3,1
3825841,Roberto Lago Soto,3,3,100.0,0,0,0,2,0,0,3,0,0,0
3825841,Carlos Alberto Vela Garrido,34,24,70.59,3,1,8,8,0,2,1,0,3,0
3825841,Juan Antonio Rodríguez Villamuela,36,29,80.56,0,0,0,8,3,4,3,1,0,1
3825841,Santiago Vergini,30,24,80.0,0,0,0,14,3,1,1,2,0,2
3825841,Mikel Oyarzabal Ugarte,39,31,79.49,1,0,3,17,0,7,3,0,1,2
3825841,Carlos Martín Vigaray,43,32,74.42,0,0,1,25,3,1,4,4,1,2
3825841,David Zurutuza Veillet,59,47,79.66,0,0,1,24,6,6,7,1,2,1
3825841,Moisés Gómez Bordonado,34,25,73.53,1,0,5,19,2,8,4,3,0,0
3825841,Pablo Sarabia García,36,24,66.67,2,1,6,21,1,4,3,3,4,2
3825841,Aritz Elustondo Irribaria,61,51,83.61,0,0,3,18,8,5,6,3,2,1
3825841,Diego Antonio Reyes Rosales,60,51,85.0,0,0,2,8,2,4,3,1,0,0
3825841,Íñigo Martínez Berridi,59,52,88.14,4,0,1,9,1,7,4,4,1,1
3825841,Rubén Pardo Gutiérrez,28,23,82.14,0,0,1,18,1,1,6,1,1,1
3825841,Álvaro Medrán Just,42,33,78.57,2,0,5,18,5,8,8,1,1,5
3825841,Markel Bergara Larrañaga,46,40,86.96,1,0,0,14,2,6,3,1,2,1
3825841,Jonathas Cristian de Jesus,17,13,76.47,1,0,2,9,0,1,5,0,1,2
3825841,Oier Olazábal Paredes,39,26,66.67,0,0,0,1,0,2,0,0,0,1
3825841,Alberto De La Bella Madureño,72,54,75.0,0,0,0,13,0,4,3,1,4,3
3825841,Vicente Guaita Panadero,32,13,40.62,0,0,0,0,0,3,0,0,0,0
3825841,Miguel Ángel Muñoz Alonso,33,28,84.85,0,0,1,15,7,0,7,4,2,1
3825841,Esteban Félix Granero Molina,22,14,63.64,3,0,1,7,0,4,3,0,1,1
3825841,Armindo Tué Na Bangna,12,8,66.67,2,0,3,4,1,1,0,1,1,0
3825841,Stefan Šćepović,11,8,72.73,0,0,0,3,0,2,4,0,0,0
3825841,Xabier Prieto Argarate,4,3,75.0,0,0,0,3,0,1,1,0,0,0
3825841,Víctor Rodríguez Romero,8,7,87.5,0,0,0,2,0,0,1,1,0,0
3825843,Duje Čop,31,20,64.52,1,0,1,10,1,1,6,1,0,3
3825843,Charles Días Barbosa de Oliveira,25,16,64.0,1,0,2,11,0,3,6,1,2,2
3825843,Weligton Róbson Pena de Oliveira,43,30,69.77,0,0,0,14,0,3,3,0,1,2
3825843,Diego Javier Llorente Ríos,31,23,74.19,1,0,0,10,4,3,8,2,1,2
3825843,José Luis García del Pozo,34,29,85.29,0,0,2,20,0,2,8,0,1,3
3825843,José Raúl Baena Urdiales,43,36,83.72,1,1,0,13,4,6,6,1,4,3
3825843,Pablo Hernández Domínguez,32,22,68.75,1,0,1,24,3,1,6,4,3,1
3825843,Javier Guerra Rodríguez,21,17,80.95,2,0,0,7,0,4,7,0,2,0
3825843,Ignacio Camacho Barnola,50,37,74.0,0,0,1,22,3,9,5,4,0,3
3825843,Raúl Albentosa Redal,35,26,74.29,1,0,0,8,0,3,6,1,0,1
3825843,Nicolás Ladislao Fedor Flores,19,14,73.68,0,0,4,26,0,2,12,3,3,2
3825843,Roberto Trashorras Gayoso,50,35,70.0,0,0,1,24,1,7,4,4,4,2
3825843,Juan Pablo Añor Acosta,34,26,76.47,3,0,4,22,3,7,3,3,2,1
3825843,Roberto Román Triguero,38,34,89.47,0,0,2,17,3,4,3,1,0,1
3825843,Adrián Embarba Blázquez,32,23,71.88,2,0,3,18,1,5,6,1,1,0
3825843,Francisco Guillermo Ochoa Magaña,20,14,70.0,0,0,0,0,0,4,0,0,0,0
3825843,Juan Carlos Martín Corral,50,28,56.0,0,0,0,0,0,6,0,0,1,0
3825843,Roberto José Rosales Altuve,50,40,80.0,0,0,2,13,2,5,5,4,1,4
3825843,Joaquín José Marín Ruiz,29,23,79.31,2,0,0,23,0,4,10,4,2,1
3825843,Federico Ricca Rostagnol,53,37,69.81,1,1,0,13,2,6,4,2,1,2
3825843,Gonzalo Castro Irizábal,40,22,55.0,5,0,3,5,2,9,1,1,3,0
3825843,José Eduardo Rosa Vale de Castro,20,15,75.0,0,0,0,7,0,3,1,0,0,0
3825843,Antonio Amaya Carazo,14,10,71.43,1,0,0,0,1,1,2,0,0,0
3825843,Jozabed Sánchez Ruiz,5,3,60.0,0,0,0,10,0,1,1,0,1,0
3825843,Christian Atsu Twasam,10,8,80.0,0,0,1,3,0,0,0,0,2,0
3825843,Alberto Mateus Contreiras Gonçalves,6,4,66.67,1,0,0,5,0,0,5,0,0,1
3825843,Ricardo Jorge Luz Horta,4,4,100.0,0,0,0,1,0,0,0,0,0,1
3825843,Roque Luis Santa Cruz Cantero,5,5,100.0,0,0,1,3,0,2,1,0,0,1
3825839,Carlos Carmona Bonet,38,29,76.32,0,0,1,20,2,4,3,2,1,4
3825839,Alen Halilović,34,22,64.71,3,0,4,11,0,5,0,1,4,0
3825839,Sergio Álvarez Díaz,34,24,70.59,0,0,2,21,4,10,5,5,0,2
3825839,Arnaldo Antonio Sanabria Ayala,25,14,56.0,2,0,1,19,1,1,6,1,2,1
3825839,Mariano Ferreira Filho,39,30,76.92,0,0,2,2,3,2,4,4,0,0
3825839,Jorge Andújar Moreno,45,31,68.89,3,0,2,14,0,5,1,4,1,2
3825839,Vicente Iborra De La Fuente,27,16,59.26,2,1,1,10,0,5,1,3,2,3
3825839,Jorge Meré Pérez,30,29,96.67,0,0,1,12,1,5,8,2,2,0
3825839,Iván Cuéllar Sacristán,34,21,61.76,0,0,0,0,0,3,0,0,0,0
3825839,Adil Rami,29,25,86.21,0,0,1,1,0,1,0,3,0,0
3825839,Ignacio Cases Mora,49,40,81.63,1,0,1,21,2,10,5,1,2,0
3825839,Ismael López Blanco,44,33,75.0,2,1,2,6,3,4,4,3,0,0
3825839,Fernando Llorente Torres,26,18,69.23,3,0,5,8,1,1,0,2,0,2
3825839,Luis Hernández Rodríguez,52,42,80.77,0,0,0,9,5,5,2,0,1,0
3825839,Alberto Lora Ramos,64,50,78.12,1,0,1,12,3,5,2,4,2,3
3825839,Yevhen Konoplyanka,52,36,69.23,5,0,4,2,2,5,0,2,1,1
3825839,Grzegorz Krychowiak,55,47,85.45,2,0,0,12,2,8,5,3,2,0
3825839,Sebastián Carlos Cristóforo Pepe,45,41,91.11,2,0,1,16,0,5,7,0,2,4
3825839,Sergio Escudero Palomo,56,41,73.21,0,0,2,15,2,4,4,3,1,4
3825839,Jonathan Rodríguez Menéndez,29,18,62.07,2,0,4,7,3,1,3,1,0,1
3825839,Sergio Rico González,40,31,77.5,0,0,0,0,0,6,0,0,0,0
3825839,Daniel Filipe Martins Carriço,44,37,84.09,1,0,1,7,5,2,4,1,0,1
3825839,Timothée Kolodziejczak,21,20,95.24,0,0,0,6,0,1,3,1,0,0
3825839,Daniel Arnaud N''Di	,17,11,64.71,1,0,0,4,1,2,3,0,0,0
3825839,Steven N''Kemboanza Mike Christopher Nzonzi,19,18,94.74,0,0,0,3,1,2,2,0,0,0
3825839,Éver Maximiliano David Banega,22,15,68.18,0,0,4,3,1,4,1,1,2,0
3825839,Carlos Castro García,5,3,60.0,1,0,1,4,0,1,2,0,0,0
3825839,Rachid Aït-Atmane,5,3,60.0,1,0,0,1,0,1,0,1,0,0
3825838,Saúl Ñíguez Esclapez,30,23,76.67,2,0,5,19,4,9,8,4,2,2
3825838,Thomas Teye Partey,27,16,59.26,2,0,0,8,2,3,5,1,0,2
3825838,Jorge Resurrección Merodio,67,47,70.15,0,0,2,19,1,4,3,1,1,0
3825838,Filipe Luís Kasmirski,46,34,73.91,0,0,8,16,7,3,8,3,2,0
3825838,Antoine Griezmann,41,36,87.8,0,0,2,19,1,3,1,1,1,1
3825838,Gorka Iraizoz Moreno,45,35,77.78,0,0,0,0,0,7,0,0,0,0
3825838,Xabier Etxeita Gorritxategi,75,70,93.33,0,0,0,4,1,1,2,0,0,0
3825838,Eneko Bóveda Altube,99,89,89.9,0,0,2,8,5,5,2,0,0,0
3825838,Mikel San José Domínguez,95,88,92.63,2,0,2,21,1,6,7,3,0,2
3825838,Diego Roberto Godín Leal,6,1,16.67,0,0,0,1,1,2,0,0,0,0
3825838,Óscar de Marcos Arana,92,65,70.65,0,0,5,24,1,10,8,1,2,1
3825838,Iker Muniain Goñi,31,28,90.32,1,0,1,8,0,1,2,1,1,1
3825838,Juan Francisco Torres Belén,44,28,63.64,0,0,1,9,2,4,2,3,0,0
3825838,Borja Viguera Manzanares,26,19,73.08,1,0,0,14,1,1,3,0,0,0
3825838,Stefan Savić,20,15,75.0,0,0,0,4,1,1,6,0,1,0
3825838,Fernando José Torres Sanz,11,8,72.73,1,1,2,20,0,3,3,3,2,2
3825838,Beñat Etxebarria Urkiaga,74,61,82.43,2,0,2,15,5,9,5,5,2,1
3825838,Mikel Balenziaga Oruesagasti,86,72,83.72,0,0,0,13,1,9,5,2,1,1
3825838,Markel Susaeta Laskurain,28,16,57.14,0,0,5,18,0,8,4,1,1,1
3825838,Raúl García Escudero,41,28,68.29,5,0,2,21,2,7,10,1,1,3
3825838,Jan Oblak,31,16,51.61,0,0,0,0,0,3,0,0,1,0
3825838,Augusto Matías Fernández,42,30,71.43,1,0,1,18,7,10,9,0,0,1
3825838,Lucas Hernández Pi,21,17,80.95,0,0,0,11,1,0,5,1,1,0
3825838,Iñaki Williams Arthuer,14,10,71.43,1,0,0,6,0,1,1,0,0,1
3825838,Yannick Ferreira Carrasco,8,6,75.0,2,0,3,7,1,3,2,2,0,2
3825838,Ander Iturraspe Derteano,28,25,89.29,0,0,0,6,1,3,2,1,1,1
3825838,Íñigo Lekue Martínez,11,9,81.82,1,0,0,6,0,3,3,1,0,0
3825840,Francisco Alcácer García,19,14,73.68,4,3,0,12,0,2,3,3,0,0
3825840,Daniel Parejo Muñoz,69,59,85.51,2,0,2,21,3,3,3,3,3,1
3825840,Shkodran Mustafi,61,48,78.69,0,0,1,9,1,2,6,2,0,0
3825840,Aymen Abdennour,52,42,80.77,0,0,0,7,0,4,2,4,0,3
3825840,Guilherme Magdalena Siqueira,21,19,90.48,0,0,1,4,0,1,0,2,0,0
3825840,João Pedro Cavaco Cancelo,62,49,79.03,1,1,6,11,2,8,3,2,1,1
3825840,Gonzalo Escalante,44,36,81.82,1,0,0,27,1,2,1,1,2,3
3825840,Santiago Mina Lorenzo,26,23,88.46,0,0,4,24,1,2,4,4,1,2
3825840,André Filipe Tavares Gomes,40,33,82.5,1,0,1,10,0,3,2,2,2,2
3825840,Sergio Gontán Gallardo,43,28,65.12,1,0,2,34,1,5,4,1,2,1
3825840,Diego Alves Carreira,30,21,70.0,0,0,0,0,0,3,0,0,0,0
3825840,Ander Capa Rodríguez,61,50,81.97,1,0,4,15,2,6,3,1,1,1
3825840,Jon Ansotegi Gorostola,32,25,78.12,0,0,0,6,1,0,3,0,1,0
3825840,Asier Riesgo Unamuno,36,21,58.33,0,0,0,0,0,5,0,0,0,0
3825840,Adrián González Morales,48,32,66.67,3,0,2,9,2,6,6,4,1,1
3825840,Javier Fuego Martínez,62,51,82.26,0,0,1,28,1,5,6,4,1,1
3825840,Borja González Tomás,18,16,88.89,0,0,0,27,2,2,10,4,0,0
3825840,Daniel García Carrillo,69,54,78.26,0,0,1,21,1,3,3,2,1,3
3825840,Rodrigo Moreno Machado,42,31,73.81,1,0,3,11,1,1,2,4,0,1
3825840,David Juncà Reñé,25,21,84.0,0,0,1,8,3,2,0,2,0,0
3825840,Iván Ramis Barrios,38,33,86.84,0,0,0,3,1,3,2,0,0,0
3825840,Takashi Inui,43,35,81.4,2,0,3,17,1,5,6,0,2,0
3825840,José Luis Gayà Peña,42,39,92.86,0,0,1,12,1,2,3,2,1,0
3825840,Manuel Castellano Castro,35,29,82.86,0,0,0,4,2,0,2,2,1,0
3825840,Enzo Nicolás Pérez,15,13,86.67,0,0,2,7,2,2,2,1,0,0
3825840,Sergio Enrich Ametller,10,8,80.0,1,0,1,5,0,2,3,0,1,0
3825840,Álvaro Negredo Sánchez,8,4,50.0,0,0,1,5,0,2,0,0,0,1
3825840,Mauro Javier Dos Santos,14,12,85.71,0,0,0,0,0,0,2,0,0,0
3825837,Rubén Castro Martín,18,15,83.33,6,0,1,8,0,1,0,0,1,1
3825837,Bruno González Cabrera,49,44,89.8,1,0,0,16,2,5,4,0,1,3
3825837,Joaquín Sánchez Rodríguez,59,45,76.27,2,0,2,12,2,5,5,1,0,1
3825837,José Vicente Gómez Umpiérrez,55,50,90.91,0,0,3,16,0,3,3,0,5,2
3825837,Jerónimo Figueroa Cabrera,42,36,85.71,0,0,6,12,3,3,2,0,0,0
3825837,Petros Matheus dos Santos Araújo,51,45,88.24,2,0,1,35,1,9,4,1,4,7
3825837,Javier Garrido Behovide,58,48,82.76,0,0,0,9,0,4,4,2,2,0
3825837,Foued Kadir,33,22,66.67,2,0,2,10,0,6,3,3,0,0
3825837,Pedro Taunausú Domínguez Placeres,30,27,90.0,0,0,2,6,0,3,2,0,1,0
3825837,Pedro Bigas Rigo,54,47,87.04,0,0,0,10,2,3,5,6,0,0
3825837,Raúl Lizoáin Cruz,51,33,64.71,0,0,0,0,0,3,0,0,1,0
3825837,Willian José da Silva,22,12,54.55,0,0,3,11,1,4,11,1,3,2
3825837,Germán Alejandro Pezzella,38,28,73.68,1,0,0,12,2,6,7,1,1,0
3825837,Aythami Artiles Oliva,43,40,93.02,0,0,1,1,0,2,2,0,0,2
3825837,Ángel Montoro Sánchez,64,50,78.12,1,0,2,12,1,4,2,1,2,1
3825837,David García Santana,51,44,86.27,0,0,0,12,1,1,2,2,1,1
3825837,Daniel Ceballos Fernández,63,55,87.3,1,0,3,18,2,3,4,2,5,0
3825837,Francisco José Perdomo Borges,18,15,83.33,1,0,2,10,3,3,1,1,0,1
3825837,Antonio Adán Garrido,21,9,42.86,0,0,0,0,0,3,0,0,0,0
3825837,Alfred John Momar N''Diaye,49,46,93.88,2,0,1,15,2,8,4,2,0,1
3825837,Francisco José Molinero Calderón,28,22,78.57,0,0,1,8,0,3,2,0,0,1
3825837,Francisco Miguel Varela Martín,37,30,81.08,0,0,0,7,0,1,1,1,0,0
3825837,David Simón Rodríguez Santana,17,12,70.59,1,0,3,11,0,0,0,1,1,2
3825837,Charly Musonda Junior,9,8,88.89,2,0,4,9,0,1,3,0,2,0
3825837,Álvaro Cejudo Carmona,28,20,71.43,0,0,0,6,1,3,0,1,0,2
3825837,Ricky van Wolfswinkel,9,8,88.89,2,1,0,6,1,1,2,0,0,1
3825837,Nabil El Zhar,7,6,85.71,0,0,0,6,0,0,1,0,1,3
3825837,Hernán Daniel Santana Trujillo,5,5,100.0,0,0,0,0,0,0,1,0,0,0
3825836,Adrián López Álvarez,34,20,58.82,1,1,1,16,0,1,3,1,1,1
3825836,Leonardo Carrilho Baptistão,30,24,80.0,1,0,3,23,0,3,8,1,4,1
3825836,Jonathan dos Santos Ramírez,40,37,92.5,0,0,0,25,0,7,3,0,2,2
3825836,Adrián Marín Gómez,46,36,78.26,0,0,0,10,4,8,4,3,1,1
3825836,Diego Javier Llorente Ríos,57,48,84.21,2,0,1,21,2,8,6,0,0,1
3825836,Joaquín José Marín Ruiz,48,34,70.83,0,0,3,14,1,5,4,1,4,2
3825836,Alfonso Pedraza Sag,15,10,66.67,1,0,2,13,1,3,1,2,1,2
3825836,Pablo Hernández Domínguez,47,39,82.98,0,0,1,12,1,3,2,1,1,1
3825836,Roberto Trashorras Gayoso,92,83,90.22,0,0,1,11,2,1,3,0,3,0
3825836,José Eduardo Rosa Vale de Castro,68,60,88.24,0,0,0,13,0,2,6,2,0,1
3825836,José Ángel Crespo Rincón,60,49,81.67,0,0,0,5,3,1,3,0,1,0
3825836,Juan Carlos Martín Corral,36,28,77.78,0,0,0,0,0,4,0,0,0,0
3825836,Tiago Manuel Dias Correia,33,19,57.58,5,0,4,7,0,5,3,1,1,1
3825836,Mario Gaspar Pérez Martínez,49,31,63.27,1,0,0,14,2,2,8,6,0,3
3825836,Denis Suárez Fernández,30,13,43.33,1,0,2,15,3,1,1,2,0,1
3825836,Roberto Román Triguero,70,64,91.43,0,0,0,15,0,4,4,4,3,2
3825836,Alphonse Areola,28,16,57.14,0,0,0,0,0,4,0,0,0,0
3825836,Eric Bertrand Bailly,22,19,86.36,1,0,2,7,0,6,2,2,1,1
3825836,Víctor Ruíz Torre,32,20,62.5,0,0,0,10,1,5,2,4,1,1
3825836,Manuel Trigueros Muñoz,33,21,63.64,1,0,1,25,1,3,4,1,2,1
3825836,Nicolás Ladislao Fedor Flores,31,22,70.97,3,1,4,28,0,4,9,1,2,3
3825836,Javier Guerra Rodríguez,19,15,78.95,4,1,2,19,1,3,9,1,1,2
3825836,Antonio Amaya Carazo,30,27,90.0,0,0,0,6,2,3,0,0,0,1
3825836,Matías Nahuel Leiva Esquivel,12,8,66.67,0,0,1,6,0,2,2,0,0,2
3825836,Cédric Bakambu,7,4,57.14,0,0,1,9,0,1,1,0,1,1
3825836,Jozabed Sánchez Ruiz,19,18,94.74,0,0,0,3,0,1,1,0,1,0
3825836,Rodrigo Hernández Cascante,12,9,75.0,0,0,0,5,1,0,1,3,0,0
3825836,Alberto Mateus Contreiras Gonçalves,4,3,75.0,0,0,0,3,0,1,2,0,0,1
3825835,Charles Días Barbosa de Oliveira,27,15,55.56,3,0,0,8,1,3,9,3,1,4
3825835,Duje Čop,15,9,60.0,1,0,3,6,0,2,3,1,0,1
3825835,Weligton Róbson Pena de Oliveira,32,25,78.12,0,0,1,7,1,5,2,0,1,0
3825835,Raúl Albentosa Redal,38,30,78.95,3,0,0,10,1,7,4,0,0,1
3825835,Juan Pablo Añor Acosta,28,17,60.71,6,0,5,25,2,9,7,2,3,2
3825835,Mikel Balenziaga Oruesagasti,50,36,72.0,0,0,2,18,2,7,3,3,0,3
3825835,Carlos Gurpegi Nausia,34,29,85.29,0,0,0,5,3,2,5,2,1,2
3825835,Eneko Bóveda Altube,54,37,68.52,0,0,0,19,1,8,6,2,0,1
3825835,Federico Ricca Rostagnol,62,45,72.58,1,0,0,8,2,7,7,2,0,0
3825835,Gonzalo Castro Irizábal,45,31,68.89,2,0,3,17,1,6,4,2,2,0
3825835,Iker Muniain Goñi,27,23,85.19,0,0,3,14,0,3,4,2,3,1
3825835,José Luis García del Pozo,26,15,57.69,1,0,1,19,4,3,1,1,2,2
3825835,Ander Iturraspe Derteano,44,35,79.55,0,0,0,17,5,2,5,5,1,0
3825835,Íñigo Lekue Martínez,19,9,47.37,1,0,3,11,2,4,8,2,2,0
3825835,Mikel San José Domínguez,48,38,79.17,0,0,0,6,2,5,3,1,0,0
3825835,Ignacio Camacho Barnola,48,31,64.58,1,0,0,21,3,10,6,0,2,3
3825835,Mikel Rico Moreno,55,38,69.09,1,0,4,23,1,12,6,6,2,1
3825835,Miguel Torres Gómez,51,37,72.55,0,0,1,8,0,6,4,2,1,2
3825835,Raúl García Escudero,38,19,50.0,1,1,0,22,0,5,6,3,4,4
3825835,Borja Viguera Manzanares,27,19,70.37,3,0,2,16,0,4,6,3,0,1
3825835,Francisco Guillermo Ochoa Magaña,32,13,40.62,0,0,0,0,0,4,0,0,0,0
3825835,Gorka Iraizoz Moreno,37,20,54.05,0,0,0,0,0,6,0,0,0,0
3825835,Pablo Fornals Malla,22,15,68.18,0,0,0,5,0,0,2,1,0,0
3825835,Christian Atsu Twasam,6,3,50.0,0,0,1,2,0,0,2,0,1,0
3825835,Beñat Etxebarria Urkiaga,17,15,88.24,0,0,0,8,0,1,2,2,0,2
3825835,Óscar de Marcos Arana,4,4,100.0,0,0,0,3,0,3,3,0,0,0
3825835,Roque Luis Santa Cruz Cantero,5,3,60.0,0,0,0,1,0,0,1,0,0,0
3825835,Xabier Etxeita Gorritxategi,1,0,0.0,0,0,0,0,0,0,1,0,0,0
3825834,Saúl Ñíguez Esclapez,48,40,83.33,0,0,2,36,0,2,12,4,4,2
3825834,Jorge Resurrección Merodio,63,51,80.95,2,1,1,14,0,5,1,1,1,0
3825834,Stefan Savić,45,38,84.44,0,0,0,8,3,1,3,1,0,1
3825834,Antoine Griezmann,28,17,60.71,0,0,2,13,0,3,7,0,1,0
3825834,Jean-Sylvain Claude Babin,34,29,85.29,1,0,0,7,0,2,3,2,0,0
3825834,Rubén Salvador Pérez Del Mármol,53,39,73.58,0,0,1,14,3,7,2,1,0,1
3825834,Lucas Hernández Pi,51,42,82.35,0,0,0,23,2,5,7,3,2,4
3825834,Abdoulaye Doucouré,48,43,89.58,1,0,4,25,0,12,5,4,1,3
3825834,Rubén Rochina Naixes,47,32,68.09,4,0,11,8,2,6,4,0,8,3
3825834,Gabriel Fernández Arenas,79,65,82.28,0,0,0,24,1,6,8,2,1,5
3825834,Yannick Ferreira Carrasco,23,11,47.83,0,0,7,15,1,7,0,1,0,2
3825834,Diego Roberto Godín Leal,60,45,75.0,1,0,1,7,1,3,5,0,1,0
3825834,Juan Francisco Torres Belén,56,44,78.57,0,0,3,8,2,8,1,0,0,0
3825834,Andrés Eduardo Fernández Moreno,37,18,48.65,0,0,0,0,0,7,0,0,0,0
3825834,Rene Krhin,26,22,84.62,0,0,0,6,0,2,1,2,1,0
3825834,Juan Isaac Cuenca López,34,29,85.29,1,0,4,9,1,3,2,4,1,1
3825834,Jan Oblak,25,16,64.0,0,0,0,0,0,4,0,0,0,0
3825834,Adalberto Peñaranda Maestre,16,12,75.0,1,0,8,10,1,1,4,0,2,4
3825834,Fernando José Torres Sanz,18,10,55.56,3,1,2,17,0,2,7,2,1,1
3825834,Ricardo Miguel Moreira da Costa,37,31,83.78,0,0,0,7,2,5,4,4,0,1
3825834,Cristiano Biraghi,50,37,74.0,0,0,0,6,0,2,2,5,1,1
3825834,Hugo Miguel Almeida Costa Lopes,17,12,70.59,1,0,1,5,2,3,2,3,0,0
3825834,Dimitri Foulquier,10,6,60.0,0,0,1,2,2,2,1,0,0,1
3825834,Augusto Matías Fernández,26,26,100.0,0,0,1,12,0,2,3,0,0,1
3825834,Ángel Martín Correa,18,10,55.56,2,1,2,3,0,3,0,1,1,0
3825834,David Barral Torres,7,5,71.43,2,0,1,6,2,2,1,1,3,0
3825834,Francisco Manuel Rico Castro,20,19,95.0,0,0,0,2,0,0,1,0,0,0
3825834,Óliver Torres Muñoz,19,17,89.47,0,0,1,6,0,0,1,0,2,1
3825906,Fernando Llorente Torres,15,10,66.67,5,0,0,18,0,0,2,2,0,3
3825906,Éver Maximiliano David Banega,87,68,78.16,0,0,3,18,2,8,5,0,0,2
3825906,Yevhen Konoplyanka,46,29,63.04,1,0,2,11,1,2,0,0,0,1
3825906,Daniel Filipe Martins Carriço,58,51,87.93,1,0,0,5,2,6,1,0,0,1
3825906,Jorge Andújar Moreno,63,52,82.54,0,0,2,17,2,1,2,1,2,1
3825906,Vicente Iborra De La Fuente,36,30,83.33,3,1,0,8,0,2,4,1,0,2
3825906,Manuel Fernández Muñíz,41,22,53.66,0,0,0,0,0,5,0,0,0,0
3825906,Lucas Pérez Martínez,18,15,83.33,1,0,0,19,0,4,0,1,2,2
3825906,Sebastián Carlos Cristóforo Pepe,65,59,90.77,0,0,0,20,2,1,8,3,2,1
3825906,José Antonio Reyes Calderón,47,38,80.85,0,0,2,11,0,0,1,1,1,0
3825906,Fernando Navarro i Corbacho,27,20,74.07,0,0,0,3,2,2,7,1,4,1
3825906,Sergio Rico González,28,26,92.86,0,0,0,0,0,8,0,0,0,0
3825906,Timothée Kolodziejczak,55,49,89.09,0,0,1,8,3,3,2,0,0,1
3825906,Sergio Escudero Palomo,64,49,76.56,1,0,2,7,2,8,0,1,1,0
3825906,Juan Francisco Moreno Fuertes,44,32,72.73,0,0,0,5,1,9,1,4,0,0
3825906,Fayçal Fajr,44,34,77.27,2,0,2,12,2,5,5,2,1,1
3825906,Celso Borges Mora,46,36,78.26,0,0,0,11,1,2,6,3,0,1
3825906,Sidnei Rechel da Silva Júnior,49,41,83.67,0,0,2,10,6,6,7,0,2,0
3825906,Pedro Mosquera Parada,56,47,83.93,0,0,0,23,0,6,4,0,1,0
3825906,Alberto Lopo García,40,35,87.5,0,0,0,3,2,4,2,2,2,1
3825906,Luis Carlos Correia Pinto,14,9,64.29,0,0,0,6,0,2,2,1,1,1
3825906,Luis Alberto Romero Alconchel,10,4,40.0,1,0,1,9,0,2,4,0,2,0
3825906,Rubén Gracia Calmache,17,13,76.47,0,0,2,13,0,1,1,3,0,0
3825906,Oriol Riera Magem,11,6,54.55,1,1,2,7,0,2,1,2,0,2
3825906,Francisco José Sánchez Rodríguez,11,9,81.82,0,0,0,8,0,5,0,0,1,2
3825906,Juan Muñoz Muñoz,3,2,66.67,1,0,0,3,0,0,2,0,0,1
3825906,Steven N''Kemboanza Mike Christopher Nzonzi,12,10,83.33,0,0,0,3,0,0,1,0,2,0
3825906,Jonás Manuel Gutiérrez,4,3,75.0,0,0,1,2,0,0,1,1,0,0
3825897,Carlos Alberto Vela Garrido,35,28,80.0,3,0,1,8,0,2,5,0,2,0
3825897,Xabier Prieto Argarate,33,26,78.79,0,0,1,9,0,4,4,2,1,1
3825897,Yuri Berchiche Izeta,58,48,82.76,0,0,3,10,5,2,4,0,3,2
3825897,Íñigo Martínez Berridi,49,38,77.55,0,0,0,10,6,6,4,1,1,2
3825897,Diego Antonio Reyes Rosales,46,37,80.43,0,0,0,9,7,0,5,3,0,0
3825897,Aritz Elustondo Irribaria,59,48,81.36,0,0,3,12,3,7,2,1,3,2
3825897,Takashi Inui,23,15,65.22,1,0,1,12,1,1,5,1,1,1
3825897,Mikel Oyarzabal Ugarte,29,25,86.21,0,0,4,25,1,3,5,2,3,0
3825897,Antonio Manuel Luna Rodríguez,34,23,67.65,0,0,1,16,3,3,4,2,0,1
3825897,Daniel García Carrillo,50,37,74.0,0,0,0,19,0,6,8,2,0,1
3825897,Markel Bergara Larrañaga,34,27,79.41,3,0,0,14,3,5,4,3,2,0
3825897,Sergio Enrich Ametller,26,17,65.38,1,1,1,16,0,1,10,1,2,4
3825897,Gonzalo Escalante,44,32,72.73,2,1,1,26,3,7,7,1,2,2
3825897,Ander Capa Rodríguez,60,29,48.33,0,0,0,17,4,4,7,1,2,1
3825897,Sergio Gontán Gallardo,32,20,62.5,2,0,0,26,3,5,7,2,1,2
3825897,Gerónimo Rulli,48,28,58.33,0,0,2,0,0,6,0,0,0,0
3825897,Asier Illarramendi Andonegi,64,43,67.19,0,0,1,19,3,8,2,2,0,2
3825897,Asier Riesgo Unamuno,31,13,41.94,0,0,0,0,0,6,0,0,0,0
3825897,Iván Ramis Barrios,34,24,70.59,0,0,1,4,1,5,3,1,1,2
3825897,Borja González Tomás,18,14,77.78,1,0,1,20,1,3,8,1,2,1
3825897,Jon Ansotegi Gorostola,28,16,57.14,1,0,0,9,3,0,2,0,0,2
3825897,David Zurutuza Veillet,30,24,80.0,1,1,6,13,5,9,1,5,1,2
3825897,Jonathas Cristian de Jesus,10,7,70.0,0,0,0,2,0,1,2,1,0,0
3825897,David Juncà Reñé,10,4,40.0,0,0,0,8,0,0,0,0,0,2
3825897,Armindo Tué Na Bangna,7,5,71.43,0,0,1,4,0,1,0,0,0,0
3825897,Adrián González Morales,5,4,80.0,0,0,0,2,0,1,1,0,0,0
3825897,Esteban Félix Granero Molina,3,3,100.0,0,0,0,0,0,0,0,0,1,0
3825897,José Ignacio Peleteiro Ramallo,1,0,0.0,0,0,1,0,0,1,0,0,0,0
3825889,John Guidetti,21,15,71.43,4,0,2,15,0,3,5,0,2,1
3825889,Fabián Ariel Orellana Valenzuela,55,41,74.55,3,0,3,12,0,10,6,1,4,2
3825889,Carles Planas Antolínez,90,74,82.22,0,0,0,21,0,2,6,2,0,3
3825889,Nemanja Radoja,41,34,82.93,1,0,1,16,2,2,4,2,0,1
3825889,Rubén Castro Martín,29,26,89.66,4,0,3,6,0,2,2,1,2,0
3825889,Joaquín Sánchez Rodríguez,35,21,60.0,3,0,4,9,1,6,2,1,1,1
3825889,Daniel Wass,31,22,70.97,0,0,0,6,1,1,2,1,0,1
3825889,Rubén Blanco Veiga,20,15,75.0,0,0,0,0,0,3,0,0,0,0
3825889,Francisco José Molinero Calderón,27,24,88.89,0,0,0,20,3,4,5,4,0,5
3825889,Manuel Agudo Durán,67,39,58.21,4,0,5,15,0,10,2,0,5,1
3825889,Charly Musonda Junior,21,17,80.95,1,0,3,15,3,3,2,2,2,3
3825889,Petros Matheus dos Santos Araújo,31,26,83.87,0,0,1,37,0,4,12,0,4,2
3825889,Bruno González Cabrera,19,13,68.42,0,0,0,11,0,0,6,2,1,1
3825889,Martín Montoya Torralbo,32,26,81.25,0,0,2,18,3,2,6,1,2,1
3825889,Daniel Ceballos Fernández,32,25,78.12,0,0,2,21,1,4,7,3,2,2
3825889,Jonathan Castro Otto,67,60,89.55,1,0,4,16,2,10,5,1,2,2
3825889,Gustavo Daniel Cabral Cáceres,79,74,93.67,1,0,1,14,1,8,7,2,0,1
3825889,Sergi Gómez Solà,65,61,93.85,0,0,0,10,0,4,1,1,0,1
3825889,Claudio Beauvue,9,7,77.78,0,0,3,10,0,0,2,0,1,0
3825889,Antonio Adán Garrido,40,9,22.5,0,0,0,0,0,4,0,0,0,0
3825889,Alfred John Momar N''Diaye,27,23,85.19,1,1,0,23,0,6,8,1,0,2
3825889,Germán Alejandro Pezzella,20,12,60.0,0,0,0,6,3,4,5,2,0,0
3825889,Marcelo Alfonso Díaz Rojas,44,40,90.91,1,0,0,16,0,3,3,2,3,0
3825889,Iago Aspas Juncal,21,15,71.43,2,0,3,6,1,1,2,0,1,1
3825889,Álvaro Cejudo Carmona,10,3,30.0,1,0,2,8,1,1,0,0,1,3
3825889,Pedro Pablo Hernández,19,16,84.21,1,1,0,1,0,1,0,0,1,1
3825889,Xavier Torres Buigues,4,3,75.0,0,0,0,5,0,0,1,0,0,1
3825889,Francisco Portillo Soler,2,2,100.0,0,0,0,0,0,0,0,0,0,0
3825833,Karim Benzema,25,22,88.0,4,1,1,6,0,2,0,1,1,0
3825833,Francisco Román Alarcón Suárez,67,63,94.03,3,1,6,16,0,3,0,0,2,1
3825833,Toni Kroos,65,60,92.31,1,0,2,11,3,5,4,3,2,2
3825833,Daniel Carvajal Ramos,40,39,97.5,0,0,2,3,3,4,0,1,1,1
3825833,Kléper Laveran Lima Ferreira,52,46,88.46,0,0,0,9,1,5,1,2,2,1
3825833,Santiago Vergini,26,23,88.46,0,0,0,9,3,0,2,3,0,0
3825833,Juan Antonio Rodríguez Villamuela,36,32,88.89,2,0,0,15,1,1,0,1,0,0
3825833,Vicente Guaita Panadero,25,16,64.0,0,0,0,0,0,2,0,0,0,0
3825833,Stefan Šćepović,27,14,51.85,2,0,1,13,1,3,4,2,2,0
3825833,Pablo Sarabia García,48,30,62.5,6,1,2,21,1,13,0,1,2,0
3825833,Álvaro Daniel Pereira Barragán,0,0,0.0,0,0,0,2,1,0,1,0,0,0
3825833,Gareth Frank Bale,34,25,73.53,3,1,3,4,0,5,1,3,0,0
3825833,Carlos Martín Vigaray,23,22,95.65,0,0,0,7,0,6,1,2,0,1
3825833,Álvaro Vázquez García,9,9,100.0,0,0,0,16,0,1,0,1,2,3
3825833,Raphaël Varane,44,37,84.09,0,0,0,7,5,1,3,4,2,3
3825833,Cristiano Ronaldo dos Santos Aveiro,28,22,78.57,8,1,3,3,0,1,1,1,2,0
3825833,James David Rodríguez Rubio,72,59,81.94,3,1,4,14,3,6,1,1,1,0
3825833,Mehdi Lacen,18,16,88.89,0,0,0,16,0,2,5,1,1,1
3825833,Damián Nicolás Suárez Suárez,32,26,81.25,0,0,0,12,2,4,1,3,1,1
3825833,Marcelo Vieira da Silva Júnior,66,56,84.85,0,0,3,9,1,4,1,3,2,0
3825833,Pedro León Sánchez Gil,27,13,48.15,1,0,3,22,0,2,1,1,1,6
3825833,Keylor Navas Gamboa,35,34,97.14,0,0,0,0,0,11,0,0,0,1
3825833,Abdoul Karim Yoda,42,37,88.1,0,0,2,19,1,2,3,2,0,0
3825833,José Ignacio Fernández Iglesias,19,17,89.47,0,0,0,9,2,2,3,3,0,1
3825833,Emiliano Buendía,20,15,75.0,2,0,2,9,1,3,1,1,1,2
3825833,Lucas Vázquez Iglesias,20,17,85.0,0,0,0,10,0,4,1,0,0,0
3825833,Moisés Gómez Bordonado,21,20,95.24,0,0,0,3,0,2,2,2,0,1
3825833,Jesé Rodríguez Ruiz,7,7,100.0,0,0,0,2,0,0,0,0,0,1
3825857,Deyverson Brum Silva Acosta,29,13,44.83,2,0,1,16,0,2,11,0,3,1
3825857,Giuseppe Rossi,19,16,84.21,3,1,3,12,0,4,6,2,1,1
3825857,José Antonio García Rabasco,49,39,79.59,0,0,3,14,0,6,3,0,1,2
3825857,Juan Francisco García García,62,42,67.74,0,0,1,7,0,5,4,0,3,1
3825857,Óscar Esau Duarte Gaitán,43,32,74.42,0,0,0,4,1,5,3,3,0,2
3825857,Jefferson Andrés Lerma Solís,48,35,72.92,1,0,1,6,0,5,3,2,0,1
3825857,José Luis Morales Nogales,32,22,68.75,2,0,5,18,3,5,2,2,0,2
3825857,Javier López Rodríguez,47,33,70.21,0,0,0,16,1,6,8,0,0,1
3825857,Álvaro González Soberón,48,34,70.83,1,0,0,4,3,7,2,2,1,0
3825857,Pau López Sabata,26,7,26.92,0,0,0,0,0,2,0,0,0,0
3825857,Felipe Salvador Caicedo Corozo,13,10,76.92,1,0,0,8,0,0,12,0,2,1
3825857,Carl Medjani,35,26,74.29,1,1,0,7,1,2,4,1,1,1
3825857,David Navarro Pedrós,41,33,80.49,0,0,0,3,1,2,0,5,0,1
3825857,Papa Kouly Diop,35,28,80.0,0,0,0,13,1,13,9,0,3,3
3825857,Diego Mariño Villar,34,22,64.71,0,0,0,0,0,5,0,0,2,0
3825857,Rubén Duarte Sánchez,31,22,70.97,1,0,0,11,1,1,9,3,2,1
3825857,Marco Asensio Willemsen,26,18,69.23,0,0,1,10,2,2,1,0,0,1
3825857,Joan Verdú Fernández,40,33,82.5,0,0,1,8,1,6,6,0,0,0
3825857,Víctor Sánchez Mata,39,27,69.23,1,0,1,20,3,5,13,0,1,0
3825857,Hernán Arsenio Pérez González,44,32,72.73,2,1,8,11,1,10,1,2,3,4
3825857,Abraham González Casanova,35,28,80.0,1,0,0,17,1,2,5,3,0,3
3825857,Pedro López Muñoz,33,26,78.79,1,0,1,6,0,7,3,0,2,0
3825857,Mauricio Andrés Cuero Castillo,7,3,42.86,2,0,4,6,1,2,2,0,1,1
3825857,Gerard Moreno Balaguero,4,2,50.0,1,0,0,4,0,0,1,0,0,0
3825857,Simão Mate,9,5,55.56,0,0,0,5,1,2,1,0,0,1
3825857,Jorge Franco Alviz,9,6,66.67,2,0,0,0,1,1,0,0,0,0
3825857,Enzo Pablo Roco Roco,4,4,100.0,0,0,0,1,0,0,1,0,0,0
3825857,Víctor Camarasa Ferrando,2,1,50.0,0,0,2,1,0,1,0,0,1,0
3825863,Sergio Ezequiel Araújo,26,20,76.92,2,2,3,16,0,2,10,1,0,3
3825863,Jonathan Viera Ramos,75,67,89.33,3,0,1,13,1,4,3,3,0,1
3825863,Roque Mesa Quevedo,91,79,86.81,2,0,2,6,2,11,2,3,2,0
3825863,Dani Castellano Betancor,59,53,89.83,0,0,1,13,5,5,5,1,0,2
3825863,Mauricio Lemos Merladet,52,47,90.38,1,0,1,5,2,3,4,2,0,2
3825863,David García Santana,66,55,83.33,2,1,1,4,1,4,2,1,1,0
3825863,Francisco José Perdomo Borges,24,18,75.0,1,0,3,11,2,4,3,1,0,0
3825863,Rubén Gracia Calmache,16,14,87.5,0,0,0,12,2,2,2,0,1,0
3825863,Pedro Taunausú Domínguez Placeres,55,49,89.09,0,0,2,13,2,4,4,1,3,0
3825863,Fernando Navarro i Corbacho,30,25,83.33,1,0,0,12,3,5,2,2,1,3
3825863,Celso Borges Mora,52,42,80.77,1,0,3,16,5,3,12,1,2,1
3825863,Lucas Pérez Martínez,39,28,71.79,3,1,1,16,0,2,1,0,1,2
3825863,Luis Alberto Romero Alconchel,34,23,67.65,2,0,0,23,1,6,6,1,0,0
3825863,Javier Varas Herrera,44,28,63.64,0,0,0,0,0,6,0,0,1,0
3825863,Sidnei Rechel da Silva Júnior,33,25,75.76,1,0,0,5,2,2,1,1,1,0
3825863,Federico Nicolás Cartabia,28,22,78.57,2,0,1,36,2,5,10,8,3,0
3825863,Jerónimo Figueroa Cabrera,69,59,85.51,1,0,2,1,3,6,1,0,1,0
3825863,Aythami Artiles Oliva,66,62,93.94,1,0,0,6,2,0,0,1,0,1
3825863,Pedro Mosquera Parada,46,35,76.09,1,0,1,27,3,5,1,0,0,3
3825863,Manuel Fernández Muñíz,21,12,57.14,0,0,0,0,0,1,0,0,0,0
3825863,Juan Francisco Moreno Fuertes,53,39,73.58,5,0,2,7,2,13,3,0,0,0
3825863,Alberto Lopo García,33,24,72.73,2,0,0,6,2,5,2,1,0,0
3825863,Fayçal Fajr,20,10,50.0,0,0,0,3,0,0,0,0,0,0
3825863,Juan Carlos Valerón Santana,19,16,84.21,0,0,2,0,0,0,2,0,0,0
3825863,Jonathan Javier Rodríguez Portillo,7,5,71.43,1,0,0,2,0,1,3,0,0,0
3825863,Nabil El Zhar,3,3,100.0,0,0,0,2,0,0,0,0,0,0
3825863,José Vicente Gómez Umpiérrez,4,4,100.0,0,0,0,3,0,1,2,0,1,0
3825829,Javier Guerra Rodríguez,28,21,75.0,7,0,3,19,0,6,5,1,4,0
3825829,Nicolás Ladislao Fedor Flores,27,19,70.37,1,0,3,27,1,3,5,4,0,0
3825829,Roberto Trashorras Gayoso,85,75,88.24,0,0,0,17,1,4,6,0,0,1
3825829,José Ángel Crespo Rincón,52,44,84.62,0,0,0,20,0,3,9,4,0,1
3825829,Eneko Bóveda Altube,50,41,82.0,0,0,1,19,2,6,8,4,0,1
3825829,Tiago Manuel Dias Correia,39,22,56.41,1,0,8,18,1,5,6,3,2,1
3825829,Xabier Etxeita Gorritxategi,32,23,71.88,0,0,0,7,2,0,3,3,0,2
3825829,Óscar de Marcos Arana,53,43,81.13,0,0,4,19,2,4,10,1,0,2
3825829,José Raúl Baena Urdiales,44,37,84.09,0,0,1,21,1,7,4,1,2,2
3825829,Raúl García Escudero,39,24,61.54,4,0,4,34,1,2,3,3,4,2
3825829,Ander Iturraspe Derteano,47,35,74.47,0,0,1,13,0,8,5,2,2,1
3825829,Iñaki Williams Arthuer,15,10,66.67,3,1,1,11,0,3,2,4,3,0
3825829,José Ignacio Martínez García,51,34,66.67,0,0,0,9,1,2,6,3,0,1
3825829,Pablo Hernández Domínguez,69,54,78.26,1,0,2,16,2,7,2,3,0,0
3825829,Iker Muniain Goñi,40,36,90.0,4,0,4,13,0,12,3,0,5,0
3825829,Íñigo Lekue Martínez,45,36,80.0,1,0,4,22,2,5,4,2,0,1
3825829,Gorka Iraizoz Moreno,56,32,57.14,0,0,0,0,0,9,0,0,0,0
3825829,José Eduardo Rosa Vale de Castro,77,60,77.92,0,0,0,6,2,11,6,1,0,3
3825829,Juan Carlos Martín Corral,38,33,86.84,0,0,0,0,0,3,0,0,0,0
3825829,Mikel Rico Moreno,25,18,72.0,1,0,2,6,2,6,0,0,0,0
3825829,Markel Susaeta Laskurain,16,9,56.25,1,0,5,15,0,4,5,2,0,0
3825829,Joaquín José Marín Ruiz,53,38,71.7,1,0,0,15,0,3,2,2,1,4
3825829,Aritz Aduriz Zubeldia,11,5,45.45,0,0,6,2,0,2,0,0,0,0
3825829,Beñat Etxebarria Urkiaga,14,12,85.71,0,0,0,9,0,1,0,1,1,1
3825829,Mikel San José Domínguez,4,2,50.0,0,0,0,9,0,1,3,1,0,2
3825829,Adrián Embarba Blázquez,19,15,78.95,0,0,0,6,0,2,0,0,3,3
3825829,Alberto Mateus Contreiras Gonçalves,2,1,50.0,1,0,0,0,0,1,0,0,0,0
3825830,Henok Goitom,22,13,59.09,4,0,0,11,1,3,10,1,1,1
3825830,Mehdi Lacen,50,38,76.0,0,0,1,21,0,9,7,2,1,2
3825830,Álvaro Medrán Just,37,30,81.08,3,0,0,16,3,5,8,3,0,1
3825830,Álvaro Daniel Pereira Barragán,69,46,66.67,0,0,1,22,5,2,5,4,0,1
3825830,Juan Torres Ruiz,39,32,82.05,1,0,0,18,5,3,4,3,4,4
3825830,Juan Antonio Rodríguez Villamuela,38,27,71.05,0,0,0,8,7,3,3,2,0,1
3825830,Damián Nicolás Suárez Suárez,46,40,86.96,0,0,1,15,2,5,6,3,0,2
3825830,Pedro León Sánchez Gil,30,17,56.67,3,0,4,11,0,5,5,3,0,0
3825830,Denis Suárez Fernández,50,39,78.0,2,1,4,6,1,8,3,5,0,0
3825830,Tomás Pina Isla,47,36,76.6,0,0,0,9,5,7,8,2,0,1
3825830,Eric Bertrand Bailly,36,28,77.78,0,0,0,3,0,5,4,2,1,0
3825830,Emiliano Buendía,17,16,94.12,0,0,2,20,0,4,5,5,1,0
3825830,Sergio Asenjo Andrés,28,15,53.57,0,0,0,0,0,3,0,0,0,0
3825830,Pablo Sarabia García,44,30,68.18,4,0,2,30,1,9,2,2,0,1
3825830,Bruno Soriano Llido,48,44,91.67,0,0,0,3,3,8,4,2,1,1
3825830,Samuel Castillejo Azuaga,34,21,61.76,2,0,3,9,0,8,2,1,2,0
3825830,Leonardo Carrilho Baptistão,28,20,71.43,1,0,5,14,0,4,5,2,4,3
3825830,Adrián López Álvarez,30,21,70.0,1,0,2,5,0,1,5,1,2,0
3825830,Antonio Rukavina,47,36,76.6,0,0,0,2,4,4,3,3,1,1
3825830,Víctor Ruíz Torre,49,35,71.43,0,0,0,2,1,4,2,0,1,2
3825830,Mario Gaspar Pérez Martínez,66,46,69.7,5,0,0,4,3,4,1,4,0,0
3825830,Vicente Guaita Panadero,29,14,48.28,0,0,0,0,0,4,0,0,0,0
3825830,Álvaro Vázquez García,9,6,66.67,1,0,0,1,0,1,2,0,1,0
3825830,Cédric Bakambu,10,9,90.0,1,1,0,2,0,1,0,0,0,1
3825830,Jonathan dos Santos Ramírez,16,9,56.25,1,0,0,4,2,3,1,1,0,0
3825830,Víctor Rodríguez Romero,3,2,66.67,0,0,0,6,0,0,0,0,0,1
3825830,Wanderson Maciel Sousa Campos,3,3,100.0,1,0,1,2,0,2,0,0,0,1
3825830,Manuel Trigueros Muñoz,1,1,100.0,0,0,0,0,0,0,0,0,0,0
3825832,John Guidetti,24,15,62.5,2,0,3,13,1,8,10,1,5,2
3825832,Iago Aspas Juncal,29,23,79.31,3,0,3,11,0,4,3,2,1,0
3825832,Daniel Wass,60,51,85.0,2,0,0,13,2,3,0,0,2,1
3825832,Arnaldo Antonio Sanabria Ayala,24,15,62.5,1,0,0,20,0,0,5,2,1,1
3825832,Jonathan Castro Otto,48,38,79.17,1,0,0,9,3,4,3,4,0,1
3825832,Gustavo Daniel Cabral Cáceres,55,49,89.09,0,0,0,10,2,5,6,2,0,1
3825832,Carlos Carmona Bonet,29,16,55.17,1,0,4,31,1,4,4,4,0,4
3825832,Sergi Gómez Solà,59,50,84.75,0,0,1,13,0,10,2,1,1,1
3825832,Carles Planas Antolínez,71,61,85.92,0,0,0,14,1,2,5,0,0,1
3825832,Jorge Meré Pérez,27,20,74.07,0,0,0,18,2,3,8,2,0,1
3825832,Ignacio Cases Mora,35,27,77.14,0,0,1,28,2,2,8,4,2,2
3825832,Jonathan Rodríguez Menéndez,23,9,39.13,2,0,4,16,2,5,3,0,1,2
3825832,Fabián Ariel Orellana Valenzuela,59,45,76.27,2,0,17,9,0,7,2,0,3,1
3825832,Nemanja Radoja,42,36,85.71,1,0,1,23,1,1,7,4,1,0
3825832,Rubén Blanco Veiga,39,18,46.15,0,0,0,0,0,3,0,0,0,0
3825832,Ismael López Blanco,42,27,64.29,3,0,5,11,1,8,3,1,1,1
3825832,Sergio Álvarez Díaz,44,34,77.27,0,0,0,33,3,5,8,4,1,3
3825832,Pablo Pérez Rodríguez,21,13,61.9,2,0,0,16,0,2,8,0,0,0
3825832,Manuel Agudo Durán,33,18,54.55,6,1,11,20,0,2,4,2,1,2
3825832,Luis Hernández Rodríguez,35,30,85.71,0,0,0,5,4,2,3,1,0,0
3825832,Ognjen Vranješ,37,23,62.16,0,0,0,17,3,7,6,3,1,1
3825832,Iván Cuéllar Sacristán,33,18,54.55,0,0,0,0,0,8,0,1,2,0
3825832,Carlos Castro García,8,6,75.0,0,0,0,5,0,3,1,0,2,0
3825832,Pedro Pablo Hernández,14,9,64.29,0,0,0,8,0,0,1,1,0,2
3825832,Alen Halilović,5,3,60.0,1,0,0,4,1,0,1,0,0,0
3825832,Daniel Arnaud N''Di	,5,1,20.0,1,0,1,1,0,1,2,0,1,0
3825832,Claudio Beauvue,0,0,0.0,0,0,0,1,0,0,3,0,0,1
3825832,Hugo Mallo Novegil,1,1,100.0,0,0,0,1,0,0,0,1,0,1
3825831,Fernando Llorente Torres,19,9,47.37,1,0,1,18,1,2,6,0,1,6
3825831,Éver Maximiliano David Banega,58,49,84.48,1,0,4,20,1,6,4,1,2,2
3825831,Adil Rami,40,34,85.0,0,0,0,6,0,1,1,2,1,2
3825831,Diego Alves Carreira,29,20,68.97,0,0,0,0,0,3,0,0,0,0
3825831,Antonio Barragán Fernández,53,40,75.47,0,0,3,18,1,5,7,0,3,4
3825831,Michael Krohn-Dehli,32,23,71.88,0,0,0,9,2,3,5,1,0,0
3825831,Francisco Alcácer García,19,12,63.16,5,0,2,14,1,2,2,0,1,1
3825831,Daniel Parejo Muñoz,55,46,83.64,6,1,3,20,2,6,5,1,7,1
3825831,Sebastián Carlos Cristóforo Pepe,26,22,84.62,0,0,0,21,1,4,4,0,1,1
3825831,Javier Fuego Martínez,49,41,83.67,0,0,0,16,2,5,2,1,1,0
3825831,Santiago Mina Lorenzo,30,25,83.33,5,0,5,19,0,3,5,1,2,3
3825831,Jorge Andújar Moreno,43,31,72.09,2,0,1,21,3,1,8,1,0,4
3825831,André Filipe Tavares Gomes,53,41,77.36,0,0,2,23,1,5,5,1,1,5
3825831,Grzegorz Krychowiak,38,34,89.47,0,0,0,13,4,2,5,3,4,2
3825831,Shkodran Mustafi,27,23,85.19,2,0,0,13,3,2,5,3,0,1
3825831,Rodrigo Moreno Machado,29,19,65.52,1,0,2,10,0,8,2,2,0,1
3825831,Sergio Escudero Palomo,47,37,78.72,1,0,2,11,3,7,2,2,2,2
3825831,Aymen Abdennour,34,27,79.41,0,0,1,5,0,7,3,2,2,1
3825831,Sergio Rico González,31,19,61.29,0,0,0,0,0,6,0,0,0,0
3825831,Juan Muñoz Muñoz,5,3,60.0,0,0,0,11,0,2,3,2,0,0
3825831,Guilherme Magdalena Siqueira,46,37,80.43,2,0,5,8,2,5,0,1,2,3
3825831,Federico Julián Fazio,38,26,68.42,0,0,0,10,1,2,3,5,0,2
3825831,Víctor Machín Pérez,25,15,60.0,1,0,0,8,1,4,2,1,3,2
3825831,Kevin Gameiro,6,4,66.67,1,1,1,4,0,1,0,0,1,0
3825831,Enzo Nicolás Pérez,5,3,60.0,0,0,0,3,3,1,1,2,0,0
3825831,Yevhen Konoplyanka,6,4,66.67,0,0,0,1,0,1,1,0,4,0
3825831,Sofiane Feghouli,4,2,50.0,0,0,1,1,0,1,1,1,1,0
3825831,Álvaro Negredo Sánchez,0,0,0.0,2,1,0,0,0,1,0,0,0,0
3825828,Antoine Griezmann,34,26,76.47,4,1,1,3,0,6,2,0,2,1
3825828,Fernando José Torres Sanz,20,14,70.0,4,1,2,1,0,1,8,0,2,1
3825828,Augusto Matías Fernández,42,35,83.33,0,0,4,16,3,7,6,0,1,4
3825828,Gerard Moreno Balaguero,28,21,75.0,4,0,0,16,1,6,6,2,2,3
3825828,Diego Roberto Godín Leal,35,19,54.29,0,0,0,7,2,3,3,1,1,3
3825828,Juan Francisco Torres Belén,46,33,71.74,0,0,2,4,1,7,2,0,0,0
3825828,Jorge Resurrección Merodio,67,52,77.61,3,1,0,13,2,8,3,1,2,1
3825828,Papa Kouly Diop,61,49,80.33,1,1,3,17,3,4,11,0,4,3
3825828,Víctor Sánchez Mata,30,19,63.33,1,0,0,31,3,2,2,3,1,3
3825828,Marco Asensio Willemsen,40,32,80.0,0,0,1,16,0,8,3,3,2,1
3825828,Rubén Duarte Sánchez,15,9,60.0,0,0,0,6,3,0,2,2,1,1
3825828,Abraham González Casanova,43,33,76.74,1,0,0,19,2,3,5,2,0,0
3825828,Lucas Hernández Pi,21,14,66.67,0,0,0,4,2,1,6,0,0,0
3825828,Filipe Luís Kasmirski,75,50,66.67,0,0,3,10,3,5,5,3,1,1
3825828,Yannick Ferreira Carrasco,29,23,79.31,1,0,4,11,1,6,0,3,1,0
3825828,Javier López Rodríguez,45,33,73.33,0,0,1,20,1,8,9,1,3,0
3825828,Óscar Esau Duarte Gaitán,52,42,80.77,1,0,0,8,3,8,4,1,1,0
3825828,Enzo Pablo Roco Roco,57,44,77.19,1,0,0,15,1,4,3,1,0,3
3825828,Pau López Sabata,33,23,69.7,0,0,0,0,0,5,0,0,0,0
3825828,Álvaro González Soberón,73,53,72.6,0,0,0,7,2,7,5,1,0,0
3825828,Gabriel Fernández Arenas,48,42,87.5,0,0,0,9,2,8,1,2,3,3
3825828,Jan Oblak,23,9,39.13,0,0,0,0,0,4,0,0,0,0
3825828,Ángel Martín Correa,10,6,60.0,2,0,1,4,0,2,1,0,1,2
3825828,Felipe Salvador Caicedo Corozo,7,5,71.43,0,0,1,2,0,0,3,1,2,0
3825828,Thomas Teye Partey,17,12,70.59,0,0,1,2,0,5,1,4,0,0
3825828,Mamadou Sylla Diallo,7,3,42.86,1,0,2,4,0,3,3,0,1,0
3825828,Jorge Franco Alviz,8,4,50.0,0,0,2,0,0,0,0,0,0,0
3825828,Saúl Ñíguez Esclapez,2,2,100.0,0,0,0,2,0,0,1,0,0,1
3825827,Giuseppe Rossi,26,21,80.77,2,0,4,23,0,4,8,1,0,1
3825827,Víctor Casadesús Castaño,38,21,55.26,2,0,3,12,0,6,8,2,2,1
3825827,Víctor Camarasa Ferrando,44,36,81.82,1,0,1,20,1,5,5,0,3,5
3825827,Carl Medjani,34,25,73.53,1,0,0,7,1,2,2,2,0,1
3825827,Pedro López Muñoz,64,54,84.38,0,0,3,24,2,6,3,1,0,3
3825827,Diego Mariño Villar,35,30,85.71,0,0,0,0,0,11,0,0,0,0
3825827,Jefferson Andrés Lerma Solís,29,15,51.72,3,0,1,10,1,9,6,2,0,0
3825827,Martín Montoya Torralbo,77,60,77.92,0,0,0,19,5,4,11,2,0,0
3825827,Jorge Molina Vidal,21,12,57.14,0,0,0,6,0,1,3,0,2,1
3825827,Daniel Ceballos Fernández,62,53,85.48,2,0,0,24,2,9,3,2,4,3
3825827,Alfred John Momar N''Diaye,38,31,81.58,0,0,2,12,4,6,3,1,1,3
3825827,Charly Musonda Junior,42,31,73.81,0,0,4,16,0,5,3,1,7,2
3825827,Bruno González Cabrera,40,34,85.0,0,0,0,13,2,5,7,4,2,1
3825827,Germán Alejandro Pezzella,44,37,84.09,1,0,0,15,3,5,8,3,1,0
3825827,Antonio Adán Garrido,26,13,50.0,0,0,0,0,0,2,0,0,0,0
3825827,Simão Mate,35,27,77.14,0,0,0,16,1,3,2,1,3,4
3825827,Francisco José Molinero Calderón,40,29,72.5,0,0,1,9,0,3,7,0,1,0
3825827,Joaquín Sánchez Rodríguez,48,39,81.25,1,0,3,2,0,7,0,1,5,1
3825827,Juan Francisco García García,55,36,65.45,0,0,3,10,2,6,4,3,1,5
3825827,Rubén Castro Martín,32,20,62.5,1,1,1,4,0,0,1,0,1,1
3825827,David Navarro Pedrós,36,30,83.33,0,0,0,2,3,2,0,1,0,1
3825827,Joan Verdú Fernández,62,53,85.48,2,0,1,20,1,7,1,4,2,2
3825827,Ricky van Wolfswinkel,8,3,37.5,1,0,0,6,0,0,10,1,0,0
3825827,Álvaro Cejudo Carmona,9,7,77.78,1,0,1,5,0,1,2,0,0,2
3825827,José María Martín-Bejarano Serrano,15,10,66.67,0,0,0,6,0,1,2,1,1,1
3825827,Francisco Portillo Soler,2,2,100.0,0,0,0,3,0,0,0,0,0,0
3825827,José Luis Morales Nogales,5,2,40.0,1,0,0,4,0,0,0,0,0,0
3825827,Deyverson Brum Silva Acosta,3,0,0.0,0,0,0,4,0,1,1,0,0,0
3825826,Duje Čop,22,15,68.18,2,0,1,11,0,3,2,2,0,1
3825826,Roque Luis Santa Cruz Cantero,40,34,85.0,0,0,4,6,1,2,8,0,0,0
3825826,Weligton Róbson Pena de Oliveira,30,22,73.33,0,0,0,5,4,4,2,3,1,1
3825826,Juan Pablo Añor Acosta,29,23,79.31,1,0,4,14,1,3,2,1,3,4
3825826,Cristiano Biraghi,50,37,74.0,0,0,0,13,0,3,6,0,0,2
3825826,José Luis García del Pozo,67,51,76.12,2,0,0,12,3,7,1,0,1,0
3825826,Ignacio Camacho Barnola,50,38,76.0,2,0,1,23,3,4,7,1,4,4
3825826,Andrés Eduardo Fernández Moreno,41,24,58.54,0,0,0,0,0,6,0,0,0,0
3825826,Youssef El-Arabi,30,20,66.67,1,0,4,18,0,6,9,1,1,4
3825826,Gonzalo Castro Irizábal,39,30,76.92,1,0,5,9,0,4,4,4,0,0
3825826,Rubén Rochina Naixes,29,21,72.41,2,0,5,15,2,10,2,0,4,3
3825826,Raúl Albentosa Redal,35,32,91.43,0,0,0,8,0,5,7,1,1,1
3825826,Rubén Salvador Pérez Del Mármol,54,44,81.48,1,0,1,28,4,8,5,3,0,2
3825826,Isaac Ajayi Success,36,24,66.67,1,0,5,6,3,4,3,2,5,2
3825826,Hugo Miguel Almeida Costa Lopes,54,37,68.52,0,0,1,17,3,2,5,2,1,0
3825826,Francisco Guillermo Ochoa Magaña,34,18,52.94,0,0,0,1,0,12,0,0,0,0
3825826,Jean-Sylvain Claude Babin,43,34,79.07,0,0,0,4,0,0,6,1,0,0
3825826,Ricardo Miguel Moreira da Costa,43,35,81.4,1,0,0,9,2,4,4,0,0,0
3825826,Abdoulaye Doucouré,38,34,89.47,1,0,0,21,7,3,2,2,0,0
3825826,Juan Isaac Cuenca López,16,11,68.75,0,0,5,13,2,5,4,0,3,1
3825826,Roberto José Rosales Altuve,50,36,72.0,0,0,1,11,3,7,2,0,1,1
3825826,Federico Ricca Rostagnol,25,19,76.0,0,0,1,18,1,2,8,0,2,3
3825826,Miguel Torres Gómez,9,5,55.56,0,0,0,7,0,0,5,2,0,0
3825826,David Barral Torres,6,3,50.0,1,0,2,10,0,0,2,1,0,1
3825826,Christian Atsu Twasam,13,10,76.92,1,0,1,0,0,1,3,0,0,0
3825826,Robert Ibáñez Castro,5,5,100.0,0,0,2,2,0,0,0,0,0,0
3825826,Pablo Fornals Malla,3,1,33.33,0,0,0,1,0,1,1,0,0,0
3825825,Arnaldo Antonio Sanabria Ayala,30,22,73.33,1,0,4,6,1,2,6,1,1,2
3825825,Deyverson Brum Silva Acosta,34,19,55.88,2,0,2,20,2,9,7,4,4,4
3825825,Sergio Álvarez Díaz,38,31,81.58,0,0,1,19,1,5,15,1,2,1
3825825,Juan Francisco García García,51,27,52.94,0,0,2,8,2,8,3,5,2,2
3825825,Ignacio Cases Mora,41,34,82.93,2,0,1,12,3,7,5,1,1,0
3825825,Víctor Camarasa Ferrando,46,39,84.78,1,0,4,28,2,11,8,2,1,2
3825825,Carlos Carmona Bonet,34,24,70.59,1,0,3,8,0,3,4,3,1,1
3825825,Pablo Pérez Rodríguez,22,11,50.0,4,0,2,10,0,3,4,2,4,3
3825825,Zouhair Feddal,49,32,65.31,0,0,0,12,2,3,4,2,0,2
3825825,Luis Hernández Rodríguez,33,25,75.76,0,0,0,3,1,9,1,2,0,1
3825825,Iván Cuéllar Sacristán,39,14,35.9,0,0,0,0,0,6,0,0,0,0
3825825,Carl Medjani,39,31,79.49,1,0,1,14,1,3,4,1,4,2
3825825,José Antonio García Rabasco,56,45,80.36,1,0,0,23,0,2,6,0,1,2
3825825,Jefferson Andrés Lerma Solís,58,40,68.97,1,0,2,13,4,4,2,2,0,1
3825825,Joan Verdú Fernández,50,39,78.0,2,0,2,18,1,10,2,2,0,2
3825825,José Luis Morales Nogales,13,8,61.54,4,0,6,14,0,3,2,0,1,0
3825825,Giuseppe Rossi,21,18,85.71,4,0,5,16,0,2,1,1,1,1
3825825,Alberto Lora Ramos,46,33,71.74,0,0,1,13,1,2,7,2,0,2
3825825,Ognjen Vranješ,18,11,61.11,0,0,0,10,2,1,8,0,4,3
3825825,Diego Mariño Villar,31,22,70.97,0,0,0,0,0,9,0,0,0,0
3825825,Ismael López Blanco,32,17,53.12,0,0,1,7,2,4,2,2,2,0
3825825,Jonathan Rodríguez Menéndez,45,24,53.33,1,0,1,10,0,6,2,1,1,0
3825825,Alen Halilović,15,8,53.33,2,0,0,2,0,1,0,1,2,0
3825825,Víctor Casadesús Castaño,12,8,66.67,1,0,0,2,0,1,2,1,1,1
3825825,Daniel Arnaud N''Di	,5,5,100.0,0,0,1,3,0,1,5,0,1,2
3825825,Mauricio Andrés Cuero Castillo,9,5,55.56,0,0,0,3,0,0,0,1,0,0
3825825,Carlos Castro García,5,4,80.0,0,0,0,2,0,0,0,0,0,0
3825825,Jordi Xumetra Feliu,5,4,80.0,0,0,1,2,0,0,0,1,0,0
3825824,José Ignacio Peleteiro Ramallo,40,28,70.0,3,0,1,21,0,14,3,4,0,3
3825824,Borja González Tomás,18,12,66.67,4,0,0,17,1,4,9,2,0,2
3825824,Daniel García Carrillo,62,41,66.13,2,0,0,12,3,14,2,6,1,0
3825824,David Juncà Reñé,51,37,72.55,0,0,3,20,0,5,4,2,5,2
3825824,Aleksandar Pantić,48,41,85.42,0,0,0,7,3,7,3,0,0,1
3825824,Mauro Javier Dos Santos,56,45,80.36,1,0,0,14,1,10,1,2,2,2
3825824,Adrián Marín Gómez,57,41,71.93,0,0,1,17,1,2,6,6,1,1
3825824,Sergio Gontán Gallardo,44,32,72.73,0,0,3,25,1,4,4,1,1,1
3825824,Eric Bertrand Bailly,31,19,61.29,0,0,0,3,2,3,1,1,1,0
3825824,Alphonse Areola,21,9,42.86,0,0,0,0,0,5,0,0,0,0
3825824,Tomás Pina Isla,50,39,78.0,1,0,0,14,2,8,7,3,2,0
3825824,Takashi Inui,16,6,37.5,1,0,2,10,0,3,1,0,0,0
3825824,Antonio Rukavina,57,44,77.19,0,0,0,9,3,0,5,4,1,2
3825824,Adrián López Álvarez,27,16,59.26,3,1,5,14,1,3,2,2,1,2
3825824,Roberto Soldado Rillo,40,28,70.0,2,1,1,18,0,5,2,1,2,4
3825824,Asier Riesgo Unamuno,28,16,57.14,0,0,0,1,0,5,0,0,0,0
3825824,Bruno Soriano Llido,60,52,86.67,0,0,3,14,4,13,6,2,3,0
3825824,Víctor Ruíz Torre,47,33,70.21,0,0,0,15,6,4,3,6,0,0
3825824,Samuel Castillejo Azuaga,30,18,60.0,1,0,3,13,3,6,1,5,4,0
3825824,Gonzalo Escalante,43,36,83.72,0,0,2,35,2,6,4,6,0,7
3825824,Denis Suárez Fernández,57,36,63.16,0,0,2,21,0,7,3,7,1,0
3825824,Ander Capa Rodríguez,85,43,50.59,1,1,3,21,6,10,8,0,1,1
3825824,Sergio Enrich Ametller,12,8,66.67,0,0,1,5,0,1,4,1,0,1
3825824,Cédric Bakambu,7,5,71.43,0,0,0,9,0,0,3,1,0,3
3825824,Manuel Trigueros Muñoz,11,7,63.64,1,0,0,9,1,1,2,5,0,0
3825824,Antonio Manuel Luna Rodríguez,13,7,53.85,0,0,1,7,3,2,2,0,0,0
3825824,Leonardo Carrilho Baptistão,4,2,50.0,0,0,2,7,0,1,3,0,3,0
3825824,Saúl Berjón Pérez,7,3,42.86,0,0,2,1,0,1,0,0,1,0
3825823,Carlos Alberto Vela Garrido,21,13,61.9,2,0,2,22,0,4,4,1,4,2
3825823,Xabier Prieto Argarate,36,25,69.44,0,0,0,12,2,6,10,1,4,0
3825823,Markel Bergara Larrañaga,24,18,75.0,2,1,1,20,4,4,6,1,1,3
3825823,Yuri Berchiche Izeta,45,32,71.11,0,0,0,19,7,4,2,5,1,0
3825823,David Zurutuza Veillet,31,21,67.74,1,0,2,20,5,5,5,2,4,2
3825823,Mariano Ferreira Filho,77,52,67.53,0,0,4,15,1,7,5,3,0,4
3825823,Íñigo Martínez Berridi,19,12,63.16,1,0,1,7,2,3,2,3,2,1
3825823,Diego Antonio Reyes Rosales,15,10,66.67,0,0,0,4,3,2,1,3,0,0
3825823,Carlos Martínez Díez,16,13,81.25,0,0,1,2,1,3,5,1,0,1
3825823,Gerónimo Rulli,35,11,31.43,0,0,0,0,0,2,0,0,2,0
3825823,Éver Maximiliano David Banega,89,76,85.39,3,0,5,15,0,6,4,1,2,3
3825823,Timothée Kolodziejczak,53,48,90.57,0,0,1,8,0,3,5,0,0,2
3825823,Grzegorz Krychowiak,49,44,89.8,0,0,1,5,5,2,3,2,3,3
3825823,Asier Illarramendi Andonegi,37,24,64.86,1,0,0,31,5,5,7,2,0,4
3825823,Sergio Rico González,26,18,69.23,0,0,0,0,0,6,0,0,0,0
3825823,Kevin Gameiro,17,12,70.59,5,1,2,9,0,1,3,1,1,0
3825823,Víctor Machín Pérez,51,40,78.43,2,0,3,13,2,10,3,1,2,5
3825823,José Antonio Reyes Calderón,35,20,57.14,2,0,5,18,1,5,4,6,4,2
3825823,Sebastián Carlos Cristóforo Pepe,34,30,88.24,0,0,1,14,2,3,3,1,2,1
3825823,Adil Rami,58,43,74.14,0,0,0,9,1,9,3,1,0,3
3825823,Benoît Trémoulinas,47,40,85.11,0,0,1,4,0,3,2,2,0,0
3825823,Mikel Oyarzabal Ugarte,18,10,55.56,1,0,3,18,2,9,5,3,4,1
3825823,Vicente Iborra De La Fuente,8,5,62.5,1,0,0,3,0,1,6,1,0,0
3825823,Aritz Elustondo Irribaria,10,7,70.0,0,0,0,4,2,1,1,0,0,0
3825823,Esteban Félix Granero Molina,15,11,73.33,0,0,0,15,0,1,1,2,1,0
3825823,Steven N''Kemboanza Mike Christopher Nzonzi,19,13,68.42,1,0,0,4,1,1,1,0,0,1
3825823,Yevhen Konoplyanka,13,6,46.15,1,0,0,2,0,2,0,0,0,0
3825823,Mikel González de Martín Martínez,0,0,0.0,0,0,0,0,0,0,0,0,0,0
3825905,Duje Čop,33,20,60.61,2,1,3,13,0,5,6,0,1,0
3825905,Charles Días Barbosa de Oliveira,26,16,61.54,3,0,1,10,0,1,6,0,1,3
3825905,Weligton Róbson Pena de Oliveira,57,51,89.47,0,0,0,12,2,6,6,1,3,1
3825905,Miguel Torres Gómez,31,24,77.42,0,0,0,8,1,2,2,1,0,1
3825905,José Luis García del Pozo,74,59,79.73,2,0,1,23,2,8,5,2,1,4
3825905,Víctor Sánchez Mata,30,21,70.0,0,0,0,32,0,2,5,3,3,2
3825905,Raúl Albentosa Redal,54,44,81.48,0,0,1,4,3,2,2,0,0,0
3825905,Pau López Sabata,25,11,44.0,0,0,0,0,0,5,0,0,1,0
3825905,Rubén Duarte Sánchez,45,28,62.22,2,0,2,18,7,5,4,2,1,3
3825905,Abraham González Casanova,37,27,72.97,0,0,0,9,2,2,4,3,0,0
3825905,Juan Pablo Añor Acosta,32,21,65.62,0,0,3,21,2,0,4,2,2,0
3825905,Papa Kouly Diop,30,20,66.67,2,1,0,15,4,5,2,0,0,3
3825905,Gonzalo Castro Irizábal,46,32,69.57,1,0,3,10,1,3,2,2,2,0
3825905,Javier López Rodríguez,46,21,45.65,0,0,0,15,2,2,5,3,1,1
3825905,Gerard Moreno Balaguero,20,14,70.0,1,0,3,9,0,4,7,1,0,1
3825905,Francisco Guillermo Ochoa Magaña,29,20,68.97,0,0,0,0,0,2,0,0,0,0
3825905,Ignacio Camacho Barnola,77,62,80.52,0,0,3,14,3,9,7,1,4,3
3825905,Roberto José Rosales Altuve,74,56,75.68,1,0,2,11,2,4,0,3,2,1
3825905,Óscar Esau Duarte Gaitán,37,25,67.57,0,0,0,19,2,3,1,0,1,2
3825905,Marco Asensio Willemsen,23,18,78.26,0,0,5,10,0,5,1,1,4,0
3825905,Álvaro González Soberón,24,11,45.83,0,0,1,8,1,2,4,0,2,1
3825905,Enzo Pablo Roco Roco,21,15,71.43,0,0,0,12,5,2,2,5,1,2
3825905,Federico Ricca Rostagnol,21,15,71.43,0,0,0,12,2,1,2,0,1,2
3825905,Felipe Salvador Caicedo Corozo,7,5,71.43,0,0,1,7,0,0,2,2,0,2
3825905,Christian Atsu Twasam,10,8,80.0,1,0,1,7,0,0,0,2,1,0
3825905,Hernán Arsenio Pérez González,10,4,40.0,1,0,0,9,0,1,2,1,1,1
3825905,Pablo Fornals Malla,7,6,85.71,1,0,0,5,0,1,1,0,0,1
3825822,Francisco Alcácer García,16,15,93.75,0,0,0,20,0,0,4,1,0,0
3825822,Shkodran Mustafi,36,24,66.67,1,0,2,28,6,8,12,4,0,4
3825822,Antonio Barragán Fernández,36,21,58.33,0,0,1,32,2,3,7,3,1,1
3825822,Daniel Parejo Muñoz,61,43,70.49,1,0,2,56,0,14,8,2,2,1
3825822,Jerónimo Figueroa Cabrera,66,51,77.27,1,0,6,12,2,7,2,0,0,0
3825822,Danilo Barbosa da Silva,9,6,66.67,0,0,1,24,2,2,4,1,2,1
3825822,Javier Fuego Martínez,41,32,78.05,0,0,1,53,1,10,2,1,0,7
3825822,Nabil El Zhar,30,20,66.67,1,0,4,14,1,5,2,1,1,1
3825822,Aderllan Leandro de Jesus Santos,23,17,73.91,1,0,0,11,5,2,2,2,0,1
3825822,Guilherme Magdalena Siqueira,36,27,75.0,0,0,3,19,6,4,5,0,0,2
3825822,Pablo Daniel Piatti,17,12,70.59,1,0,3,37,3,3,3,4,3,2
3825822,Pedro Taunausú Domínguez Placeres,49,41,83.67,1,0,5,28,0,6,5,3,3,0
3825822,David García Santana,66,55,83.33,0,0,0,11,2,2,2,2,0,1
3825822,Jonathan Viera Ramos,53,45,84.91,1,1,8,16,0,4,3,0,6,0
3825822,Willian José da Silva,31,23,74.19,4,0,3,13,0,5,10,0,2,1
3825822,Diego Alves Carreira,26,14,53.85,0,0,0,0,0,6,0,0,0,0
3825822,Rodrigo Moreno Machado,37,26,70.27,1,1,2,27,3,3,4,0,0,0
3825822,Roque Mesa Quevedo,93,78,83.87,2,0,1,16,3,12,5,0,4,2
3825822,Javier Varas Herrera,35,25,71.43,0,0,0,0,0,6,0,0,1,0
3825822,Aythami Artiles Oliva,64,54,84.38,0,0,0,6,0,6,3,2,0,0
3825822,Mauricio Lemos Merladet,47,37,78.72,1,0,1,5,0,5,2,2,0,1
3825822,Dani Castellano Betancor,61,49,80.33,0,0,1,14,3,3,7,4,1,2
3825822,Sofiane Feghouli,11,6,54.55,0,0,0,13,0,0,2,1,0,0
3825822,André Filipe Tavares Gomes,18,13,72.22,2,0,2,6,1,1,1,1,3,0
3825822,José Vicente Gómez Umpiérrez,10,6,60.0,0,0,0,7,0,0,1,1,0,1
3825822,Sergio Ezequiel Araújo,4,4,100.0,2,0,2,4,0,2,1,0,0,1
3825822,Álvaro Negredo Sánchez,2,2,100.0,1,0,0,2,0,0,1,0,0,0
3825822,Ángel Montoro Sánchez,3,3,100.0,0,0,0,5,1,0,0,0,1,1
3825821,Gerard Moreno Balaguero,17,14,82.35,2,0,1,20,0,2,9,0,0,0
3825821,Enzo Pablo Roco Roco,24,17,70.83,0,0,0,4,2,2,3,2,0,1
3825821,Aymeric Laporte,75,70,93.33,1,0,2,10,1,3,3,1,0,1
3825821,Mikel Balenziaga Oruesagasti,60,50,83.33,0,0,0,19,4,3,4,3,0,2
3825821,Gorka Iraizoz Moreno,40,24,60.0,0,0,0,0,0,7,0,0,0,0
3825821,Víctor Sánchez Mata,33,23,69.7,0,0,0,21,3,1,5,0,1,2
3825821,Álvaro González Soberón,31,25,80.65,0,0,0,11,0,2,4,2,1,1
3825821,Mikel Rico Moreno,26,17,65.38,2,0,0,15,0,5,3,0,0,2
3825821,Xabier Etxeita Gorritxategi,67,52,77.61,1,0,0,7,2,5,3,1,0,0
3825821,Eneko Bóveda Altube,40,27,67.5,0,0,2,15,0,1,3,3,0,1
3825821,Hernán Arsenio Pérez González,44,26,59.09,3,0,5,19,1,5,6,1,1,1
3825821,Aritz Aduriz Zubeldia,25,20,80.0,1,0,1,7,0,6,7,2,3,1
3825821,Óscar Esau Duarte Gaitán,34,18,52.94,0,0,0,8,3,2,6,1,0,3
3825821,Rubén Duarte Sánchez,40,31,77.5,1,0,1,11,0,7,4,0,1,0
3825821,Ander Iturraspe Derteano,50,39,78.0,1,0,1,16,3,3,5,2,0,2
3825821,Abraham González Casanova,57,42,73.68,3,0,2,20,2,4,4,3,4,0
3825821,Óscar de Marcos Arana,30,22,73.33,1,0,3,19,0,10,1,3,1,3
3825821,Pau López Sabata,27,11,40.74,0,0,0,0,0,2,0,0,0,0
3825821,Marco Asensio Willemsen,29,18,62.07,4,0,1,8,1,4,3,2,0,0
3825821,Íñigo Lekue Martínez,32,24,75.0,2,0,2,6,1,6,2,0,1,0
3825821,Papa Kouly Diop,40,32,80.0,2,1,2,19,6,3,8,3,3,2
3825821,Javier Eraso Goñi,39,27,69.23,2,1,1,19,0,3,1,0,0,1
3825821,Felipe Salvador Caicedo Corozo,6,4,66.67,1,1,1,5,2,1,0,0,0,0
3825821,Mikel San José Domínguez,37,34,91.89,0,0,0,7,0,2,3,1,2,1
3825821,Raúl García Escudero,13,5,38.46,1,0,0,5,0,1,2,0,0,0
3825821,Beñat Etxebarria Urkiaga,35,28,80.0,1,0,1,4,0,3,2,0,4,0
3825821,Javier López Rodríguez,8,7,87.5,0,0,1,4,0,1,3,0,1,0
3825821,Mamadou Sylla Diallo,1,0,0.0,1,0,1,3,0,0,1,0,0,1
3825820,Cristiano Ronaldo dos Santos Aveiro,38,32,84.21,9,1,1,2,0,2,1,0,2,1
3825820,Karim Benzema,43,33,76.74,5,1,3,10,1,5,3,2,0,0
3825820,Gareth Frank Bale,53,46,86.79,7,1,3,5,2,3,2,1,1,0
3825820,Vicente Iborra De La Fuente,21,15,71.43,0,0,2,10,1,1,7,1,0,1
3825820,Luka Modrić,79,68,86.08,1,0,2,10,1,2,2,0,1,0
3825820,Toni Kroos,74,66,89.19,1,0,1,29,1,9,1,2,2,3
3825820,Marcelo Vieira da Silva Júnior,85,70,82.35,1,0,1,11,3,10,6,3,1,0
3825820,José Ignacio Fernández Iglesias,40,38,95.0,0,0,0,10,3,2,3,1,1,1
3825820,Raphaël Varane,31,28,90.32,0,0,0,6,5,3,1,0,2,1
3825820,Danilo Luiz da Silva,76,67,88.16,1,0,1,7,4,6,3,1,0,1
3825820,Benoît Trémoulinas,50,36,72.0,1,0,0,9,2,1,2,4,1,0
3825820,Grzegorz Krychowiak,38,35,92.11,0,0,0,15,2,4,6,3,1,3
3825820,Sebastián Carlos Cristóforo Pepe,40,38,95.0,0,0,1,15,0,3,3,2,1,1
3825820,Carlos Henrique Casimiro,36,35,97.22,0,0,0,27,2,1,8,5,2,3
3825820,Sergio Rico González,31,21,67.74,0,0,0,1,0,4,0,0,1,0
3825820,Kevin Gameiro,19,17,89.47,4,0,1,16,0,1,4,1,0,1
3825820,Diogo José Rosário Gomes Figueiras,15,11,73.33,0,0,1,10,0,2,0,0,1,1
3825820,Keylor Navas Gamboa,30,20,66.67,0,0,0,0,0,1,0,0,2,0
3825820,Timothée Kolodziejczak,22,15,68.18,0,0,0,7,3,2,1,2,0,0
3825820,Jorge Andújar Moreno,55,46,83.64,1,0,4,19,7,3,1,3,0,3
3825820,Sergio Escudero Palomo,33,18,54.55,2,0,3,19,0,3,2,0,2,2
3825820,Adil Rami,28,23,82.14,0,0,0,6,0,4,1,0,1,0
3825820,José Antonio Reyes Calderón,30,19,63.33,0,0,2,16,1,2,0,1,3,2
3825820,Mariano Ferreira Filho,11,9,81.82,0,0,3,4,1,2,0,1,0,0
3825820,Juan Muñoz Muñoz,1,0,0.0,0,0,2,7,0,0,2,0,0,0
3825820,Jesé Rodríguez Ruiz,21,18,85.71,1,1,0,2,0,3,2,0,0,0
3825820,James David Rodríguez Rubio,17,14,82.35,0,0,0,3,0,0,0,0,0,1
3825820,Francisco Román Alarcón Suárez,10,9,90.0,0,0,0,4,0,0,0,0,0,0
3825819,John Guidetti,23,17,73.91,1,1,0,20,0,5,8,1,3,5
3825819,Fabián Ariel Orellana Valenzuela,52,38,73.08,4,0,5,10,0,8,3,2,2,1
3825819,Jonathan Castro Otto,59,47,79.66,2,0,2,20,4,5,4,1,1,1
3825819,Sergi Gómez Solà,36,28,77.78,1,0,0,18,2,2,6,3,0,0
3825819,Francisco Alcácer García,24,18,75.0,2,0,3,16,0,3,6,2,0,2
3825819,Gustavo Daniel Cabral Cáceres,47,41,87.23,0,0,1,12,0,9,8,4,2,1
3825819,Hugo Mallo Novegil,54,37,68.52,1,1,2,20,4,6,6,2,1,2
3825819,Aymen Abdennour,50,39,78.0,0,0,0,9,4,3,6,2,1,0
3825819,Danilo Barbosa da Silva,43,32,74.42,2,0,4,25,2,5,8,1,1,2
3825819,Claudio Beauvue,19,14,73.68,2,0,4,13,1,9,6,0,0,5
3825819,Javier Fuego Martínez,47,38,80.85,0,0,0,24,2,7,4,2,1,4
3825819,André Filipe Tavares Gomes,52,43,82.69,1,0,3,31,1,8,5,4,1,2
3825819,Guilherme Magdalena Siqueira,19,15,78.95,1,0,1,5,3,3,0,0,1,1
3825819,Mathew Ryan,36,27,75.0,0,0,0,1,0,1,0,0,0,0
3825819,Shkodran Mustafi,53,39,73.58,0,0,2,17,6,5,5,1,3,2
3825819,Santiago Mina Lorenzo,38,30,78.95,2,0,5,37,0,4,5,2,2,2
3825819,Marcelo Alfonso Díaz Rojas,53,44,83.02,0,0,2,17,3,3,5,2,0,1
3825819,Rodrigo Moreno Machado,27,18,66.67,5,0,7,23,1,6,2,0,3,0
3825819,Manuel Agudo Durán,45,29,64.44,0,0,6,13,1,9,6,2,2,0
3825819,Daniel Wass,57,48,84.21,2,0,4,13,0,9,4,3,2,0
3825819,Rúben Miguel Nunes Vezo,62,41,66.13,0,0,3,16,2,9,8,5,1,1
3825819,Sergio Álvarez Conde,32,14,43.75,0,0,0,0,0,7,0,0,1,0
3825819,José Luis Gayà Peña,15,14,93.33,0,0,1,7,0,0,2,0,2,0
3825819,Pape Cheikh Diop Gueye,7,6,85.71,0,0,1,6,0,2,3,0,1,0
3825819,Sofiane Feghouli,6,4,66.67,1,0,0,6,1,2,4,0,0,0
3825819,Álvaro Negredo Sánchez,10,5,50.0,0,0,0,5,0,0,1,0,0,0
3825819,Carles Planas Antolínez,6,5,83.33,0,0,1,3,1,2,1,1,0,0
3825819,Théo Bongonda Mbul''Ofeko Batombo,1,1,100.0,0,0,1,0,0,0,0,0,0,0
3825818,Jonathas Cristian de Jesus,17,10,58.82,1,0,3,13,0,1,5,0,2,2
3825818,Xabier Prieto Argarate,37,28,75.68,0,0,0,7,0,3,3,0,1,0
3825818,Aritz Elustondo Irribaria,56,40,71.43,1,0,0,10,3,6,3,3,0,2
3825818,Carlos Alberto Vela Garrido,46,31,67.39,2,0,4,7,1,8,0,0,2,0
3825818,Diego Antonio Reyes Rosales,56,54,96.43,0,0,2,5,4,8,3,0,0,1
3825818,Íñigo Martínez Berridi,59,47,79.66,1,0,2,13,1,5,2,1,1,3
3825818,Javier Garrido Behovide,29,17,58.62,0,0,0,13,5,1,4,3,0,2
3825818,Jerónimo Figueroa Cabrera,30,26,86.67,2,0,0,15,3,5,3,3,3,1
3825818,Asier Illarramendi Andonegi,78,66,84.62,1,0,0,24,7,3,5,5,2,2
3825818,Mauricio Lemos Merladet,24,19,79.17,1,0,1,8,6,3,6,5,0,2
3825818,Gerónimo Rulli,30,27,90.0,0,0,0,0,0,2,0,0,0,0
3825818,Aythami Artiles Oliva,27,20,74.07,0,0,1,9,2,2,8,2,3,0
3825818,Javier Varas Herrera,41,20,48.78,0,0,0,0,0,5,0,0,0,0
3825818,Roque Mesa Quevedo,45,36,80.0,0,0,1,11,2,10,1,0,2,3
3825818,Pedro Taunausú Domínguez Placeres,31,23,74.19,1,0,1,20,1,6,2,1,2,2
3825818,Yuri Berchiche Izeta,65,49,75.38,0,0,0,8,2,5,2,0,0,2
3825818,Nabil El Zhar,19,14,73.68,3,0,0,15,1,3,5,0,1,0
3825818,Mikel Oyarzabal Ugarte,38,31,81.58,4,0,1,15,0,4,3,1,2,0
3825818,David García Santana,35,25,71.43,0,0,0,15,5,1,6,4,2,3
3825818,Rubén Pardo Gutiérrez,64,51,79.69,1,0,0,14,3,3,2,0,1,2
3825818,Jonathan Viera Ramos,56,45,80.36,4,0,3,12,0,9,2,2,1,3
3825818,Willian José da Silva,21,14,66.67,1,1,2,15,0,1,6,2,2,1
3825818,David Zurutuza Veillet,25,21,84.0,2,0,1,4,0,2,1,0,2,3
3825818,Francisco José Perdomo Borges,4,4,100.0,0,0,0,6,0,2,0,0,0,0
3825818,Carlos Martínez Díez,7,4,57.14,0,0,1,6,1,1,3,1,3,1
3825818,Esteban Félix Granero Molina,19,13,68.42,2,0,2,6,1,1,0,0,0,0
3825818,Ángel Montoro Sánchez,5,4,80.0,0,0,0,2,1,0,0,0,0,0
3825818,Dani Castellano Betancor,3,2,66.67,1,0,0,2,1,0,0,1,1,0
3825887,Pablo Hernández Domínguez,74,60,81.08,4,1,6,15,0,9,4,0,3,1
3825887,Nicolás Ladislao Fedor Flores,16,12,75.0,1,0,2,13,1,3,3,3,0,1
3825887,Roberto Trashorras Gayoso,103,95,92.23,2,0,1,4,1,7,1,0,4,0
3825887,Joaquín José Marín Ruiz,40,31,77.5,1,0,0,11,4,1,5,1,0,3
3825887,José Eduardo Rosa Vale de Castro,71,60,84.51,1,1,0,12,0,9,4,2,0,2
3825887,José Ángel Crespo Rincón,52,51,98.08,0,0,0,9,3,3,8,1,3,2
3825887,Rubén Rochina Naixes,21,10,47.62,3,0,2,23,6,4,5,5,2,3
3825887,Roberto Román Triguero,69,58,84.06,0,0,0,7,2,2,1,1,2,1
3825887,Abdoulaye Doucouré,12,8,66.67,0,0,0,13,1,5,3,1,0,1
3825887,Adrián Embarba Blázquez,57,43,75.44,3,0,2,13,3,3,3,0,0,1
3825887,Jean-Sylvain Claude Babin,19,13,68.42,1,0,0,6,0,2,1,1,0,0
3825887,Francisco Medina Luna,16,10,62.5,3,0,1,5,0,2,1,1,0,1
3825887,Jesús Fernández Collado,43,18,41.86,0,0,0,0,0,3,0,0,0,0
3825887,Manuel Rolando Iturra Urrutia,26,22,84.62,0,0,1,12,0,2,4,2,0,0
3825887,Rubén Salvador Pérez Del Mármol,33,25,75.76,0,0,2,17,4,6,9,3,2,0
3825887,Cristiano Biraghi,31,27,87.1,0,0,0,7,1,1,4,1,0,0
3825887,Youssef El-Arabi,24,14,58.33,3,2,1,25,1,6,5,1,2,1
3825887,Ricardo Miguel Moreira da Costa,13,10,76.92,1,0,0,4,0,2,1,2,1,1
3825887,Isaac Ajayi Success,15,10,66.67,2,0,1,11,0,1,3,0,4,3
3825887,Juan Carlos Martín Corral,24,24,100.0,0,0,0,0,0,2,0,0,0,1
3825887,Dimitri Foulquier,19,19,100.0,0,0,0,17,1,2,5,3,0,0
3825887,Juan Isaac Cuenca López,15,12,80.0,0,0,1,16,1,4,4,1,1,1
3825887,Tiago Manuel Dias Correia,20,10,50.0,4,0,4,4,1,3,0,0,0,1
3825887,Rene Krhin,9,5,55.56,0,0,0,7,1,2,3,1,1,1
3825887,Alberto Mateus Contreiras Gonçalves,3,3,100.0,3,0,2,2,0,1,0,0,0,0
3825887,Aras Özbiliz,10,6,60.0,0,0,0,6,0,0,0,0,0,1
3825887,Edgar Antonio Méndez Ortega,0,0,0.0,0,0,1,2,0,1,2,0,0,1
3825887,Adalberto Peñaranda Maestre,0,0,0.0,1,0,0,2,0,3,0,0,0,0
3825907,Antoine Griezmann,22,14,63.64,1,1,1,11,5,6,2,0,1,1
3825907,Jorge Resurrección Merodio,51,41,80.39,0,0,3,17,2,9,4,2,3,1
3825907,Claudio Matías Kranevitter,40,29,72.5,0,0,1,19,0,10,3,2,2,3
3825907,Saúl Ñíguez Esclapez,34,16,47.06,0,0,0,17,1,2,9,3,4,2
3825907,Omar Mascarell González,48,38,79.17,0,0,0,14,2,2,1,1,0,2
3825907,Filipe Luís Kasmirski,56,47,83.93,0,0,3,22,3,3,8,2,1,2
3825907,Sergio Álvarez Díaz,56,49,87.5,0,0,3,38,4,6,14,1,1,4
3825907,Luciano Vietto,21,14,66.67,0,0,3,24,2,4,5,1,1,2
3825907,Alberto Lora Ramos,83,65,78.31,1,0,0,9,2,6,10,3,1,0
3825907,Jesús Gámez Duarte,41,28,68.29,0,0,0,13,5,1,4,2,0,1
3825907,Jonathan Rodríguez Menéndez,34,16,47.06,3,0,5,15,1,3,3,6,0,0
3825907,Ángel Martín Correa,18,9,50.0,2,0,1,18,0,1,4,2,3,1
3825907,Ismael López Blanco,68,55,80.88,0,0,1,8,3,7,2,1,3,0
3825907,José María Giménez de Vargas,30,24,80.0,0,0,0,6,2,4,1,3,0,0
3825907,Iván Cuéllar Sacristán,23,18,78.26,0,0,0,0,0,5,0,0,0,0
3825907,Jorge Meré Pérez,69,59,85.51,0,0,0,7,1,1,5,1,1,1
3825907,Ignacio Cases Mora,70,58,82.86,0,0,2,19,0,9,2,1,3,4
3825907,Lucas Hernández Pi,30,19,63.33,0,0,0,11,5,1,3,4,3,2
3825907,Jan Oblak,18,14,77.78,0,0,0,0,0,6,0,0,0,0
3825907,Luis Hernández Rodríguez,82,74,90.24,0,0,0,8,3,10,4,0,0,1
3825907,Arnaldo Antonio Sanabria Ayala,28,16,57.14,3,1,6,12,0,2,8,2,2,1
3825907,Pablo Pérez Rodríguez,29,14,48.28,2,0,1,16,0,2,5,1,0,5
3825907,Carlos Castro García,9,9,100.0,3,1,1,7,0,2,4,1,2,0
3825907,Fernando José Torres Sanz,14,11,78.57,1,0,2,7,0,3,3,0,0,0
3825907,Gabriel Fernández Arenas,20,16,80.0,0,0,0,3,0,5,2,1,0,0
3825907,Carlos Carmona Bonet,18,14,77.78,0,0,1,5,1,1,1,0,2,0
3825907,Juan Francisco Torres Belén,4,4,100.0,0,0,0,1,0,2,1,1,0,1
3825907,Rachid Aït-Atmane,1,1,100.0,0,0,0,0,0,1,0,0,0,0
3825903,Rubén Castro Martín,35,22,62.86,4,0,2,9,0,7,3,0,3,1
3825903,Daniel Ceballos Fernández,72,61,84.72,0,0,12,25,2,13,8,4,2,3
3825903,Heiko Westermann,33,24,72.73,1,0,1,10,3,1,7,2,0,2
3825903,Leandro Damião da Silva dos Santos,15,9,60.0,3,0,2,9,0,3,8,1,2,1
3825903,Miguel Torres Gómez,43,32,74.42,0,0,0,21,1,2,6,3,0,0
3825903,Gonzalo Castro Irizábal,31,22,70.97,0,0,4,15,1,7,2,4,1,1
3825903,Germán Alejandro Pezzella,41,34,82.93,1,0,0,9,1,3,5,2,0,2
3825903,Martín Montoya Torralbo,73,59,80.82,1,0,1,20,1,5,3,2,0,2
3825903,Juan Pablo Añor Acosta,33,18,54.55,1,0,11,35,2,6,3,4,4,1
3825903,Foued Kadir,53,40,75.47,1,0,3,15,1,5,3,1,1,0
3825903,Alfred John Momar N''Diaye,39,28,71.79,2,0,1,34,3,7,8,5,0,3
3825903,Duje Čop,28,24,85.71,1,0,0,24,1,1,4,3,2,0
3825903,Charles Días Barbosa de Oliveira,32,25,78.12,5,0,1,19,0,4,6,3,3,0
3825903,Juan Manuel Vargas Risco,67,40,59.7,1,0,1,5,1,18,2,2,0,2
3825903,Antonio Adán Garrido,28,17,60.71,0,0,0,0,0,4,0,0,0,0
3825903,Ignacio Camacho Barnola,53,40,75.47,1,1,1,25,6,8,9,1,2,2
3825903,Raúl Albentosa Redal,27,20,74.07,3,0,0,8,0,5,4,5,0,2
3825903,Roberto José Rosales Altuve,46,32,69.57,1,0,3,17,3,5,5,4,2,1
3825903,Charly Musonda Junior,43,31,72.09,1,0,6,18,2,3,4,1,1,0
3825903,José Luis García del Pozo,58,44,75.86,1,0,3,32,5,5,2,4,1,2
3825903,Weligton Róbson Pena de Oliveira,36,26,72.22,0,0,1,16,4,5,13,4,1,1
3825903,Francisco Guillermo Ochoa Magaña,23,9,39.13,0,0,0,0,0,3,0,0,0,0
3825903,Jorge Molina Vidal,15,7,46.67,1,0,3,3,0,4,3,0,0,2
3825903,Juan Carlos Pérez López,9,5,55.56,0,0,1,3,1,1,1,1,0,0
3825903,Joaquín Sánchez Rodríguez,22,14,63.64,0,0,1,4,0,2,1,0,0,0
3825903,Pablo Fornals Malla,11,10,90.91,1,0,1,6,0,2,0,0,0,0
3825903,Fabián Ruiz Peña,5,4,80.0,0,0,0,2,1,1,0,0,0,0
3825816,Kevin Gameiro,27,21,77.78,3,0,1,21,1,10,7,1,1,0
3825816,Michael Krohn-Dehli,44,34,77.27,3,0,0,17,0,2,3,0,0,2
3825816,Vicente Iborra De La Fuente,27,23,85.19,4,1,1,8,0,1,1,0,1,2
3825816,Adil Rami,46,38,82.61,0,0,0,2,1,1,2,5,1,0
3825816,Mario Gaspar Pérez Martínez,52,41,78.85,1,0,1,7,0,4,3,4,1,0
3825816,Alphonse Areola,29,18,62.07,0,0,1,0,0,3,0,0,0,0
3825816,Adrián López Álvarez,27,20,74.07,0,0,1,9,0,2,3,1,1,0
3825816,Steven N''Kemboanza Mike Christopher Nzonzi,18,18,100.0,0,0,0,2,0,1,1,1,1,0
3825816,Denis Suárez Fernández,39,28,71.79,2,0,3,13,0,4,3,2,2,0
3825816,Daniel Filipe Martins Carriço,51,46,90.2,0,0,1,14,1,5,4,4,1,2
3825816,Éver Maximiliano David Banega,57,49,85.96,1,0,1,20,0,6,5,3,0,3
3825816,Benoît Trémoulinas,54,41,75.93,0,0,0,11,0,5,3,2,0,0
3825816,Yevhen Konoplyanka,42,33,78.57,1,1,1,6,1,2,3,0,0,0
3825816,Sergio Rico González,29,16,55.17,0,0,0,1,0,4,0,0,0,0
3825816,Mariano Ferreira Filho,47,38,80.85,1,0,1,11,0,2,4,1,0,0
3825816,Víctor Ruíz Torre,37,31,83.78,0,0,0,12,2,5,2,0,1,1
3825816,Bruno Soriano Llido,52,50,96.15,2,0,2,4,1,3,2,0,1,0
3825816,Daniele Bonera,37,34,91.89,1,0,0,15,0,2,5,1,0,2
3825816,Cédric Bakambu,18,16,88.89,3,2,2,15,0,1,8,1,1,7
3825816,Antonio Rukavina,35,27,77.14,0,0,1,7,0,0,4,2,0,0
3825816,Tomás Pina Isla,45,39,86.67,2,0,0,19,2,6,3,0,2,5
3825816,Eric Bertrand Bailly,14,9,64.29,0,0,0,5,0,1,1,1,1,0
3825816,Sebastián Carlos Cristóforo Pepe,34,28,82.35,0,0,0,18,2,4,2,1,4,1
3825816,Samuel Castillejo Azuaga,21,13,61.9,1,0,4,13,0,2,1,0,0,0
3825816,Leonardo Carrilho Baptistão,9,5,55.56,1,0,0,4,0,0,0,0,0,0
3825816,José Antonio Reyes Calderón,5,3,60.0,1,1,0,11,0,2,2,3,0,0
3825816,Sergio Escudero Palomo,4,3,75.0,0,0,0,4,0,0,1,2,2,1
3825815,Francisco Alcácer García,14,9,64.29,2,0,0,12,1,2,3,0,0,0
3825815,Daniel Parejo Muñoz,77,60,77.92,1,0,0,27,0,18,9,1,2,4
3825815,Giuseppe Rossi,19,13,68.42,2,1,2,26,0,2,3,3,1,3
3825815,Aymen Abdennour,37,27,72.97,0,0,1,13,3,5,10,1,1,1
3825815,Diego Alves Carreira,31,17,54.84,0,0,1,0,0,3,0,0,0,0
3825815,Sofiane Feghouli,36,21,58.33,3,0,5,5,0,7,3,1,1,2
3825815,Juan Francisco García García,44,27,61.36,0,0,4,11,5,5,6,0,1,0
3825815,José Luis Morales Nogales,24,17,70.83,1,0,4,24,0,2,5,3,1,0
3825815,João Pedro Cavaco Cancelo,15,11,73.33,0,0,0,3,0,1,3,0,0,0
3825815,José Antonio García Rabasco,74,48,64.86,0,0,0,16,2,8,3,2,1,2
3825815,André Filipe Tavares Gomes,37,31,83.78,0,0,0,12,1,2,4,0,2,0
3825815,Deyverson Brum Silva Acosta,29,13,44.83,5,0,7,29,2,5,7,2,5,0
3825815,Shkodran Mustafi,54,44,81.48,0,0,1,14,3,6,10,1,1,2
3825815,Guilherme Magdalena Siqueira,44,36,81.82,0,0,0,13,1,4,6,1,1,2
3825815,Pablo Daniel Piatti,18,16,88.89,0,0,2,21,0,3,2,3,2,0
3825815,Jefferson Andrés Lerma Solís,48,32,66.67,1,0,1,9,5,8,3,0,0,1
3825815,Joan Verdú Fernández,36,30,83.33,1,0,2,9,2,6,3,1,2,1
3825815,Zouhair Feddal,37,24,64.86,1,0,0,5,1,6,3,1,1,0
3825815,Simão Mate,34,25,73.53,2,0,1,15,5,4,4,2,1,5
3825815,Javier Fuego Martínez,54,33,61.11,0,0,0,32,0,11,10,2,3,4
3825815,Carl Medjani,29,20,68.97,1,0,0,6,2,2,3,1,0,1
3825815,Diego Mariño Villar,32,21,65.62,0,0,0,0,0,10,0,0,1,0
3825815,Antonio Barragán Fernández,52,37,71.15,0,0,0,9,4,6,2,2,1,1
3825815,Rodrigo Moreno Machado,7,3,42.86,0,0,1,3,0,0,1,0,1,1
3825815,Álvaro Negredo Sánchez,6,5,83.33,0,0,1,3,0,0,2,0,1,0
3825815,Pedro López Muñoz,7,7,100.0,0,0,0,2,1,0,0,1,0,1
3825815,Víctor Casadesús Castaño,7,4,57.14,0,0,0,4,0,2,1,0,1,1
3825815,Víctor Camarasa Ferrando,3,1,33.33,0,0,1,5,0,0,0,0,1,1
3825858,Nicolás Ladislao Fedor Flores,14,8,57.14,4,0,1,8,0,2,4,0,2,3
3825858,Aras Özbiliz,11,6,54.55,0,0,0,11,0,1,4,0,1,2
3825858,Roberto Trashorras Gayoso,81,61,75.31,0,0,5,12,0,7,7,2,2,0
3825858,José Ignacio Martínez García,26,20,76.92,0,0,0,9,1,2,0,2,0,1
3825858,Tiago Manuel Dias Correia,27,18,66.67,3,0,4,11,1,6,4,2,1,0
3825858,Ander Capa Rodríguez,43,25,58.14,0,0,1,12,4,6,2,4,1,1
3825858,Takashi Inui,19,10,52.63,2,0,0,22,0,7,5,1,2,3
3825858,Borja González Tomás,16,12,75.0,2,0,0,15,1,0,7,1,1,3
3825858,Diego Javier Llorente Ríos,54,44,81.48,1,0,0,8,2,4,5,0,2,2
3825858,Yoel Rodríguez Oterino,44,28,63.64,0,0,0,1,0,8,0,0,1,0
3825858,José Eduardo Rosa Vale de Castro,65,38,58.46,2,1,0,2,1,3,6,2,1,0
3825858,Manuel Rolando Iturra Urrutia,33,26,78.79,0,0,2,11,2,3,4,1,2,3
3825858,Asier Riesgo Unamuno,35,13,37.14,0,0,0,0,0,4,0,0,1,0
3825858,Adrián González Morales,29,10,34.48,0,0,1,14,0,5,8,2,0,2
3825858,Roberto Román Triguero,55,40,72.73,0,0,1,11,1,2,6,2,1,3
3825858,David Juncà Reñé,46,27,58.7,0,0,3,18,2,3,12,0,1,1
3825858,Josip Radošević,31,21,67.74,0,0,1,29,3,7,2,4,1,3
3825858,Francisco Medina Luna,21,11,52.38,1,0,5,8,1,2,7,1,1,3
3825858,Daniel García Carrillo,28,16,57.14,0,0,1,8,1,2,5,1,3,2
3825858,Mauro Javier Dos Santos,31,17,54.84,0,0,0,6,0,6,4,1,1,2
3825858,Gonzalo Escalante,29,14,48.28,2,1,0,11,0,4,5,3,3,1
3825858,Iván Ramis Barrios,37,23,62.16,1,0,1,3,4,5,6,0,0,1
3825858,Joaquín José Marín Ruiz,25,13,52.0,1,0,0,9,1,2,6,1,0,0
3825858,Adrián Embarba Blázquez,22,10,45.45,0,0,2,3,0,3,5,1,4,0
3825858,Alberto Mateus Contreiras Gonçalves,9,5,55.56,0,0,0,3,0,1,1,1,1,0
3825858,Sergio Enrich Ametller,3,1,33.33,0,0,1,5,1,1,2,0,1,0
3825858,Iñigo Barrenetxea García,0,0,0.0,0,0,0,2,0,0,1,0,0,0
3825858,Jon Ansotegi Gorostola,2,1,50.0,0,0,0,0,0,0,0,0,0,0
3825813,Luciano Vietto,15,13,86.67,0,0,0,13,1,1,2,0,0,0
3825813,Jorge Resurrección Merodio,86,75,87.21,0,0,1,22,1,4,4,4,1,0
3825813,José María Giménez de Vargas,34,23,67.65,1,0,0,4,1,0,1,1,2,0
3825813,Saúl Ñíguez Esclapez,54,42,77.78,2,1,0,14,0,3,3,3,1,3
3825813,Yannick Ferreira Carrasco,36,29,80.56,4,0,7,16,0,9,2,4,3,4
3825813,Manuel Pablo García Díaz,40,31,77.5,0,0,0,0,1,0,0,0,0,0
3825813,Germán Darío Lux,44,31,70.45,0,0,0,0,0,4,0,0,0,0
3825813,Laureano Sanabria Ruiz,44,34,77.27,0,0,2,18,1,6,4,3,2,3
3825813,Federico Nicolás Cartabia,23,18,78.26,1,0,2,23,1,7,4,3,7,0
3825813,Pedro Mosquera Parada,51,44,86.27,0,0,1,13,2,4,2,1,1,2
3825813,Alejandro Arribas Garrido,61,52,85.25,0,0,0,7,5,5,3,3,3,0
3825813,Fayçal Fajr,43,32,74.42,1,0,2,21,1,6,2,2,1,1
3825813,Juan Francisco Torres Belén,42,32,76.19,0,0,0,5,1,5,2,3,0,0
3825813,Jonathan Javier Rodríguez Portillo,15,12,80.0,1,0,2,21,0,2,2,0,1,3
3825813,Celso Borges Mora,53,39,73.58,1,0,0,13,1,4,3,0,0,0
3825813,Antoine Griezmann,30,25,83.33,4,1,1,8,3,4,2,0,0,1
3825813,Diego Roberto Godín Leal,34,29,85.29,1,0,2,7,3,2,0,0,0,1
3825813,Gabriel Fernández Arenas,93,81,87.1,0,0,1,20,5,7,4,1,3,2
3825813,Jan Oblak,16,11,68.75,0,0,0,0,0,1,0,0,0,0
3825813,Alejandro Bergantiños García,17,14,82.35,0,0,0,19,0,0,2,1,0,0
3825813,Alberto Lopo García,48,39,81.25,1,0,1,11,0,1,2,3,0,0
3825813,Filipe Luís Kasmirski,77,62,80.52,1,0,9,11,2,4,3,2,0,2
3825813,Ángel Martín Correa,5,3,60.0,2,1,3,6,0,3,2,1,0,2
3825813,Luis Alberto Romero Alconchel,15,10,66.67,1,0,2,4,1,3,1,0,0,0
3825813,Roberto Suárez Pier,35,29,82.86,0,0,0,5,2,1,0,0,0,0
3825813,Claudio Matías Kranevitter,9,6,66.67,0,0,2,4,1,0,0,0,0,0
3825813,Oriol Riera Magem,7,4,57.14,0,0,0,8,0,1,5,1,0,1
3825813,Óliver Torres Muñoz,5,5,100.0,1,0,0,5,0,0,1,1,0,0
3825814,Jonathas Cristian de Jesus,24,18,75.0,3,0,1,19,1,2,6,0,1,2
3825814,Xabier Prieto Argarate,56,38,67.86,1,0,2,10,0,4,3,0,1,0
3825814,Íñigo Martínez Berridi,57,45,78.95,0,0,2,7,5,6,4,0,2,0
3825814,Aritz Elustondo Irribaria,52,39,75.0,0,0,1,17,4,3,2,2,2,3
3825814,Joseba Zaldúa Bengoetxea,47,34,72.34,0,0,0,7,2,5,4,0,5,0
3825814,Nemanja Radoja,37,29,78.38,0,0,3,25,1,16,7,1,1,4
3825814,Rubén Pardo Gutiérrez,70,43,61.43,3,0,3,21,6,8,3,1,0,0
3825814,Sergi Gómez Solà,35,22,62.86,0,0,1,13,2,10,7,2,1,1
3825814,Daniel Wass,30,22,73.33,2,0,0,14,3,1,2,1,0,1
3825814,Gerónimo Rulli,43,35,81.4,0,0,0,1,0,7,0,0,0,0
3825814,Gustavo Daniel Cabral Cáceres,34,24,70.59,0,0,1,15,1,10,3,2,2,1
3825814,Marcelo Alfonso Díaz Rojas,62,55,88.71,0,0,0,17,2,6,5,2,0,1
3825814,Hugo Mallo Novegil,32,23,71.88,0,0,0,18,3,4,5,5,3,0
3825814,Iago Aspas Juncal,33,23,69.7,2,1,2,11,0,4,7,2,1,2
3825814,Diego Antonio Reyes Rosales,53,43,81.13,1,0,0,15,3,9,3,2,1,1
3825814,Asier Illarramendi Andonegi,48,35,72.92,4,0,1,11,3,9,5,1,3,2
3825814,Yuri Berchiche Izeta,45,33,73.33,0,0,3,15,0,6,1,5,0,1
3825814,Jonathan Castro Otto,37,22,59.46,0,0,1,30,2,4,11,4,1,5
3825814,John Guidetti,10,5,50.0,1,0,1,15,0,2,5,1,0,0
3825814,Mikel Oyarzabal Ugarte,27,17,62.96,1,0,2,10,0,4,6,2,4,2
3825814,Sergio Álvarez Conde,31,15,48.39,0,0,0,0,0,2,0,0,0,0
3825814,Manuel Agudo Durán,44,27,61.36,1,0,4,18,1,5,2,4,1,5
3825814,Carlos Alberto Vela Garrido,15,10,66.67,1,0,2,4,0,1,0,1,0,1
3825814,Claudio Beauvue,9,6,66.67,1,0,1,5,1,1,7,1,1,0
3825814,Josep Señé Escudero,4,2,50.0,0,0,0,2,0,1,2,0,0,0
3825814,Armindo Tué Na Bangna,7,7,100.0,1,0,3,0,0,0,0,0,0,0
3825814,Théo Bongonda Mbul''Ofeko Batombo,1,1,100.0,0,0,3,2,1,1,0,1,0,1
3825814,Héctor Hernández Ortega,3,3,100.0,0,0,0,2,0,0,1,0,0,0
3825812,Carlos Carmona Bonet,34,24,70.59,1,0,2,27,1,2,9,5,1,0
3825812,Arnaldo Antonio Sanabria Ayala,19,12,63.16,2,0,2,9,1,7,7,1,2,0
3825812,Sergio Álvarez Díaz,56,45,80.36,0,0,2,23,1,5,8,3,1,5
3825812,Daniel Arnaud N''Di	,8,2,25.0,0,0,1,6,0,2,1,0,1,1
3825812,Juan Pablo Añor Acosta,45,32,71.11,3,1,9,18,0,9,4,7,2,0
3825812,Jonathan Rodríguez Menéndez,38,19,50.0,3,0,5,10,0,7,5,1,1,2
3825812,Raúl Albentosa Redal,34,24,70.59,0,0,1,9,2,5,3,3,0,1
3825812,Ismael López Blanco,62,43,69.35,0,0,2,20,2,4,4,4,0,2
3825812,Roberto José Rosales Altuve,63,44,69.84,1,0,0,12,1,7,7,2,2,1
3825812,Francisco Guillermo Ochoa Magaña,28,15,53.57,0,0,0,0,0,3,0,0,0,0
3825812,Omar Mascarell González,51,40,78.43,0,0,1,13,5,7,5,7,1,1
3825812,Pablo Fornals Malla,56,44,78.57,2,0,2,8,2,9,3,2,2,0
3825812,Alberto Lora Ramos,69,55,79.71,0,0,1,18,3,4,4,5,0,0
3825812,Iván Cuéllar Sacristán,39,21,53.85,0,0,0,0,0,9,0,0,0,0
3825812,Miguel Torres Gómez,39,29,74.36,0,0,0,12,2,0,3,2,0,1
3825812,Charles Días Barbosa de Oliveira,31,21,67.74,2,0,1,12,3,1,6,1,1,1
3825812,Weligton Róbson Pena de Oliveira,41,27,65.85,1,0,0,11,0,5,1,1,0,2
3825812,Gonzalo Castro Irizábal,36,15,41.67,1,0,7,8,2,9,2,4,3,1
3825812,Luis Hernández Rodríguez,58,47,81.03,0,0,0,7,0,6,3,2,0,3
3825812,José Luis García del Pozo,56,46,82.14,2,0,4,14,0,11,3,0,1,0
3825812,Ikechukwu Uche,23,19,82.61,0,0,2,7,0,0,3,0,3,3
3825812,Jorge Meré Pérez,40,33,82.5,0,0,1,10,2,2,7,1,1,0
3825812,Carlos Castro García,12,9,75.0,1,0,1,5,1,3,4,2,1,0
3825812,Alen Halilović,17,11,64.71,1,0,0,0,0,3,0,0,0,1
3825812,Juan Carlos Pérez López,13,7,53.85,0,0,0,2,0,0,1,1,1,0
3825812,Pablo Pérez Rodríguez,8,7,87.5,1,0,0,1,0,1,5,0,0,1
3825812,Sérgio Paulo Barbosa Valente,16,11,68.75,1,0,1,5,1,2,1,2,0,0
3825812,Christian Atsu Twasam,2,2,100.0,0,0,2,0,0,1,1,0,0,0
3825811,Jonhatan Montiel Caballero,13,10,76.92,1,0,1,15,0,3,0,0,0,0
3825811,Alberto Mateus Contreiras Gonçalves,16,12,75.0,1,0,0,10,2,1,4,2,1,2
3825811,Roberto Trashorras Gayoso,117,104,88.89,0,0,2,13,0,8,2,0,3,1
3825811,Diego Javier Llorente Ríos,73,64,87.67,0,0,2,10,1,5,1,1,2,0
3825811,José Ángel Crespo Rincón,46,39,84.78,0,0,1,11,2,1,3,3,2,2
3825811,Tiago Manuel Dias Correia,40,24,60.0,3,1,7,9,2,8,2,1,0,1
3825811,Álvaro González Soberón,25,14,56.0,0,0,0,5,1,0,1,0,1,2
3825811,Javier López Rodríguez,31,20,64.52,0,0,1,17,3,3,8,3,2,0
3825811,José Ignacio Martínez García,49,38,77.55,0,0,1,7,1,4,3,0,1,0
3825811,Víctor Sánchez Mata,33,25,75.76,2,0,1,36,1,7,6,3,1,4
3825811,José Raúl Baena Urdiales,62,57,91.94,0,0,2,16,1,4,3,1,5,3
3825811,Gerard Moreno Balaguero,22,10,45.45,1,0,4,13,1,3,10,0,2,3
3825811,Abraham González Casanova,29,25,86.21,2,1,0,17,4,9,0,1,0,1
3825811,Roberto Román Triguero,58,44,75.86,1,0,0,11,1,4,8,3,0,1
3825811,Rubén Duarte Sánchez,28,18,64.29,0,0,0,9,3,2,3,3,1,0
3825811,Jorge Franco Alviz,28,16,57.14,2,0,2,10,0,3,5,6,0,0
3825811,Óscar Esau Duarte Gaitán,11,8,72.73,0,0,0,5,0,2,0,0,0,1
3825811,Pau López Sabata,24,9,37.5,0,0,0,0,0,3,0,0,1,0
3825811,Yoel Rodríguez Oterino,32,24,75.0,0,0,0,0,0,3,0,0,0,0
3825811,Adrián Embarba Blázquez,37,24,64.86,0,0,5,16,0,4,5,2,1,4
3825811,Papa Kouly Diop,20,11,55.0,0,0,0,27,1,5,3,1,3,5
3825811,Marco Asensio Willemsen,22,18,81.82,1,0,6,18,2,8,2,3,3,0
3825811,Joaquín José Marín Ruiz,22,19,86.36,0,0,0,5,0,4,0,1,0,0
3825811,Aras Özbiliz,14,8,57.14,1,0,2,6,1,1,1,0,1,0
3825811,Hernán Arsenio Pérez González,18,10,55.56,1,1,0,8,0,4,2,1,0,1
3825811,Javier Guerra Rodríguez,9,8,88.89,0,0,1,3,0,2,1,0,2,2
3825811,Felipe Salvador Caicedo Corozo,8,1,12.5,0,0,0,6,0,0,5,0,0,1
3825811,Enzo Pablo Roco Roco,1,0,0.0,0,0,0,1,0,0,0,0,0,0
3825807,André Filipe Tavares Gomes,51,37,72.55,1,0,3,22,1,13,3,2,2,3
3825807,Francisco Alcácer García,23,16,69.57,1,0,0,10,0,1,5,0,2,2
3825807,Shkodran Mustafi,55,45,81.82,0,0,0,12,2,5,6,7,1,0
3825807,Lucas Hernández Pi,26,19,73.08,0,0,0,4,0,3,4,3,1,1
3825807,Sofiane Feghouli,32,19,59.38,3,0,3,16,0,4,1,2,0,1
3825807,Saúl Ñíguez Esclapez,47,38,80.85,3,0,6,19,3,8,8,1,2,1
3825807,Filipe Luís Kasmirski,69,56,81.16,0,0,1,12,4,9,6,5,2,1
3825807,Jan Oblak,16,8,50.0,0,0,0,0,0,2,0,0,0,0
3825807,João Pedro Cavaco Cancelo,59,47,79.66,0,0,5,13,3,4,5,3,2,2
3825807,Luciano Vietto,26,22,84.62,5,0,2,20,0,6,3,0,2,1
3825807,Enzo Nicolás Pérez,18,14,77.78,0,0,2,3,1,1,2,2,1,0
3825807,Javier Fuego Martínez,49,40,81.63,0,0,1,23,2,8,3,2,0,2
3825807,Aderllan Leandro de Jesus Santos,47,39,82.98,0,0,1,9,1,4,4,3,0,2
3825807,Gabriel Fernández Arenas,97,85,87.63,1,0,1,18,1,8,5,3,2,1
3825807,José María Giménez de Vargas,38,26,68.42,1,0,0,8,4,6,5,3,0,1
3825807,Antoine Griezmann,60,50,83.33,4,1,4,15,1,5,7,1,1,0
3825807,Denis Cheryshev,27,16,59.26,4,1,2,20,2,5,5,4,2,0
3825807,Juan Francisco Torres Belén,72,54,75.0,0,0,3,12,2,7,2,3,0,2
3825807,Guilherme Magdalena Siqueira,59,43,72.88,0,0,4,6,7,6,4,1,1,0
3825807,Claudio Matías Kranevitter,36,29,80.56,1,0,0,12,2,4,4,1,0,3
3825807,Jorge Resurrección Merodio,87,69,79.31,2,0,2,31,4,5,5,4,1,3
3825807,Diego Alves Carreira,36,28,77.78,0,0,0,0,0,2,0,0,0,0
3825807,Danilo Barbosa da Silva,20,14,70.0,1,0,3,10,0,5,1,0,1,1
3825807,Rodrigo Moreno Machado,13,4,30.77,0,0,2,7,0,5,2,1,3,0
3825807,Fernando José Torres Sanz,10,6,60.0,1,1,1,3,0,2,2,0,2,1
3825807,Yannick Ferreira Carrasco,19,15,78.95,3,1,5,4,0,3,1,2,0,0
3825807,Álvaro Negredo Sánchez,6,3,50.0,0,0,0,3,0,0,0,0,0,1
3825807,Óliver Torres Muñoz,8,8,100.0,0,0,0,2,0,0,0,0,0,0
3825809,Rubén Castro Martín,24,14,58.33,1,1,2,7,1,3,1,1,3,0
3825809,Daniel Ceballos Fernández,29,23,79.31,1,0,1,17,0,7,0,2,1,0
3825809,Germán Alejandro Pezzella,45,35,77.78,0,0,0,3,3,3,5,1,2,1
3825809,Fabián Ruiz Peña,15,9,60.0,1,0,1,13,0,2,2,0,0,2
3825809,Hugo Miguel Almeida Costa Lopes,31,22,70.97,0,0,1,9,1,0,1,0,1,1
3825809,Andrés Eduardo Fernández Moreno,29,14,48.28,0,0,0,0,0,8,1,0,0,1
3825809,Martín Montoya Torralbo,52,42,80.77,0,0,1,23,3,1,3,1,3,3
3825809,Youssef El-Arabi,22,14,63.64,0,0,1,20,0,3,8,3,2,2
3825809,Juan Manuel Vargas Risco,29,20,68.97,1,0,0,4,1,6,1,3,1,1
3825809,Antonio Adán Garrido,37,20,54.05,0,0,0,0,0,4,0,0,0,0
3825809,Adalberto Peñaranda Maestre,19,15,78.95,0,0,0,12,0,5,3,4,0,4
3825809,Isaac Ajayi Success,25,16,64.0,2,0,8,9,0,0,6,3,3,2
3825809,Bruno González Cabrera,33,30,90.91,1,0,0,9,3,3,6,2,1,0
3825809,Alfred John Momar N''Diaye,24,19,79.17,2,1,1,17,2,3,2,2,0,0
3825809,Cristiano Biraghi,68,50,73.53,1,0,0,13,0,2,5,2,0,1
3825809,Abdoulaye Doucouré,64,56,87.5,0,0,1,19,0,8,7,2,1,1
3825809,Rubén Salvador Pérez Del Mármol,58,47,81.03,1,0,0,17,0,4,6,1,1,2
3825809,Charly Musonda Junior,25,17,68.0,1,0,4,29,2,5,5,0,4,2
3825809,Rubén Rochina Naixes,46,34,73.91,3,0,2,14,0,6,1,0,3,1
3825809,Álvaro Cejudo Carmona,12,7,58.33,1,0,2,10,2,2,3,1,1,1
3825809,Ricardo Miguel Moreira da Costa,38,34,89.47,0,0,0,5,1,7,2,1,0,2
3825809,Jean-Sylvain Claude Babin,33,30,90.91,1,0,0,1,1,1,4,2,0,0
3825809,Jorge Molina Vidal,19,12,63.16,1,0,2,14,0,1,9,0,2,0
3825809,David Barral Torres,8,8,100.0,2,0,2,5,0,0,0,0,0,3
3825809,Petros Matheus dos Santos Araújo,8,7,87.5,0,0,1,6,2,2,0,1,2,1
3825809,Joaquín Sánchez Rodríguez,12,8,66.67,1,0,1,2,0,1,0,0,0,0
3825809,Dimitri Foulquier,11,11,100.0,0,0,2,1,0,2,0,0,0,1
3825809,Francisco Manuel Rico Castro,15,13,86.67,0,0,0,1,0,0,0,0,0,0
3825810,Giuseppe Rossi,13,10,76.92,1,0,2,8,0,4,1,1,0,1
3825810,Deyverson Brum Silva Acosta,39,22,56.41,2,1,1,12,1,9,6,1,2,3
3825810,José Antonio García Rabasco,57,43,75.44,0,0,3,27,2,7,7,3,0,3
3825810,Zouhair Feddal,30,23,76.67,0,0,1,7,3,1,1,2,2,2
3825810,Carl Medjani,32,22,68.75,0,0,1,9,4,2,2,4,1,1
3825810,Aritz Elustondo Irribaria,54,43,79.63,1,0,1,13,4,5,6,1,1,1
3825810,José Luis Morales Nogales,24,18,75.0,2,0,6,15,1,7,4,0,1,1
3825810,Asier Illarramendi Andonegi,66,55,83.33,0,0,1,20,5,7,7,1,3,1
3825810,Xabier Prieto Argarate,35,27,77.14,0,0,2,7,0,2,0,0,1,1
3825810,Carlos Alberto Vela Garrido,65,49,75.38,3,0,0,14,0,7,4,0,1,1
3825810,Antonio García Aranda,42,33,78.57,1,0,2,12,2,4,3,5,1,3
3825810,Íñigo Martínez Berridi,42,32,76.19,0,0,2,9,2,9,8,4,1,0
3825810,Rubén Pardo Gutiérrez,46,34,73.91,2,0,0,16,0,3,1,3,0,2
3825810,Diego Antonio Reyes Rosales,47,41,87.23,1,1,0,12,4,2,10,0,2,1
3825810,Gerónimo Rulli,29,20,68.97,0,0,0,0,0,5,0,0,0,0
3825810,Jefferson Andrés Lerma Solís,39,29,74.36,1,0,1,16,1,5,5,0,3,2
3825810,Mikel Oyarzabal Ugarte,36,25,69.44,2,0,6,25,0,3,5,2,3,2
3825810,Iván López Mendoza,34,24,70.59,1,0,1,12,2,3,6,6,2,3
3825810,Yuri Berchiche Izeta,65,44,67.69,1,0,3,16,0,5,2,1,0,2
3825810,Jonathas Cristian de Jesus,14,10,71.43,2,0,1,5,2,1,4,2,3,1
3825810,Joan Verdú Fernández,25,21,84.0,1,0,2,9,1,2,3,1,2,0
3825810,Diego Mariño Villar,39,24,61.54,0,0,0,0,0,7,0,0,0,0
3825810,Esteban Félix Granero Molina,23,18,78.26,1,0,3,15,1,3,4,2,2,2
3825810,Rubén García Santos,8,5,62.5,1,0,1,8,0,1,1,1,0,0
3825810,Armindo Tué Na Bangna,17,12,70.59,2,0,2,3,0,4,0,0,1,0
3825810,Simão Mate,4,3,75.0,0,0,0,2,0,0,0,0,0,0
3825810,Juan Francisco García García,3,1,33.33,0,0,0,2,0,0,0,0,0,0
3825808,Aritz Aduriz Zubeldia,27,18,66.67,2,0,1,6,0,4,3,2,3,2
3825808,Beñat Etxebarria Urkiaga,77,64,83.12,2,1,1,22,0,6,3,0,1,2
3825808,Aymeric Laporte,62,55,88.71,0,0,1,11,1,3,7,2,4,2
3825808,Jorge Meré Pérez,48,40,83.33,0,0,0,7,1,3,5,1,0,1
3825808,Markel Susaeta Laskurain,29,24,82.76,0,0,5,8,1,6,0,3,1,0
3825808,Roberto Canella Suárez,43,34,79.07,0,0,0,9,2,3,2,1,0,1
3825808,Arnaldo Antonio Sanabria Ayala,14,11,78.57,1,0,3,13,0,1,8,3,0,2
3825808,Daniel Arnaud N''Di	,22,14,63.64,1,0,3,7,0,3,7,4,3,2
3825808,Jonathan Rodríguez Menéndez,18,11,61.11,1,0,6,13,0,1,1,4,1,2
3825808,Iker Muniain Goñi,31,24,77.42,1,0,2,15,0,3,4,0,4,0
3825808,Ognjen Vranješ,42,34,80.95,0,0,0,17,1,4,6,1,1,3
3825808,Rachid Aït-Atmane,63,45,71.43,0,0,2,27,3,13,7,2,3,2
3825808,Mikel Balenziaga Oruesagasti,43,28,65.12,0,0,3,17,5,3,2,6,0,3
3825808,Raúl García Escudero,48,29,60.42,3,0,4,23,3,2,7,4,3,3
3825808,Luis Hernández Rodríguez,61,54,88.52,0,0,0,7,4,4,4,0,0,2
3825808,Óscar de Marcos Arana,61,45,73.77,1,1,0,14,1,2,5,4,1,0
3825808,Xabier Etxeita Gorritxategi,38,30,78.95,0,0,0,10,3,4,4,4,0,0
3825808,Mikel San José Domínguez,74,63,85.14,0,0,2,31,3,4,4,2,0,4
3825808,Gorka Iraizoz Moreno,41,24,58.54,0,0,0,0,0,4,0,0,0,0
3825808,Omar Mascarell González,56,41,73.21,0,0,0,28,0,4,6,2,1,2
3825808,Alen Halilović,35,23,65.71,1,0,9,12,0,4,1,2,6,0
3825808,Iván Cuéllar Sacristán,33,17,51.52,0,0,0,0,0,6,0,0,0,0
3825808,Carlos Castro García,3,0,0.0,0,0,1,1,0,0,4,0,0,0
3825808,Sabin Merino Zuloaga,10,9,90.0,1,0,3,4,0,1,0,0,0,0
3825808,Alejandro Menéndez Díez,17,10,58.82,0,0,1,7,1,0,3,1,0,0
3825808,Javier Eraso Goñi,5,5,100.0,1,0,2,6,0,2,0,2,0,0
3825808,Alejandro Barrera García,10,8,80.0,1,0,1,10,0,1,3,0,0,1
3825808,Carlos Gurpegi Nausia,0,0,0.0,0,0,0,2,0,0,2,0,0,0
3825804,Charles Días Barbosa de Oliveira,20,15,75.0,1,1,0,9,0,1,4,1,2,3
3825804,Weligton Róbson Pena de Oliveira,37,21,56.76,0,0,0,12,1,4,4,3,2,0
3825804,Fernando Navarro i Corbacho,56,49,87.5,0,0,0,6,0,6,3,1,1,1
3825804,Luis Carlos Correia Pinto,64,41,64.06,0,0,4,9,2,5,4,2,0,1
3825804,Lucas Pérez Martínez,33,27,81.82,4,1,3,10,0,3,3,0,0,2
3825804,Roque Luis Santa Cruz Cantero,20,13,65.0,0,0,1,5,0,1,0,0,2,1
3825804,Pedro Mosquera Parada,56,47,83.93,1,0,0,13,0,4,3,3,2,2
3825804,Roberto José Rosales Altuve,51,30,58.82,0,0,2,16,1,4,1,2,1,0
3825804,Luis Alberto Romero Alconchel,37,26,70.27,2,0,1,13,0,5,2,4,1,0
3825804,Germán Darío Lux,38,15,39.47,0,0,0,0,0,3,0,0,0,0
3825804,Celso Borges Mora,27,24,88.89,1,1,0,12,2,2,6,3,4,1
3825804,Ignacio Camacho Barnola,64,51,79.69,1,1,1,18,2,5,2,2,2,3
3825804,Christian Atsu Twasam,25,20,80.0,1,0,4,18,1,4,7,2,1,2
3825804,Gonzalo Castro Irizábal,16,11,68.75,1,0,2,2,0,0,2,0,0,0
3825804,Juan Francisco Moreno Fuertes,71,46,64.79,2,0,1,7,3,11,1,1,2,0
3825804,Federico Nicolás Cartabia,39,30,76.92,2,1,3,19,0,1,6,4,1,1
3825804,Alejandro Bergantiños García,35,27,77.14,2,0,0,12,0,4,4,1,0,2
3825804,Raúl Albentosa Redal,41,28,68.29,1,0,0,13,2,4,1,2,1,0
3825804,Miguel Torres Gómez,40,22,55.0,0,0,0,10,2,1,3,5,0,2
3825804,José Luis García del Pozo,60,45,75.0,0,0,4,19,1,6,2,1,1,1
3825804,Idriss Carlos Kameni,14,10,71.43,0,0,0,0,0,7,0,1,0,0
3825804,Alejandro Arribas Garrido,48,37,77.08,0,0,0,4,2,2,4,1,1,1
3825804,Francisco Guillermo Ochoa Magaña,16,9,56.25,0,0,0,0,0,3,0,0,0,0
3825804,Ricardo Jorge Luz Horta,14,11,78.57,0,0,1,14,0,2,2,1,0,3
3825804,Pablo Fornals Malla,13,11,84.62,0,0,1,9,0,0,1,1,1,0
3825804,Fayçal Fajr,13,9,69.23,1,0,1,1,1,2,1,2,0,1
3825804,Jonás Manuel Gutiérrez,6,3,50.0,0,0,0,1,1,0,0,1,0,0
3825804,Oriol Riera Magem,3,3,100.0,0,0,0,2,0,0,0,0,2,1
3825804,Manuel Fernández Muñíz,0,0,0.0,0,0,0,0,0,0,0,0,0,0
3825867,Álvaro Vázquez García,14,10,71.43,2,0,3,17,1,2,8,1,4,3
3825867,Álvaro Medrán Just,35,31,88.57,2,0,3,10,0,3,1,1,2,1
3825867,Mehdi Lacen,41,33,80.49,1,0,1,24,2,11,3,1,1,3
3825867,Kevin Gameiro,20,16,80.0,1,0,3,17,2,0,1,1,2,0
3825867,Abdoul Karim Yoda,55,39,70.91,0,0,10,7,0,6,1,1,1,0
3825867,Víctor Rodríguez Romero,22,17,77.27,0,0,0,9,2,4,5,1,2,2
3825867,Adil Rami,40,29,72.5,1,0,0,4,3,5,2,0,3,0
3825867,Steven N''Kemboanza Mike Christopher Nzonzi,34,21,61.76,0,0,0,22,0,1,3,3,1,4
3825867,Éver Maximiliano David Banega,66,50,75.76,3,1,7,10,2,7,2,2,5,1
3825867,Pablo Sarabia García,40,18,45.0,4,0,3,18,0,8,3,4,2,2
3825867,Jorge Andújar Moreno,36,25,69.44,2,0,1,18,1,1,4,0,0,1
3825867,Juan Torres Ruiz,43,27,62.79,0,0,0,8,1,1,1,1,0,1
3825867,Emiliano Daniel Velázquez Maldonado,23,14,60.87,2,1,1,13,1,6,5,2,0,2
3825867,Juan Antonio Rodríguez Villamuela,38,27,71.05,0,0,0,17,2,3,5,4,3,1
3825867,Diogo José Rosário Gomes Figueiras,13,9,69.23,0,0,2,15,0,2,3,0,1,1
3825867,Timothée Kolodziejczak,44,30,68.18,0,0,0,6,3,5,1,2,0,3
3825867,Sergio Escudero Palomo,43,27,62.79,0,0,0,13,5,3,4,4,1,1
3825867,Daniel Filipe Martins Carriço,43,28,65.12,0,0,0,26,1,2,3,4,2,2
3825867,Víctor Machín Pérez,34,26,76.47,0,0,7,32,1,2,3,1,5,2
3825867,Emiliano Buendía,52,40,76.92,3,0,0,25,4,9,9,0,0,5
3825867,Sergio Rico González,32,21,65.62,0,0,0,0,0,4,0,0,0,0
3825867,Vicente Guaita Panadero,31,13,41.94,0,0,0,0,0,9,0,0,1,0
3825867,Michael Krohn-Dehli,11,10,90.91,0,0,1,5,1,3,1,2,0,1
3825867,Yevhen Konoplyanka,13,8,61.54,0,0,2,2,4,3,1,2,0,0
3825867,Wanderson Maciel Sousa Campos,7,3,42.86,0,0,1,2,0,4,1,0,0,0
3825867,Pedro León Sánchez Gil,8,2,25.0,0,0,0,0,0,2,0,0,0,0
3825867,Vicente Iborra De La Fuente,2,0,0.0,0,0,0,1,0,0,1,0,0,0
3825867,Stefan Šćepović,1,0,0.0,0,0,0,2,0,0,1,0,0,0
3825805,Willian José da Silva,19,14,73.68,5,0,0,18,1,1,6,0,3,1
3825805,Jonathan Viera Ramos,53,45,84.91,2,0,3,30,1,7,1,0,1,1
3825805,Pedro Bigas Rigo,54,44,81.48,0,0,0,6,3,0,4,2,1,0
3825805,Mauricio Lemos Merladet,35,30,85.71,0,0,1,18,3,0,5,1,0,1
3825805,David García Santana,47,36,76.6,1,1,1,8,1,0,2,1,0,0
3825805,Tomás Pina Isla,56,52,92.86,0,0,1,11,0,6,4,1,0,2
3825805,Roberto Soldado Rillo,39,27,69.23,2,0,1,13,2,2,2,1,1,1
3825805,Javier Varas Herrera,44,29,65.91,0,0,0,0,0,6,0,0,0,0
3825805,Jerónimo Figueroa Cabrera,68,64,94.12,0,0,7,20,5,8,0,3,1,0
3825805,Bruno Soriano Llido,107,89,83.18,1,0,4,11,2,9,1,1,0,0
3825805,Samuel Castillejo Azuaga,13,8,61.54,0,0,2,22,1,2,1,1,2,1
3825805,Adrián López Álvarez,31,19,61.29,0,0,2,11,0,3,0,1,0,0
3825805,Denis Suárez Fernández,65,52,80.0,1,0,2,18,1,6,5,3,1,1
3825805,Francisco José Perdomo Borges,39,26,66.67,1,0,5,22,3,8,2,1,1,0
3825805,Adrián Marín Gómez,61,47,77.05,0,0,2,20,0,3,6,2,0,1
3825805,Ángel Montoro Sánchez,70,64,91.43,0,0,0,18,8,2,2,4,1,4
3825805,Mario Gaspar Pérez Martínez,95,82,86.32,5,0,0,10,3,9,3,1,0,0
3825805,Daniele Bonera,76,67,88.16,0,0,0,8,0,2,3,1,0,2
3825805,Alphonse Areola,21,18,85.71,0,0,0,0,0,5,0,0,0,0
3825805,Víctor Ruíz Torre,81,74,91.36,0,0,1,3,3,3,3,2,0,1
3825805,Javier Garrido Behovide,61,46,75.41,0,0,0,13,3,2,6,4,1,1
3825805,Nabil El Zhar,27,20,74.07,0,0,4,17,3,2,5,3,1,1
3825805,Leonardo Carrilho Baptistão,32,18,56.25,1,0,1,8,0,2,1,1,4,2
3825805,Cédric Bakambu,7,7,100.0,1,0,0,2,0,0,1,0,0,0
3825805,Sergio Ezequiel Araújo,8,4,50.0,1,0,2,11,1,1,5,0,1,0
3825805,Manuel Trigueros Muñoz,15,12,80.0,1,0,0,3,0,4,2,1,1,0
3825805,David Simón Rodríguez Santana,5,1,20.0,0,0,2,3,0,1,0,0,0,0
3825805,Ángel Domingo López Ruano,1,0,0.0,0,0,0,1,0,0,0,0,0,0
3825784,Cédric Bakambu,28,19,67.86,1,0,4,22,0,2,7,1,0,3
3825784,Roberto Soldado Rillo,26,19,73.08,0,0,1,12,0,3,3,0,2,0
3825784,Tomás Pina Isla,50,39,78.0,0,0,1,20,3,7,6,0,3,4
3825784,Eric Bertrand Bailly,38,22,57.89,0,0,4,14,3,5,4,2,1,4
3825784,Stefan Savić,55,38,69.09,0,0,1,7,2,2,2,0,1,1
3825784,Antoine Griezmann,33,26,78.79,2,0,4,16,0,4,7,1,1,2
3825784,Víctor Ruíz Torre,39,28,71.79,0,0,2,8,2,4,8,1,1,0
3825784,Daniele Bonera,40,27,67.5,1,0,0,8,1,2,6,1,1,0
3825784,Jorge Resurrección Merodio,91,69,75.82,1,0,3,18,3,6,3,0,1,2
3825784,Saúl Ñíguez Esclapez,32,21,65.62,3,0,0,20,1,8,6,2,1,3
3825784,Ángel Martín Correa,26,17,65.38,1,0,2,27,1,6,5,1,4,2
3825784,Antonio Rukavina,32,20,62.5,1,0,3,10,1,6,4,5,4,1
3825784,Mario Gaspar Pérez Martínez,54,38,70.37,1,0,1,19,2,4,5,5,1,2
3825784,Diego Roberto Godín Leal,49,35,71.43,2,0,0,8,2,5,6,3,1,1
3825784,Jan Oblak,24,17,70.83,0,0,0,0,0,2,0,0,0,0
3825784,Filipe Luís Kasmirski,88,71,80.68,0,0,5,18,3,8,6,2,4,1
3825784,Fernando José Torres Sanz,19,11,57.89,1,0,2,15,1,3,12,0,1,3
3825784,Bruno Soriano Llido,45,35,77.78,0,0,0,16,2,5,3,4,0,1
3825784,Samuel Castillejo Azuaga,28,16,57.14,0,0,2,20,4,5,1,4,5,1
3825784,Juan Francisco Torres Belén,77,64,83.12,0,0,0,7,2,5,3,2,2,1
3825784,Gabriel Fernández Arenas,72,54,75.0,0,0,1,25,1,9,5,4,1,3
3825784,Alphonse Areola,33,15,45.45,0,0,0,0,0,3,0,0,0,0
3825784,Óliver Torres Muñoz,28,22,78.57,1,0,1,3,0,4,2,0,0,0
3825784,Adrián López Álvarez,12,8,66.67,0,0,0,2,0,2,3,0,1,0
3825784,Luciano Vietto,11,8,72.73,1,0,1,4,0,3,0,0,1,0
3825784,Denis Suárez Fernández,7,4,57.14,1,0,0,7,1,1,0,2,0,1
3825784,Claudio Matías Kranevitter,6,3,50.0,0,0,0,5,1,0,2,1,0,0
3825784,Leonardo Carrilho Baptistão,2,2,100.0,0,0,0,8,0,0,1,0,0,1
3825782,André Filipe Tavares Gomes,41,32,78.05,2,0,4,30,0,5,7,4,1,3
3825782,Francisco Alcácer García,12,8,66.67,4,0,0,12,1,4,8,1,0,0
3825782,Daniel Parejo Muñoz,63,51,80.95,1,1,4,51,3,1,5,0,4,4
3825782,David Barral Torres,18,17,94.44,1,0,0,10,1,1,4,2,2,3
3825782,João Pedro Cavaco Cancelo,52,44,84.62,1,0,2,18,2,5,3,1,1,2
3825782,Shkodran Mustafi,59,50,84.75,0,0,0,11,2,3,0,2,0,3
3825782,Aderllan Leandro de Jesus Santos,51,42,82.35,1,0,0,11,1,1,2,4,1,0
3825782,Rubén Rochina Naixes,67,47,70.15,3,0,4,15,0,13,3,2,4,3
3825782,Sofiane Feghouli,31,18,58.06,0,0,1,18,1,3,3,1,2,1
3825782,Dimitri Foulquier,44,38,86.36,2,0,1,9,2,3,4,2,0,2
3825782,Adalberto Peñaranda Maestre,13,13,100.0,1,0,1,8,0,3,2,2,2,0
3825782,Rubén Salvador Pérez Del Mármol,52,37,71.15,0,0,2,18,1,3,4,2,3,1
3825782,Guilherme Magdalena Siqueira,32,25,78.12,0,0,1,17,3,1,6,1,2,3
3825782,Denis Cheryshev,18,10,55.56,1,0,3,19,3,1,6,2,0,1
3825782,Diego Alves Carreira,34,20,58.82,0,0,0,0,0,5,0,0,0,0
3825782,Ricardo Miguel Moreira da Costa,48,40,83.33,1,0,1,6,1,3,2,1,0,0
3825782,Isaac Ajayi Success,34,21,61.76,1,0,5,11,0,8,3,2,6,3
3825782,Francisco Manuel Rico Castro,74,64,86.49,1,0,0,13,2,6,4,1,0,2
3825782,Hugo Miguel Almeida Costa Lopes,70,56,80.0,1,0,2,14,1,4,7,3,0,2
3825782,David Rodríguez Lombán,46,42,91.3,0,0,0,6,2,2,2,3,0,1
3825782,Andrés Eduardo Fernández Moreno,26,15,57.69,0,0,0,0,0,3,0,0,0,0
3825782,Enzo Nicolás Pérez,47,42,89.36,0,0,1,16,1,6,3,0,3,1
3825782,Edgar Antonio Méndez Ortega,17,14,82.35,1,1,0,6,0,1,1,1,1,1
3825782,Youssef El-Arabi,8,6,75.0,3,0,1,6,0,4,3,0,0,1
3825782,Juan Isaac Cuenca López,9,7,77.78,0,0,1,4,0,1,0,0,1,1
3825782,Pablo Daniel Piatti,7,7,100.0,0,0,3,12,1,3,1,0,3,1
3825782,Santiago Mina Lorenzo,2,2,100.0,1,1,0,2,0,2,1,0,0,0
3825782,Antonio Barragán Fernández,3,1,33.33,0,0,0,2,0,1,0,0,0,0
3825757,Francisco Román Alarcón Suárez,85,73,85.88,4,0,7,23,3,6,3,0,4,2
3825757,Karim Benzema,27,22,81.48,5,1,1,6,0,0,2,0,2,1
3825757,Luka Modrić,53,47,88.68,0,0,3,7,2,4,2,1,3,0
3825757,Toni Kroos,55,51,92.73,0,0,1,16,1,2,0,0,5,2
3825757,Raphaël Varane,63,52,82.54,0,0,1,4,0,2,0,2,0,1
3825757,Daniel Carvajal Ramos,68,64,94.12,0,0,2,17,1,2,2,4,1,3
3825757,Sergio Ramos García,80,72,90.0,0,0,0,7,3,3,0,3,0,3
3825757,Marcelo Vieira da Silva Júnior,98,89,90.82,1,0,4,18,3,3,3,2,1,1
3825757,Joan Jordán Moreno,41,37,90.24,2,0,3,33,1,4,6,1,0,3
3825757,James David Rodríguez Rubio,75,66,88.0,3,1,2,21,2,4,1,1,2,3
3825757,Salvador Sevilla López,18,15,83.33,1,0,0,9,0,1,1,1,0,0
3825757,Cristiano Ronaldo dos Santos Aveiro,29,26,89.66,5,3,3,10,0,3,1,1,3,0
3825757,Hernán Arsenio Pérez González,43,34,79.07,2,0,11,28,2,3,3,2,3,0
3825757,Giedrius Arlauskis,25,8,32.0,0,0,0,1,0,2,1,0,0,0
3825757,Rubén Duarte Sánchez,22,12,54.55,0,0,0,16,1,1,3,1,0,1
3825757,Keylor Navas Gamboa,19,17,89.47,0,0,0,0,0,0,0,0,0,0
3825757,Álvaro González Soberón,33,30,90.91,1,0,0,16,3,2,4,3,2,3
3825757,Javier López Rodríguez,37,27,72.97,0,0,3,22,2,3,5,2,2,4
3825757,Víctor Sánchez Mata,21,17,80.95,0,0,1,22,1,2,0,2,2,2
3825757,Mamadou Sylla Diallo,14,12,85.71,2,0,1,24,0,0,8,2,3,5
3825757,Papa Kouly Diop,37,32,86.49,2,0,1,20,3,3,2,6,4,4
3825757,Enzo Pablo Roco Roco,20,15,75.0,1,0,0,10,1,1,0,1,0,1
3825757,Óscar Esau Duarte Gaitán,10,6,60.0,1,0,0,5,0,0,1,0,0,0
3825757,Juan Rafael Fuentes Hernández,19,16,84.21,1,0,0,5,1,0,0,1,1,1
3825757,Abraham González Casanova,21,17,80.95,2,0,1,5,1,3,0,1,1,1
3825757,Jesé Rodríguez Ruiz,19,15,78.95,0,0,0,3,0,3,1,0,1,1
3825757,Carlos Henrique Casimiro,13,10,76.92,0,0,0,11,1,2,0,0,1,3
3825757,Lucas Vázquez Iglesias,12,8,66.67,0,0,0,4,0,1,0,0,0,0
3825641,Miguel Ángel Guerrero Martín,18,15,83.33,0,0,1,9,0,0,6,2,0,2
3825641,Ignacio Cases Mora,43,39,90.7,0,0,0,12,1,3,7,1,1,2
3825641,Omar Mascarell González,24,17,70.83,0,0,0,7,0,3,2,1,0,2
3825641,Alberto Lora Ramos,64,52,81.25,0,0,0,6,2,4,1,3,1,0
3825641,Luis Hernández Rodríguez,60,47,78.33,0,0,1,4,5,6,2,2,0,1
3825641,Mikel Balenziaga Oruesagasti,52,40,76.92,1,0,1,21,4,8,7,3,1,0
3825641,Aritz Aduriz Zubeldia,27,19,70.37,7,2,3,16,0,1,4,0,0,1
3825641,Gorka Iraizoz Moreno,33,22,66.67,0,0,0,0,0,3,0,0,0,0
3825641,Xabier Etxeita Gorritxategi,53,47,88.68,2,0,1,6,0,4,0,4,0,0
3825641,Iñaki Williams Arthuer,25,15,60.0,1,0,3,12,1,4,1,1,2,0
3825641,Ismael López Blanco,55,41,74.55,0,0,3,12,3,5,4,3,0,2
3825641,Jonathan Rodríguez Menéndez,25,20,80.0,1,0,6,12,0,0,2,1,1,0
3825641,Óscar de Marcos Arana,51,43,84.31,0,0,2,13,2,6,2,0,1,0
3825641,Markel Susaeta Laskurain,29,23,79.31,1,1,3,22,1,3,3,1,2,0
3825641,Raúl García Escudero,42,30,71.43,4,0,1,21,0,1,6,2,3,2
3825641,Alberto García Cabrera,37,19,51.35,0,0,0,0,0,5,0,1,0,0
3825641,Sergio Álvarez Díaz,49,37,75.51,0,0,0,17,1,4,8,1,1,2
3825641,Beñat Etxebarria Urkiaga,66,50,75.76,1,0,1,21,1,4,4,1,3,1
3825641,Bernardo José Espinosa Zúñiga,47,38,80.85,0,0,0,9,2,5,4,3,0,1
3825641,Mikel San José Domínguez,60,42,70.0,1,0,0,15,2,6,1,1,0,2
3825641,Aymeric Laporte,46,36,78.26,1,0,0,9,6,3,2,0,3,2
3825641,Alen Halilović,18,12,66.67,4,0,1,2,1,3,1,0,1,1
3825641,Carlos Carmona Bonet,26,18,69.23,0,0,2,12,1,2,3,2,1,2
3825641,Sergio Mendigutxia Iglesias,8,5,62.5,1,0,1,4,0,0,1,0,2,1
3825641,Pablo Pérez Rodríguez,10,7,70.0,0,0,0,5,1,1,0,0,0,0
3825641,Eneko Bóveda Altube,12,10,83.33,0,0,0,3,0,2,0,1,0,0
3825641,Ibai Gómez Pérez,4,2,50.0,1,0,0,5,0,0,0,0,0,1
3825641,Javier Eraso Goñi,6,4,66.67,0,0,0,3,0,0,0,0,0,0
3825803,Carlos Castro García,11,10,90.91,0,0,1,8,0,2,4,0,0,0
3825803,Alberto Lora Ramos,40,27,67.5,1,0,5,17,1,5,4,1,2,3
3825803,Luis Hernández Rodríguez,47,40,85.11,1,0,0,3,3,3,3,1,3,1
3825803,Arnaldo Antonio Sanabria Ayala,28,18,64.29,0,0,1,15,0,3,14,0,2,0
3825803,Hugo Miguel Almeida Costa Lopes,54,37,68.52,1,0,1,10,1,2,5,0,0,1
3825803,Rubén Rochina Naixes,46,30,65.22,3,0,1,12,1,6,1,1,2,1
3825803,Roberto Canella Suárez,52,37,71.15,0,0,0,13,0,2,3,2,3,1
3825803,Jorge Meré Pérez,47,36,76.6,0,0,0,5,2,3,6,2,0,1
3825803,Iván Cuéllar Sacristán,36,13,36.11,0,0,0,1,0,5,0,0,1,0
3825803,Adalberto Peñaranda Maestre,15,10,66.67,0,0,2,16,0,1,1,2,2,3
3825803,Youssef El-Arabi,27,18,66.67,3,1,0,19,0,3,9,3,2,2
3825803,Andrés Eduardo Fernández Moreno,26,17,65.38,0,0,0,0,0,7,0,0,0,0
3825803,Omar Mascarell González,48,39,81.25,2,0,0,18,1,6,6,2,0,3
3825803,Jonathan Rodríguez Menéndez,33,19,57.58,0,0,6,16,2,3,2,4,4,1
3825803,Abdoulaye Doucouré,61,53,86.89,0,0,0,13,3,6,2,5,0,2
3825803,Ricardo Miguel Moreira da Costa,49,41,83.67,1,0,0,11,0,2,1,0,0,1
3825803,Cristiano Biraghi,62,45,72.58,1,0,1,8,0,7,5,2,1,1
3825803,Ognjen Vranješ,34,27,79.41,0,0,1,18,3,4,4,3,2,1
3825803,Isaac Ajayi Success,28,17,60.71,3,1,4,15,0,6,11,2,4,5
3825803,Francisco Manuel Rico Castro,55,41,74.55,1,0,0,18,2,3,2,0,0,4
3825803,Jean-Sylvain Claude Babin,47,44,93.62,0,0,0,3,1,3,0,0,0,1
3825803,Sergio Álvarez Díaz,39,30,76.92,0,0,1,26,0,8,5,2,2,4
3825803,Rubén Salvador Pérez Del Mármol,18,16,88.89,0,0,0,5,0,1,2,1,1,2
3825803,Alen Halilović,11,8,72.73,0,0,2,2,0,1,0,0,3,0
3825803,David Barral Torres,9,6,66.67,1,0,1,4,0,0,0,0,2,2
3825803,Juan Isaac Cuenca López,3,3,100.0,0,0,0,2,0,3,0,1,0,0
3825803,Daniel Arnaud N''Di	,0,0,0.0,0,0,0,0,0,0,0,0,2,0
3825800,Leonardo Carrilho Baptistão,25,19,76.0,1,0,3,9,0,3,1,0,1,0
3825800,Cédric Bakambu,33,21,63.64,4,0,2,11,0,2,5,1,3,4
3825800,Manuel Trigueros Muñoz,35,32,91.43,0,0,0,15,4,6,2,0,1,4
3825800,Tomás Pina Isla,28,24,85.71,0,0,0,20,2,4,4,1,1,1
3825800,Eric Bertrand Bailly,29,22,75.86,0,0,0,9,4,4,3,3,0,2
3825800,Matías Nahuel Leiva Esquivel,21,16,76.19,0,0,2,18,1,1,2,2,1,4
3825800,Mario Gaspar Pérez Martínez,46,29,63.04,1,0,1,12,8,6,7,4,0,3
3825800,Jonathan Castro Otto,93,78,83.87,0,0,1,17,2,10,6,1,0,1
3825800,Sergi Gómez Solà,75,70,93.33,0,0,0,19,3,3,5,1,0,0
3825800,Gustavo Daniel Cabral Cáceres,69,64,92.75,0,0,0,11,3,2,6,1,0,0
3825800,Hugo Mallo Novegil,79,73,92.41,0,0,0,17,2,3,5,1,0,3
3825800,Iago Aspas Juncal,44,34,77.27,0,0,1,16,2,3,1,2,2,0
3825800,Daniel Wass,70,57,81.43,2,0,1,13,2,5,3,1,1,1
3825800,Antonio Rukavina,22,15,68.18,0,0,0,8,4,0,3,1,0,3
3825800,Fabián Ariel Orellana Valenzuela,93,64,68.82,0,0,4,12,1,5,1,1,8,1
3825800,Marcelo Alfonso Díaz Rojas,76,69,90.79,5,0,1,16,1,7,3,3,3,3
3825800,Manuel Agudo Durán,49,36,73.47,2,0,4,7,0,9,3,2,3,0
3825800,Alphonse Areola,25,13,52.0,0,0,0,0,0,6,0,0,0,0
3825800,John Guidetti,16,11,68.75,2,0,1,16,1,3,2,0,2,1
3825800,Víctor Ruíz Torre,25,17,68.0,0,0,0,2,2,2,0,0,1,0
3825800,Denis Suárez Fernández,19,14,73.68,0,0,2,14,3,4,1,3,1,1
3825800,Sergio Álvarez Conde,16,10,62.5,0,0,0,0,0,1,0,0,0,0
3825800,Adrián López Álvarez,12,8,66.67,0,0,0,4,0,0,6,0,0,0
3825800,Samuel Castillejo Azuaga,8,4,50.0,0,0,2,9,1,1,2,0,1,0
3825800,Théo Bongonda Mbul''Ofeko Batombo,6,4,66.67,0,0,0,1,1,0,0,0,3,0
3825800,Bruno Soriano Llido,7,5,71.43,0,0,0,2,0,3,0,1,0,0
3825800,Nemanja Radoja,6,6,100.0,0,0,0,1,0,0,0,0,0,0
3825801,Sergio Enrich Ametller,33,26,78.79,2,0,0,31,0,3,13,1,3,3
3825801,Borja González Tomás,18,14,77.78,6,0,0,18,0,4,5,2,1,2
3825801,Daniel García Carrillo,56,43,76.79,0,0,0,21,1,3,2,2,0,2
3825801,David Juncà Reñé,50,36,72.0,0,0,4,6,3,2,2,2,3,1
3825801,José Antonio Reyes Calderón,24,14,58.33,2,0,2,10,0,2,2,0,2,1
3825801,Aleksandar Pantić,30,24,80.0,0,0,0,5,2,2,4,2,0,1
3825801,Manuel Castellano Castro,68,50,73.53,1,0,1,7,4,5,1,3,1,3
3825801,Steven N''Kemboanza Mike Christopher Nzonzi,50,43,86.0,1,0,0,21,2,5,6,1,1,0
3825801,Gonzalo Escalante,43,29,67.44,2,0,3,20,1,5,5,0,2,3
3825801,Sebastián Carlos Cristóforo Pepe,47,39,82.98,0,0,0,25,7,6,6,2,3,4
3825801,Daniel Filipe Martins Carriço,53,42,79.25,2,0,1,14,2,3,5,0,3,1
3825801,Benoît Trémoulinas,71,56,78.87,0,0,1,4,1,6,1,2,5,1
3825801,Éver Maximiliano David Banega,57,45,78.95,2,0,7,11,1,5,3,2,2,0
3825801,Josip Radošević,48,31,64.58,0,0,0,44,2,8,5,2,1,4
3825801,Adil Rami,31,25,80.65,0,0,0,4,3,4,2,0,0,1
3825801,Sergio Rico González,40,24,60.0,0,0,0,0,0,5,0,0,0,0
3825801,Fernando Llorente Torres,22,16,72.73,4,1,1,13,0,3,5,0,0,1
3825801,Mariano Ferreira Filho,35,28,80.0,0,0,0,7,0,2,1,1,1,2
3825801,Michael Krohn-Dehli,53,41,77.36,2,0,3,7,1,4,2,1,2,1
3825801,Asier Riesgo Unamuno,38,22,57.89,0,0,0,0,0,10,0,0,1,0
3825801,Adrián González Morales,42,26,61.9,0,0,0,7,0,4,3,0,0,2
3825801,Iván Ramis Barrios,39,33,84.62,0,0,0,7,2,5,7,2,2,0
3825801,Víctor Machín Pérez,8,4,50.0,1,0,1,5,0,5,1,0,1,1
3825801,Kevin Gameiro,5,4,80.0,0,0,0,6,2,0,2,0,0,0
3825801,Vicente Iborra De La Fuente,7,4,57.14,1,0,0,1,0,1,1,0,1,1
3825801,Saúl Berjón Pérez,3,3,100.0,1,0,1,0,0,2,1,0,0,0
3825799,Francisco Alcácer García,19,11,57.89,1,0,2,3,0,0,2,1,3,0
3825799,Denis Cheryshev,31,22,70.97,2,1,3,21,1,2,6,1,3,4
3825799,Daniel Parejo Muñoz,48,31,64.58,1,0,2,35,1,4,4,5,4,0
3825799,Duje Čop,7,5,71.43,1,1,1,7,0,2,1,0,0,0
3825799,Shkodran Mustafi,54,37,68.52,4,0,0,15,1,8,9,3,3,2
3825799,Antonio Barragán Fernández,66,51,77.27,0,0,2,14,4,5,6,4,1,2
3825799,Gonzalo Castro Irizábal,51,25,49.02,2,0,3,14,2,7,2,3,3,2
3825799,Sofiane Feghouli,26,20,76.92,0,0,1,9,0,3,3,2,3,0
3825799,Aderllan Leandro de Jesus Santos,23,17,73.91,1,0,0,11,1,7,5,0,0,0
3825799,José Luis Gayà Peña,63,43,68.25,0,0,3,19,0,3,6,1,1,1
3825799,André Filipe Tavares Gomes,51,42,82.35,1,0,7,26,0,8,2,0,0,3
3825799,José Luis García del Pozo,28,22,78.57,1,0,2,29,1,6,8,2,0,6
3825799,Juan Pablo Añor Acosta,27,16,59.26,0,0,6,15,1,3,0,0,1,2
3825799,Javier Fuego Martínez,67,53,79.1,0,0,2,24,1,5,3,3,1,3
3825799,Ignacio Camacho Barnola,49,38,77.55,0,0,1,23,2,8,12,2,4,2
3825799,Roberto José Rosales Altuve,55,40,72.73,1,0,2,6,1,7,0,5,2,1
3825799,Charles Días Barbosa de Oliveira,26,19,73.08,0,0,0,21,1,2,7,3,1,4
3825799,Raúl Albentosa Redal,35,20,57.14,0,0,1,8,1,6,3,1,0,1
3825799,Diego Alves Carreira,28,18,64.29,0,0,0,0,0,3,0,0,0,0
3825799,Miguel Torres Gómez,48,30,62.5,1,0,1,3,1,6,3,4,0,1
3825799,Idriss Carlos Kameni,21,14,66.67,0,0,0,0,0,4,0,0,0,0
3825799,Egor Filipenko,27,23,85.19,2,0,0,7,2,3,4,7,1,0
3825799,Ricardo Jorge Luz Horta,14,9,64.29,2,0,1,17,1,2,6,3,1,0
3825799,Roque Luis Santa Cruz Cantero,12,10,83.33,0,0,0,5,1,2,11,1,2,1
3825799,Sérgio Paulo Barbosa Valente,0,0,0.0,0,0,0,0,0,0,0,0,0,0
3825799,Rodrigo Moreno Machado,6,2,33.33,2,0,0,4,0,1,0,0,0,1
3825799,Christian Atsu Twasam,7,4,57.14,0,0,0,4,0,1,1,0,1,0
3825799,Pablo Daniel Piatti,5,3,60.0,0,0,0,6,0,1,3,3,0,1
3825799,Rúben Miguel Nunes Vezo,1,0,0.0,0,0,0,0,0,1,0,0,0,0
3825797,Oriol Riera Magem,35,25,71.43,4,1,2,21,0,1,7,1,1,0
3825797,Lucas Pérez Martínez,40,30,75.0,0,0,9,20,0,5,1,0,1,0
3825797,Mikel San José Domínguez,67,57,85.07,0,0,3,24,0,10,8,2,3,0
3825797,Celso Borges Mora,46,34,73.91,0,0,2,16,1,1,3,0,1,3
3825797,Pedro Mosquera Parada,52,42,80.77,1,0,1,35,5,2,4,1,1,3
3825797,Laureano Sanabria Ruiz,18,11,61.11,0,0,2,10,1,5,2,1,1,2
3825797,Íñigo Lekue Martínez,62,50,80.65,0,0,3,23,3,5,3,2,1,2
3825797,Fayçal Fajr,44,36,81.82,2,0,2,19,1,5,1,0,0,1
3825797,Raúl García Escudero,40,24,60.0,2,0,4,23,1,3,10,2,3,1
3825797,Iker Muniain Goñi,48,41,85.42,1,1,4,5,1,2,2,2,1,0
3825797,Aymeric Laporte,64,55,85.94,0,0,1,7,1,6,0,3,1,0
3825797,Xabier Etxeita Gorritxategi,48,36,75.0,1,0,0,12,2,4,4,3,0,1
3825797,Óscar de Marcos Arana,68,52,76.47,0,0,2,20,1,9,3,2,0,0
3825797,Gorka Iraizoz Moreno,42,27,64.29,0,0,0,1,0,4,0,0,1,0
3825797,Alberto Lopo García,37,33,89.19,0,0,0,8,2,4,4,0,0,2
3825797,Alejandro Arribas Garrido,49,35,71.43,0,0,0,19,4,7,6,0,1,4
3825797,Jonás Manuel Gutiérrez,17,5,29.41,0,0,4,16,2,3,4,1,0,1
3825797,Markel Susaeta Laskurain,43,36,83.72,0,0,6,22,1,6,4,1,3,0
3825797,Aritz Aduriz Zubeldia,21,11,52.38,8,3,1,1,0,4,3,1,3,1
3825797,Stipe Pletikosa,35,20,57.14,0,0,0,0,0,6,0,0,0,0
3825797,Beñat Etxebarria Urkiaga,57,52,91.23,0,0,2,5,1,6,2,0,2,1
3825797,Fernando Navarro i Corbacho,34,23,67.65,0,0,3,8,2,4,3,5,0,1
3825797,Juan Francisco Moreno Fuertes,32,24,75.0,0,0,0,8,2,1,0,0,0,0
3825797,Federico Nicolás Cartabia,38,30,78.95,1,0,2,9,0,5,4,1,1,1
3825797,Manuel Pablo García Díaz,22,18,81.82,0,0,0,3,1,1,1,0,0,0
3825797,Mikel Rico Moreno,13,11,84.62,0,0,0,9,0,2,0,0,0,0
3825797,Mikel Balenziaga Oruesagasti,7,7,100.0,0,0,0,4,0,0,0,0,0,1
3825797,Sabin Merino Zuloaga,5,4,80.0,1,0,3,1,0,1,3,0,0,0
3825798,Cristiano Ronaldo dos Santos Aveiro,34,26,76.47,9,1,1,4,0,3,1,0,0,1
3825798,Borja Mayoral Moya,18,17,94.44,1,0,1,21,0,3,3,2,1,1
3825798,Toni Kroos,62,58,93.55,1,0,0,20,0,3,2,1,3,0
3825798,Raphaël Varane,43,37,86.05,0,0,0,7,1,3,2,0,0,0
3825798,Deyverson Brum Silva Acosta,26,16,61.54,2,1,2,24,3,1,7,2,2,1
3825798,Kléper Laveran Lima Ferreira,43,32,74.42,0,0,2,4,5,3,3,2,1,0
3825798,Danilo Luiz da Silva,66,55,83.33,1,0,0,16,3,6,7,1,0,2
3825798,Lucas Alfonso Orbán Alegre,55,45,81.82,0,0,3,16,1,1,7,2,2,2
3825798,Zouhair Feddal,60,54,90.0,1,0,1,11,0,5,3,3,1,2
3825798,Carl Medjani,28,24,85.71,0,0,1,4,0,1,4,0,0,0
3825798,Carlos Henrique Casimiro,35,31,88.57,2,0,2,23,1,7,5,6,1,4
3825798,James David Rodríguez Rubio,66,54,81.82,2,0,2,19,0,4,8,3,1,0
3825798,Jefferson Andrés Lerma Solís,45,36,80.0,1,0,2,13,0,5,3,1,1,0
3825798,Simão Mate,41,33,80.49,0,0,0,7,2,3,2,2,0,1
3825798,Lucas Vázquez Iglesias,62,46,74.19,1,0,7,27,3,5,7,1,4,1
3825798,José Ignacio Fernández Iglesias,56,48,85.71,1,0,0,7,1,2,3,2,3,1
3825798,José Luis Morales Nogales,31,19,61.29,1,0,9,19,3,5,4,2,2,2
3825798,Iván López Mendoza,53,36,67.92,0,0,5,6,0,4,2,1,0,4
3825798,Víctor Camarasa Ferrando,52,48,92.31,0,0,4,25,1,9,2,2,1,2
3825798,Giuseppe Rossi,18,16,88.89,3,0,1,16,0,4,2,1,0,0
3825798,Keylor Navas Gamboa,28,16,57.14,0,0,0,0,0,3,0,0,0,0
3825798,Diego Mariño Villar,34,28,82.35,0,0,1,0,0,3,0,1,0,0
3825798,Víctor Casadesús Castaño,17,13,76.47,1,0,1,3,0,3,0,0,0,0
3825798,José Antonio García Rabasco,31,29,93.55,1,0,1,5,0,1,0,0,0,0
3825798,Mateo Kovačić,20,20,100.0,0,0,1,9,0,2,1,0,1,0
3825798,Rubén García Santos,9,9,100.0,2,0,3,4,0,1,1,0,1,1
3825798,Francisco Román Alarcón Suárez,5,4,80.0,1,1,2,2,0,0,1,0,0,0
3825798,Jesé Rodríguez Ruiz,5,4,80.0,2,0,2,1,0,1,0,0,0,0
3825796,Stefan Šćepović,17,15,88.24,0,0,0,9,0,1,5,0,1,0
3825796,Pablo Sarabia García,31,17,54.84,2,0,1,14,0,1,3,0,1,2
3825796,Mehdi Lacen,60,51,85.0,1,0,0,20,3,8,2,3,0,2
3825796,Javier Garrido Behovide,55,49,89.09,0,0,0,8,0,5,0,4,0,1
3825796,Abdoul Karim Yoda,34,22,64.71,2,0,4,21,2,3,4,1,3,3
3825796,Roque Mesa Quevedo,83,80,96.39,0,0,3,14,3,7,3,3,2,3
3825796,Álvaro Medrán Just,48,39,81.25,3,0,1,21,2,7,2,1,6,1
3825796,Pedro Taunausú Domínguez Placeres,56,51,91.07,2,2,2,17,1,4,2,0,2,3
3825796,Aythami Artiles Oliva,41,35,85.37,0,0,0,3,2,0,3,1,1,1
3825796,David García Santana,47,37,78.72,0,0,0,3,1,1,1,0,0,1
3825796,Wanderson Maciel Sousa Campos,16,11,68.75,1,0,3,12,0,4,4,1,3,2
3825796,Jerónimo Figueroa Cabrera,59,44,74.58,1,0,4,8,3,3,2,3,2,2
3825796,Álvaro Daniel Pereira Barragán,25,17,68.0,1,0,0,10,1,2,4,1,1,3
3825796,Willian José da Silva,31,24,77.42,3,1,0,10,0,2,4,2,3,3
3825796,Juan Torres Ruiz,57,45,78.95,0,0,0,9,6,5,4,1,3,0
3825796,Santiago Vergini,43,35,81.4,0,0,0,6,0,5,2,1,1,2
3825796,Emiliano Buendía,58,51,87.93,0,0,0,25,6,5,5,0,2,2
3825796,Mubarak Wakaso,6,5,83.33,0,0,1,2,1,0,0,0,0,0
3825796,Jonathan Viera Ramos,43,37,86.05,2,1,2,23,2,5,4,2,3,2
3825796,Javier Varas Herrera,23,12,52.17,0,0,0,0,0,2,0,0,0,0
3825796,Pedro Bigas Rigo,27,25,92.59,0,0,0,5,1,2,2,1,2,2
3825796,Vicente Guaita Panadero,15,9,60.0,0,0,0,0,0,0,0,0,0,0
3825796,Nabil El Zhar,28,26,92.86,4,0,7,4,3,2,2,0,2,1
3825796,Álvaro Vázquez García,5,4,80.0,0,0,0,9,0,0,3,1,0,1
3825796,Moisés Gómez Bordonado,13,11,84.62,0,0,0,5,0,1,0,1,0,0
3825796,Ángel Montoro Sánchez,21,18,85.71,0,0,0,4,0,0,2,0,0,3
3825796,Pedro León Sánchez Gil,6,4,66.67,0,0,1,4,0,0,0,0,0,0
3825796,Juan Carlos Valerón Santana,19,18,94.74,0,0,1,0,0,0,0,0,0,0
3825795,Jonathas Cristian de Jesus,10,9,90.0,2,0,2,24,2,2,3,1,1,2
3825795,Esteban Félix Granero Molina,36,28,77.78,0,0,3,20,3,6,4,3,4,6
3825795,Mikel González de Martín Martínez,62,48,77.42,0,0,2,10,3,3,4,2,0,1
3825795,Luciano Vietto,39,30,76.92,4,0,4,35,0,1,6,3,3,1
3825795,Xabier Prieto Argarate,38,35,92.11,0,0,4,25,2,4,2,1,5,0
3825795,Diego Roberto Godín Leal,31,24,77.42,3,0,0,9,3,5,2,0,2,1
3825795,Augusto Matías Fernández,62,54,87.1,0,0,2,55,3,6,7,2,1,3
3825795,Antoine Griezmann,32,27,84.38,3,1,2,21,0,3,1,3,1,2
3825795,Saúl Ñíguez Esclapez,58,46,79.31,2,1,2,33,1,5,7,0,0,3
3825795,Diego Antonio Reyes Rosales,50,45,90.0,1,0,2,17,3,1,6,1,1,0
3825795,Filipe Luís Kasmirski,62,53,85.48,0,0,4,26,2,1,5,3,1,0
3825795,Armindo Tué Na Bangna,26,19,73.08,0,0,8,30,4,5,4,1,0,1
3825795,Aritz Elustondo Irribaria,63,40,63.49,0,0,4,24,1,6,4,4,2,1
3825795,Gabriel Fernández Arenas,71,59,83.1,0,0,1,32,0,4,3,0,2,4
3825795,Jorge Resurrección Merodio,101,87,86.14,1,0,1,31,1,4,1,1,1,1
3825795,Asier Illarramendi Andonegi,61,50,81.97,1,0,2,39,8,4,7,2,1,0
3825795,Gerónimo Rulli,47,39,82.98,0,0,0,0,0,3,0,0,0,0
3825795,Alberto De La Bella Madureño,77,63,81.82,0,0,0,12,4,1,3,6,1,1
3825795,Juan Francisco Torres Belén,69,55,79.71,0,0,0,7,3,8,0,2,0,2
3825795,Héctor Hernández Ortega,45,33,73.33,0,0,1,5,1,3,2,4,4,0
3825795,José María Giménez de Vargas,41,32,78.05,1,0,0,7,1,0,3,1,0,0
3825795,Jan Oblak,20,7,35.0,0,0,0,0,0,3,0,0,0,0
3825795,Lucas Hernández Pi,13,10,76.92,0,0,0,4,0,1,2,0,0,2
3825795,Carlos Alberto Vela Garrido,12,11,91.67,2,0,1,4,1,0,1,0,0,0
3825795,Rubén Pardo Gutiérrez,28,26,92.86,0,0,1,11,0,3,2,1,0,0
3825795,Ángel Martín Correa,12,11,91.67,0,0,5,17,0,4,1,2,0,0
3825795,Óliver Torres Muñoz,11,9,81.82,0,0,2,11,1,3,0,2,0,1
3825795,Eneko Capilla González,5,3,60.0,1,0,1,1,0,1,0,0,0,0
3825793,Iker Muniain Goñi,46,40,86.96,2,1,2,10,2,5,2,0,1,0
3825793,Mikel Rico Moreno,44,38,86.36,2,0,0,14,0,5,4,1,2,0
3825793,Aymeric Laporte,54,46,85.19,1,0,0,10,1,4,5,0,0,1
3825793,Xabier Etxeita Gorritxategi,43,36,83.72,1,0,0,5,5,1,2,3,0,0
3825793,Beñat Etxebarria Urkiaga,80,68,85.0,2,0,0,25,1,3,7,2,2,3
3825793,Denis Cheryshev,32,22,68.75,1,0,4,23,2,3,4,2,3,2
3825793,Eneko Bóveda Altube,56,43,76.79,0,0,2,11,5,4,3,4,0,3
3825793,Gorka Elustondo Urkola,32,31,96.88,0,0,0,12,2,2,4,2,0,1
3825793,Mikel Balenziaga Oruesagasti,50,38,76.0,1,0,3,14,5,4,6,2,3,3
3825793,Sabin Merino Zuloaga,24,20,83.33,2,1,3,5,2,3,6,1,0,0
3825793,João Pedro Cavaco Cancelo,84,64,76.19,0,0,5,13,2,5,4,3,1,1
3825793,Santiago Mina Lorenzo,23,17,73.91,0,0,4,28,0,6,4,3,4,3
3825793,Daniel Parejo Muñoz,56,43,76.79,1,0,1,30,0,3,1,1,1,1
3825793,Aderllan Leandro de Jesus Santos,54,48,88.89,1,0,0,7,3,5,3,0,0,0
3825793,Enzo Nicolás Pérez,51,47,92.16,0,0,0,12,5,2,5,2,1,0
3825793,André Filipe Tavares Gomes,58,50,86.21,0,0,10,27,2,8,5,1,1,1
3825793,Álvaro Negredo Sánchez,7,6,85.71,4,0,0,6,0,1,2,1,0,1
3825793,Gorka Iraizoz Moreno,39,20,51.28,0,0,0,0,0,4,0,0,0,0
3825793,Óscar de Marcos Arana,27,19,70.37,1,0,0,13,3,3,1,1,0,1
3825793,Diego Alves Carreira,42,26,61.9,0,0,0,0,0,6,0,0,0,0
3825793,Shkodran Mustafi,72,66,91.67,0,0,0,11,3,7,8,0,0,0
3825793,José Luis Gayà Peña,54,48,88.89,0,0,2,7,1,3,1,0,0,0
3825793,Francisco Alcácer García,2,1,50.0,1,0,0,7,0,0,2,0,0,0
3825793,Mikel San José Domínguez,24,20,83.33,0,0,0,9,0,1,4,0,0,1
3825793,Aritz Aduriz Zubeldia,6,6,100.0,1,1,0,1,0,1,2,2,0,1
3825793,Sofiane Feghouli,10,4,40.0,0,0,3,2,0,0,2,0,1,0
3825793,Pablo Daniel Piatti,9,6,66.67,1,0,1,8,0,2,1,0,1,0
3825793,Markel Susaeta Laskurain,3,3,100.0,0,0,1,1,0,0,0,0,0,0
3825792,Lucas Pérez Martínez,38,26,68.42,5,0,3,8,0,3,3,1,1,1
3825792,Luis Alberto Romero Alconchel,47,27,57.45,2,0,0,13,0,5,7,2,1,0
3825792,Pedro Mosquera Parada,74,57,77.03,0,0,1,23,0,5,2,0,2,3
3825792,Luis Carlos Correia Pinto,79,66,83.54,0,0,3,10,3,2,3,2,4,0
3825792,Fernando Navarro i Corbacho,78,71,91.03,0,0,0,9,2,2,2,3,0,2
3825792,Alejandro Arribas Garrido,59,53,89.83,1,0,0,9,2,4,4,2,2,1
3825792,Juan Francisco Moreno Fuertes,66,54,81.82,0,0,6,7,3,4,2,1,2,1
3825792,Jean-Sylvain Claude Babin,17,12,70.59,0,0,0,5,1,0,1,1,0,0
3825792,Abdoulaye Doucouré,53,45,84.91,2,0,3,19,1,15,5,3,1,2
3825792,Celso Borges Mora,49,42,85.71,1,0,1,14,2,5,4,5,0,0
3825792,Hugo Miguel Almeida Costa Lopes,60,41,68.33,0,0,1,16,3,4,5,5,0,1
3825792,Ricardo Miguel Moreira da Costa,14,11,78.57,0,0,0,5,0,1,5,2,0,1
3825792,Youssef El-Arabi,29,23,79.31,2,1,4,20,0,6,3,1,2,3
3825792,Fayçal Fajr,79,58,73.42,2,0,2,7,0,7,0,1,1,1
3825792,Cristiano Biraghi,30,20,66.67,1,0,0,5,2,4,3,4,1,0
3825792,Isaac Ajayi Success,28,18,64.29,2,0,4,17,1,5,5,2,1,1
3825792,Alejandro Bergantiños García,55,44,80.0,1,0,0,14,0,5,4,0,0,3
3825792,Germán Darío Lux,34,24,70.59,0,0,0,1,0,8,0,0,0,1
3825792,Rene Krhin,32,22,68.75,0,0,1,20,3,6,3,3,2,1
3825792,Rubén Rochina Naixes,51,31,60.78,1,0,4,15,1,9,5,1,3,0
3825792,Adalberto Peñaranda Maestre,12,7,58.33,1,0,5,12,1,2,7,0,4,2
3825792,Andrés Eduardo Fernández Moreno,25,7,28.0,0,0,0,0,0,7,0,0,0,0
3825792,Edgar Antonio Méndez Ortega,13,10,76.92,0,0,0,10,0,2,2,0,1,3
3825792,Oriol Riera Magem,8,6,75.0,2,0,0,4,0,0,2,0,0,2
3825792,David Barral Torres,1,1,100.0,1,0,0,4,0,0,1,1,0,0
3825792,Jonás Manuel Gutiérrez,3,3,100.0,0,0,0,4,0,0,2,0,1,0
3825792,Jonathan Javier Rodríguez Portillo,3,2,66.67,0,0,0,0,0,0,1,1,0,0
3825794,Deyverson Brum Silva Acosta,26,16,61.54,1,0,3,26,1,1,7,4,5,1
3825794,José Antonio García Rabasco,59,46,77.97,2,0,1,18,3,3,3,0,3,3
3825794,Antonio García Aranda,65,56,86.15,0,0,2,11,6,2,4,1,1,2
3825794,Matías Nahuel Leiva Esquivel,43,32,74.42,0,0,1,24,3,5,11,3,3,2
3825794,Carl Medjani,49,42,85.71,1,0,0,1,2,3,1,0,0,0
3825794,Eric Bertrand Bailly,55,40,72.73,0,0,1,14,2,6,5,2,2,3
3825794,Manuel Trigueros Muñoz,46,41,89.13,0,0,1,11,2,7,2,1,0,1
3825794,Joan Verdú Fernández,32,27,84.38,0,0,1,13,0,4,4,0,1,1
3825794,Simão Mate,54,46,85.19,1,0,0,13,3,3,5,0,0,2
3825794,José Luis Morales Nogales,18,14,77.78,3,0,2,16,0,1,4,0,0,0
3825794,Mateo Pablo Musacchio,13,12,92.31,0,0,0,1,0,1,0,0,0,0
3825794,Adrián Marín Gómez,64,49,76.56,0,0,2,10,4,5,6,1,1,2
3825794,David Navarro Pedrós,33,30,90.91,0,0,0,5,2,0,1,1,0,2
3825794,Diego Mariño Villar,44,35,79.55,0,0,0,0,0,4,0,0,0,0
3825794,Leonardo Carrilho Baptistão,19,15,78.95,6,1,0,21,1,2,3,0,3,2
3825794,Giuseppe Rossi,21,19,90.48,0,0,0,8,0,3,3,2,1,0
3825794,Samuel Castillejo Azuaga,43,36,83.72,2,1,2,25,2,8,6,2,2,1
3825794,Adrián López Álvarez,25,18,72.0,1,1,3,9,0,1,0,1,1,0
3825794,Jefferson Andrés Lerma Solís,54,40,74.07,0,0,0,9,0,3,5,2,1,3
3825794,Daniele Bonera,51,47,92.16,0,0,0,5,3,2,2,0,1,3
3825794,Bruno Soriano Llido,81,71,87.65,0,0,1,13,1,5,3,1,0,1
3825794,Alphonse Areola,27,21,77.78,0,0,0,0,0,2,0,0,0,0
3825794,Víctor Ruíz Torre,31,31,100.0,0,0,1,0,1,1,0,0,0,0
3825794,Mauricio Andrés Cuero Castillo,14,11,78.57,0,0,0,9,1,2,1,0,3,0
3825794,Víctor Camarasa Ferrando,25,23,92.0,0,0,0,9,0,2,3,0,1,0
3825794,Tomás Pina Isla,23,23,100.0,0,0,0,7,0,1,0,0,0,1
3825794,Cédric Bakambu,6,4,66.67,0,0,0,7,0,0,0,1,1,0
3825794,Jordi Xumetra Feliu,8,8,100.0,0,0,1,2,0,0,0,0,0,0
3825788,Víctor Rodríguez Romero,37,27,72.97,3,0,1,13,0,7,6,0,3,0
3825788,Álvaro Vázquez García,28,15,53.57,3,0,2,17,0,2,6,0,0,1
3825788,Juan Antonio Rodríguez Villamuela,43,31,72.09,1,0,0,15,3,4,4,1,0,2
3825788,Abdoul Karim Yoda,44,27,61.36,0,0,4,10,2,9,2,4,0,0
3825788,Gustavo Daniel Cabral Cáceres,26,22,84.62,0,0,2,16,3,4,5,5,0,0
3825788,Hugo Mallo Novegil,23,17,73.91,0,0,0,22,3,0,1,2,0,2
3825788,Wanderson Maciel Sousa Campos,28,19,67.86,2,0,5,15,1,7,1,1,2,1
3825788,Sergio Álvarez Conde,29,9,31.03,0,0,0,0,0,3,0,0,0,0
3825788,Damián Nicolás Suárez Suárez,26,20,76.92,0,0,2,14,0,3,5,2,1,7
3825788,Théo Bongonda Mbul''Ofeko Batombo,19,14,73.68,2,0,5,7,0,6,3,0,7,0
3825788,Emiliano Daniel Velázquez Maldonado,37,27,72.97,0,0,0,13,3,1,7,1,0,3
3825788,John Guidetti,14,9,64.29,1,0,0,4,0,3,5,0,1,2
3825788,Pablo Sarabia García,38,23,60.53,2,0,4,25,0,4,3,4,1,1
3825788,Jonathan Castro Otto,68,50,73.53,0,0,1,17,3,9,3,4,1,4
3825788,Iago Aspas Juncal,36,26,72.22,1,0,1,11,0,9,2,1,1,1
3825788,Sergi Gómez Solà,31,22,70.97,0,0,0,20,7,4,5,3,0,1
3825788,Mehdi Lacen,56,47,83.93,2,0,0,16,2,9,2,3,3,2
3825788,Fabián Ariel Orellana Valenzuela,53,32,60.38,2,0,5,7,1,5,3,1,1,2
3825788,Pedro Pablo Hernández,51,45,88.24,0,0,1,25,3,12,7,4,7,2
3825788,Juan Torres Ruiz,43,35,81.4,0,0,0,3,3,7,0,0,1,0
3825788,Nemanja Radoja,35,28,80.0,1,0,2,25,6,4,6,3,0,3
3825788,Vicente Guaita Panadero,26,13,50.0,0,0,0,0,0,3,0,0,0,0
3825788,Emiliano Buendía,33,25,75.76,1,0,0,13,3,5,5,3,2,1
3825788,Manuel Agudo Durán,11,5,45.45,1,1,3,2,0,3,5,1,1,1
3825788,Stefan Šćepović,4,4,100.0,0,0,0,0,0,0,3,0,3,0
3825788,Daniel Wass,2,1,50.0,1,0,0,1,1,0,0,0,0,0
3825788,Moisés Gómez Bordonado,7,6,85.71,0,0,0,5,0,0,1,0,0,1
3825788,Marcelo Alfonso Díaz Rojas,4,3,75.0,0,0,0,1,0,1,0,0,0,0
3825791,Nicolás Ladislao Fedor Flores,11,9,81.82,0,0,1,5,0,1,1,1,0,1
3825791,Adrián Embarba Blázquez,26,15,57.69,2,0,1,17,1,3,9,0,2,1
3825791,Francisco Medina Luna,43,24,55.81,1,0,3,8,1,5,4,2,3,1
3825791,José Eduardo Rosa Vale de Castro,39,34,87.18,0,0,0,8,0,3,2,0,0,0
3825791,Diego Javier Llorente Ríos,56,49,87.5,1,0,0,10,1,2,5,4,0,0
3825791,Manuel Rolando Iturra Urrutia,47,39,82.98,0,0,0,14,6,4,7,2,1,3
3825791,Tiago Manuel Dias Correia,31,16,51.61,4,0,3,13,2,4,3,2,0,4
3825791,Francisco José Molinero Calderón,29,22,75.86,1,0,4,15,5,3,3,2,1,0
3825791,Bruno González Cabrera,24,18,75.0,1,0,0,11,4,3,4,1,0,1
3825791,Roberto Trashorras Gayoso,107,85,79.44,0,0,1,9,1,10,2,2,3,2
3825791,Joaquín Sánchez Rodríguez,20,14,70.0,4,0,1,2,0,7,0,2,1,1
3825791,Germán Alejandro Pezzella,26,15,57.69,0,0,0,7,1,5,6,1,1,0
3825791,Charly Musonda Junior,22,18,81.82,2,0,7,19,1,10,5,1,4,1
3825791,Juan Carlos Martín Corral,27,17,62.96,0,0,0,0,0,3,0,0,0,0
3825791,Jorge Molina Vidal,16,13,81.25,1,0,2,11,1,5,4,1,2,0
3825791,Petros Matheus dos Santos Araújo,26,21,80.77,0,0,0,44,2,2,6,3,1,4
3825791,Antonio Adán Garrido,29,8,27.59,0,0,0,0,0,1,0,0,0,0
3825791,Daniel Ceballos Fernández,44,33,75.0,1,0,0,33,5,6,5,3,1,1
3825791,Roberto Román Triguero,39,31,79.49,0,0,0,15,6,1,5,3,2,2
3825791,Juan Manuel Vargas Risco,42,27,64.29,2,0,2,8,2,5,3,4,0,2
3825791,Joaquín José Marín Ruiz,48,30,62.5,0,0,2,13,0,7,4,0,1,2
3825791,Rubén Castro Martín,31,24,77.42,4,2,2,9,0,1,1,0,0,0
3825791,Alberto Mateus Contreiras Gonçalves,6,4,66.67,3,2,0,11,0,3,2,2,0,1
3825791,Jonhatan Montiel Caballero,13,7,53.85,0,0,3,5,1,7,1,1,1,0
3825791,Leandro Damião da Silva dos Santos,7,4,57.14,3,0,0,8,0,1,1,2,0,3
3825791,Álvaro Cejudo Carmona,17,8,47.06,1,0,2,9,0,6,2,6,1,1
3825791,Antonio Amaya Carazo,3,2,66.67,0,0,0,4,0,0,1,1,0,0
3825791,Fabián Ruiz Peña,4,2,50.0,0,0,1,4,0,1,3,0,0,1
3825790,Gerard Moreno Balaguero,34,26,76.47,5,2,4,14,0,6,9,1,2,4
3825790,Marco Asensio Willemsen,54,41,75.93,3,0,8,13,1,5,3,1,3,1
3825790,Álvaro González Soberón,44,33,75.0,0,0,0,3,1,2,2,1,1,0
3825790,Iván Cuéllar Sacristán,28,13,46.43,0,0,0,0,0,5,0,0,0,0
3825790,Jorge Meré Pérez,49,38,77.55,2,0,0,9,1,6,4,0,2,1
3825790,Luis Hernández Rodríguez,63,53,84.13,0,0,0,1,6,7,0,1,1,0
3825790,Rachid Aït-Atmane,50,38,76.0,0,0,2,17,2,9,6,1,4,5
3825790,Víctor Sánchez Mata,31,27,87.1,1,0,0,21,2,4,4,0,0,3
3825790,Ismael López Blanco,54,41,75.93,2,0,3,15,0,7,2,2,2,0
3825790,Javier López Rodríguez,43,32,74.42,0,0,2,18,5,8,9,2,3,2
3825790,Arnaldo Antonio Sanabria Ayala,34,24,70.59,3,0,3,9,0,6,11,0,1,3
3825790,Abraham González Casanova,35,26,74.29,0,0,0,15,0,2,3,4,1,1
3825790,Carlos Castro García,23,19,82.61,3,2,2,5,0,5,6,3,2,2
3825790,Papa Kouly Diop,49,34,69.39,0,0,2,9,5,3,7,0,1,0
3825790,Ognjen Vranješ,58,44,75.86,0,0,2,14,1,1,3,0,0,1
3825790,Carlos Carmona Bonet,31,25,80.65,0,0,4,7,2,3,2,1,1,0
3825790,Omar Mascarell González,36,27,75.0,2,0,0,10,3,3,2,0,0,2
3825790,Jorge Franco Alviz,21,11,52.38,2,1,5,12,0,3,2,3,1,1
3825790,Óscar Esau Duarte Gaitán,37,28,75.68,0,0,0,6,1,3,5,1,1,2
3825790,Jonathan Rodríguez Menéndez,45,23,51.11,2,0,4,14,0,8,0,0,3,0
3825790,Víctor Guillermo Álvarez Delgado,39,29,74.36,0,0,0,21,4,2,6,1,1,1
3825790,Pau López Sabata,20,5,25.0,0,0,0,1,0,4,0,0,0,0
3825790,Alen Halilović,19,19,100.0,0,0,4,1,0,3,0,0,1,0
3825790,Hernán Arsenio Pérez González,10,10,100.0,1,0,2,6,0,1,0,2,0,2
3825790,Ignacio Cases Mora,7,7,100.0,0,0,0,3,0,1,0,0,0,1
3825790,Enzo Pablo Roco Roco,8,7,87.5,0,0,0,0,0,0,0,0,0,0
3825790,Alberto Lora Ramos,2,2,100.0,0,0,0,1,0,0,0,0,0,0
3825790,Salvador Sevilla López,2,2,100.0,0,0,0,1,0,0,0,0,0,0
3825787,Antoine Griezmann,41,36,87.8,3,1,4,28,2,7,6,0,3,0
3825787,Fernando José Torres Sanz,14,10,71.43,1,0,1,25,0,3,7,1,4,4
3825787,Gabriel Fernández Arenas,47,42,89.36,0,0,1,31,1,5,4,3,1,3
3825787,Juan Francisco Torres Belén,39,24,61.54,0,0,4,15,4,4,2,5,1,3
3825787,Keylor Navas Gamboa,28,19,67.86,0,0,0,0,0,6,0,0,0,0
3825787,Daniel Carvajal Ramos,99,89,89.9,0,0,2,16,0,9,5,3,0,1
3825787,Raphaël Varane,66,62,93.94,1,0,0,10,2,3,10,0,0,1
3825787,Sergio Ramos García,72,66,91.67,0,0,0,10,3,7,4,3,1,6
3825787,Danilo Luiz da Silva,94,81,86.17,1,0,2,19,3,4,5,4,2,2
3825787,Saúl Ñíguez Esclapez,31,23,74.19,2,0,8,31,0,8,12,4,2,0
3825787,Cristiano Ronaldo dos Santos Aveiro,47,30,63.83,7,0,5,3,1,3,0,1,0,0
3825787,Karim Benzema,9,6,66.67,1,0,3,3,0,1,1,0,1,1
3825787,Diego Roberto Godín Leal,24,14,58.33,1,0,0,12,1,3,4,2,1,1
3825787,Francisco Román Alarcón Suárez,51,42,82.35,0,0,7,22,2,5,2,0,2,1
3825787,Filipe Luís Kasmirski,39,27,69.23,0,0,5,20,2,7,7,3,1,1
3825787,Jan Oblak,27,7,25.93,0,0,0,0,0,3,0,0,0,0
3825787,Toni Kroos,91,86,94.51,1,0,2,27,2,11,7,2,3,2
3825787,Luka Modrić,74,68,91.89,1,0,2,29,3,4,5,0,4,1
3825787,James David Rodríguez Rubio,31,20,64.52,1,0,0,17,1,7,4,1,1,0
3825787,Augusto Matías Fernández,30,24,80.0,1,0,0,22,6,3,2,1,0,0
3825787,José María Giménez de Vargas,15,7,46.67,1,0,1,8,0,2,2,1,0,1
3825787,Jorge Resurrección Merodio,43,30,69.77,1,0,2,15,1,4,2,3,1,1
3825787,Borja Mayoral Moya,13,12,92.31,2,0,3,9,1,0,1,0,1,0
3825787,Lucas Vázquez Iglesias,25,20,80.0,0,0,1,10,0,2,4,1,0,1
3825787,Jesé Rodríguez Ruiz,21,16,76.19,0,0,1,3,0,2,1,0,1,0
3825787,Claudio Matías Kranevitter,2,1,50.0,0,0,0,6,1,0,1,0,0,1
3825787,Ángel Martín Correa,6,4,66.67,0,0,3,5,0,0,0,0,1,1
3825789,Charles Días Barbosa de Oliveira,18,12,66.67,2,0,1,13,0,3,7,1,5,2
3825789,Weligton Róbson Pena de Oliveira,47,28,59.57,0,0,0,8,2,4,3,3,1,2
3825789,Íñigo Martínez Berridi,41,32,78.05,1,0,1,2,3,6,2,0,1,1
3825789,Juan Pablo Añor Acosta,28,17,60.71,0,0,3,23,1,5,6,4,3,1
3825789,Yuri Berchiche Izeta,68,55,80.88,0,0,2,11,0,8,3,0,0,1
3825789,José Luis García del Pozo,39,32,82.05,2,0,2,14,1,6,3,2,3,1
3825789,Mikel Oyarzabal Ugarte,28,15,53.57,3,0,4,22,0,4,4,2,2,1
3825789,Raúl Albentosa Redal,19,11,57.89,0,0,0,7,2,1,4,1,1,0
3825789,Gerónimo Rulli,29,17,58.62,0,0,0,0,0,3,0,0,0,0
3825789,Armindo Tué Na Bangna,38,24,63.16,2,0,4,17,1,6,0,1,1,2
3825789,Roberto José Rosales Altuve,31,20,64.52,0,0,1,15,1,1,5,1,1,0
3825789,Rubén Pardo Gutiérrez,63,47,74.6,2,0,2,12,2,7,3,0,0,2
3825789,Xabier Prieto Argarate,45,36,80.0,1,0,2,22,0,2,6,3,5,1
3825789,Ricardo Jorge Luz Horta,31,27,87.1,1,0,2,16,1,5,1,2,1,2
3825789,Federico Ricca Rostagnol,41,25,60.98,0,0,0,12,3,4,7,6,1,2
3825789,Carlos Alberto Vela Garrido,49,34,69.39,0,0,3,14,2,7,2,2,5,2
3825789,Idriss Carlos Kameni,27,19,70.37,0,0,0,0,0,5,0,0,0,0
3825789,Joseba Zaldúa Bengoetxea,64,44,68.75,0,0,1,17,3,4,1,1,0,2
3825789,Pablo Fornals Malla,49,37,75.51,0,0,3,17,2,6,8,0,1,1
3825789,Duje Čop,28,21,75.0,2,1,5,26,1,3,5,1,1,3
3825789,Mikel González de Martín Martínez,27,22,81.48,0,0,0,7,2,3,1,1,0,5
3825789,Diego Antonio Reyes Rosales,35,29,82.86,1,0,0,16,4,3,8,0,0,3
3825789,Esteban Félix Granero Molina,14,11,78.57,0,0,0,4,0,0,0,0,0,0
3825789,Imanol Agirretxe Arruti,3,1,33.33,1,1,0,0,0,0,1,0,0,0
3825789,Egor Filipenko,6,3,50.0,1,0,0,4,1,1,0,0,1,0
3825789,Sérgio Paulo Barbosa Valente,7,7,100.0,0,0,0,5,0,0,0,0,1,1
3825789,Roque Luis Santa Cruz Cantero,1,1,100.0,0,0,0,1,0,0,0,0,0,0
3825786,Willian José da Silva,30,23,76.67,2,0,3,23,0,2,11,2,2,1
3825786,Jonathan Viera Ramos,43,33,76.74,2,0,4,30,0,5,1,4,2,1
3825786,Aythami Artiles Oliva,44,30,68.18,1,0,0,9,3,3,3,1,0,0
3825786,Roque Mesa Quevedo,66,52,78.79,0,0,3,15,3,13,2,3,1,2
3825786,David García Santana,56,36,64.29,0,0,0,7,7,2,4,4,1,0
3825786,David Juncà Reñé,59,38,64.41,0,0,2,19,3,6,5,1,0,4
3825786,Nabil El Zhar,30,20,66.67,3,0,6,12,2,10,1,2,5,2
3825786,Aleksandar Pantić,43,28,65.12,0,0,0,12,6,8,4,0,0,1
3825786,Daniel García Carrillo,66,56,84.85,4,0,1,10,3,10,4,1,2,0
3825786,Sergio Enrich Ametller,33,19,57.58,1,0,2,27,1,3,8,1,1,4
3825786,Pedro Taunausú Domínguez Placeres,32,25,78.12,1,0,4,21,0,7,2,2,0,0
3825786,Jon Ansotegi Gorostola,31,23,74.19,0,0,0,9,3,2,0,1,1,1
3825786,Asier Riesgo Unamuno,33,20,60.61,0,0,0,1,0,8,0,0,0,0
3825786,Borja González Tomás,18,10,55.56,2,0,1,12,0,3,2,1,2,1
3825786,Ander Capa Rodríguez,56,39,69.64,1,0,2,13,6,9,4,2,1,4
3825786,Mubarak Wakaso,34,26,76.47,2,0,3,16,3,9,4,4,8,2
3825786,José Ignacio Peleteiro Ramallo,21,14,66.67,0,0,1,6,0,1,1,1,0,2
3825786,Javier Garrido Behovide,51,40,78.43,0,0,0,17,3,4,3,2,0,1
3825786,Pedro Bigas Rigo,48,33,68.75,1,1,0,11,4,3,5,1,0,0
3825786,Javier Varas Herrera,42,25,59.52,0,0,0,1,0,9,0,0,1,0
3825786,Takashi Inui,31,19,61.29,0,0,3,5,2,4,1,1,0,1
3825786,Gonzalo Escalante,48,31,64.58,0,0,0,31,3,7,9,1,0,3
3825786,Adrián González Morales,22,16,72.73,1,0,0,8,2,4,4,2,1,0
3825786,Saúl Berjón Pérez,11,6,54.55,1,0,0,3,0,2,2,1,0,0
3825786,Mauricio Lemos Merladet,10,8,80.0,0,0,0,3,0,3,0,0,0,0
3825786,Izet Hajrović,5,1,20.0,0,0,1,3,0,2,1,2,1,0
3825786,Jerónimo Figueroa Cabrera,5,3,60.0,0,0,0,2,0,1,0,0,0,0
3825786,Francisco José Perdomo Borges,2,1,50.0,0,0,1,1,0,1,0,0,0,1
3825781,Kevin Gameiro,19,14,73.68,6,0,2,15,0,7,6,3,2,1
3825781,Vicente Iborra De La Fuente,24,12,50.0,2,1,1,8,0,4,8,0,1,3
3825781,Steven N''Kemboanza Mike Christopher Nzonzi,37,22,59.46,3,1,3,19,0,4,6,2,4,4
3825781,Adil Rami,32,14,43.75,2,0,0,3,0,5,3,0,0,1
3825781,Nicolás Ladislao Fedor Flores,19,15,78.95,4,1,1,16,0,2,10,1,3,4
3825781,José Ignacio Martínez García,24,17,70.83,0,0,0,6,0,1,4,1,0,0
3825781,Víctor Machín Pérez,16,8,50.0,1,0,1,22,0,7,3,4,2,2
3825781,Roberto Trashorras Gayoso,72,56,77.78,0,0,0,8,2,6,5,1,6,3
3825781,Jozabed Sánchez Ruiz,51,46,90.2,1,0,0,12,1,5,2,0,0,0
3825781,Jorge Andújar Moreno,37,18,48.65,0,0,2,14,1,2,8,3,0,3
3825781,Federico Julián Fazio,21,10,47.62,1,0,0,4,1,1,0,1,1,1
3825781,Sebastián Carlos Cristóforo Pepe,15,6,40.0,0,0,0,20,0,3,1,2,3,2
3825781,José Raúl Baena Urdiales,16,10,62.5,0,0,0,3,1,2,2,0,1,3
3825781,Pablo Hernández Domínguez,44,32,72.73,2,0,3,12,0,4,3,3,2,2
3825781,Juan Carlos Martín Corral,44,27,61.36,0,0,0,0,0,6,0,0,1,0
3825781,Tiago Manuel Dias Correia,23,17,73.91,3,0,3,8,0,1,3,0,2,1
3825781,Sergio Rico González,22,7,31.82,0,0,0,1,0,6,0,0,0,0
3825781,Diego Javier Llorente Ríos,60,48,80.0,0,0,1,11,4,9,5,1,0,1
3825781,Roberto Román Triguero,38,29,76.32,0,0,1,13,1,3,3,2,2,1
3825781,Michael Krohn-Dehli,39,25,64.1,1,0,2,7,1,4,2,1,0,3
3825781,Benoît Trémoulinas,38,22,57.89,0,0,4,5,1,6,3,3,1,2
3825781,José Eduardo Rosa Vale de Castro,46,38,82.61,1,0,0,6,3,4,9,2,1,0
3825781,Adrián Embarba Blázquez,28,16,57.14,1,0,2,8,0,0,3,1,3,1
3825781,Alberto Mateus Contreiras Gonçalves,14,5,35.71,2,1,0,2,0,2,7,1,2,0
3825781,Daniel Filipe Martins Carriço,8,6,75.0,0,0,0,6,1,1,1,0,0,0
3825781,Éver Maximiliano David Banega,20,10,50.0,0,0,4,6,0,0,0,0,0,1
3825781,José Antonio Dorado Ramírez,7,4,57.14,0,0,0,2,0,1,0,1,0,0
3825781,Yevhen Konoplyanka,2,1,50.0,0,0,1,1,2,0,0,0,0,0
3825785,Jesé Rodríguez Ruiz,25,16,64.0,2,0,6,10,2,1,1,3,3,3
3825785,Francisco Román Alarcón Suárez,25,21,84.0,4,0,7,15,0,4,0,0,0,1
3825785,Toni Kroos,78,71,91.03,0,0,2,17,0,7,5,2,4,0
3825785,Mateo Kovačić,50,44,88.0,0,0,6,25,0,6,4,1,3,3
3825785,Sergio Ramos García,51,45,88.24,1,0,0,7,3,5,1,5,1,1
3825785,Marcelo Vieira da Silva Júnior,80,64,80.0,2,0,1,9,0,5,2,1,3,3
3825785,Cristiano Ronaldo dos Santos Aveiro,22,21,95.45,4,1,1,5,0,0,2,0,2,1
3825785,Charles Días Barbosa de Oliveira,29,17,58.62,1,0,1,18,0,2,5,0,1,3
3825785,Ricardo Jorge Luz Horta,18,14,77.78,2,0,3,11,0,3,2,0,1,1
3825785,Roberto José Rosales Altuve,44,32,72.73,1,0,1,5,1,9,3,5,1,1
3825785,José Luis García del Pozo,28,24,85.71,0,0,2,13,0,6,2,0,2,4
3825785,Raúl Albentosa Redal,25,17,68.0,1,1,0,4,2,4,2,0,1,0
3825785,Idriss Carlos Kameni,29,20,68.97,0,0,0,0,0,1,0,0,0,0
3825785,Juan Pablo Añor Acosta,36,24,66.67,2,0,3,16,1,10,2,1,3,2
3825785,Ignacio Camacho Barnola,36,25,69.44,0,0,0,21,3,5,8,2,2,3
3825785,Duje Čop,29,16,55.17,3,0,4,9,0,6,6,0,0,2
3825785,José Ignacio Fernández Iglesias,32,27,84.38,0,0,0,3,1,4,1,4,0,0
3825785,Keylor Navas Gamboa,35,20,57.14,0,0,0,0,0,5,0,0,0,0
3825785,Miguel Torres Gómez,29,14,48.28,0,0,0,10,2,3,5,5,1,2
3825785,Luka Modrić,60,54,90.0,0,0,4,15,5,6,4,1,0,1
3825785,Weligton Róbson Pena de Oliveira,21,13,61.9,0,0,0,11,4,1,4,0,1,1
3825785,Daniel Carvajal Ramos,71,60,84.51,0,0,1,11,0,4,1,4,2,0
3825785,Lucas Vázquez Iglesias,18,13,72.22,0,0,2,7,0,3,1,1,1,0
3825785,Pablo Fornals Malla,10,9,90.0,1,0,2,6,0,2,0,0,0,1
3825785,James David Rodríguez Rubio,17,12,70.59,1,0,0,2,0,0,0,0,0,0
3825785,Roque Luis Santa Cruz Cantero,3,2,66.67,0,0,1,2,0,0,3,1,0,0
3825785,Sérgio Paulo Barbosa Valente,3,1,33.33,0,0,0,2,1,1,0,0,0,0
3825783,Jonathas Cristian de Jesus,15,7,46.67,3,1,4,12,0,4,11,2,4,4
3825783,Xabier Prieto Argarate,38,28,73.68,1,0,2,12,1,3,6,1,2,0
3825783,Aymeric Laporte,64,49,76.56,1,0,0,9,0,3,2,2,2,1
3825783,Aritz Elustondo Irribaria,43,27,62.79,0,0,2,14,3,2,3,1,1,2
3825783,Gorka Iraizoz Moreno,47,32,68.09,0,0,0,0,0,5,0,0,0,0
3825783,Aritz Aduriz Zubeldia,23,15,65.22,2,0,1,5,0,5,5,0,1,2
3825783,Íñigo Martínez Berridi,33,19,57.58,0,0,0,6,1,4,7,0,2,1
3825783,Iker Muniain Goñi,51,39,76.47,2,0,5,9,0,11,2,2,5,0
3825783,Mikel González de Martín Martínez,29,22,75.86,0,0,0,5,1,0,1,3,0,1
3825783,Asier Illarramendi Andonegi,29,14,48.28,1,0,4,22,4,5,9,2,6,2
3825783,Beñat Etxebarria Urkiaga,60,37,61.67,2,0,2,17,0,5,4,2,1,0
3825783,Óscar de Marcos Arana,57,35,61.4,0,0,1,20,4,5,4,0,1,2
3825783,Gerónimo Rulli,37,19,51.35,0,0,0,0,0,9,0,0,1,0
3825783,Carlos Alberto Vela Garrido,18,12,66.67,1,0,7,10,0,0,2,1,1,2
3825783,Mikel San José Domínguez,42,29,69.05,1,0,0,16,0,5,8,0,0,1
3825783,Iñaki Williams Arthuer,6,2,33.33,0,0,1,6,0,2,2,1,1,0
3825783,Mikel Balenziaga Oruesagasti,45,32,71.11,0,0,3,19,4,3,5,3,2,2
3825783,Diego Antonio Reyes Rosales,20,14,70.0,1,0,2,14,1,5,6,2,2,5
3825783,Markel Susaeta Laskurain,31,18,58.06,1,0,4,14,1,8,5,3,1,2
3825783,Yuri Berchiche Izeta,43,34,79.07,0,0,3,14,2,10,6,5,1,0
3825783,Mikel Oyarzabal Ugarte,25,12,48.0,0,0,5,9,2,5,5,2,1,0
3825783,Carlos Gurpegi Nausia,52,40,76.92,0,0,0,7,2,5,4,3,0,2
3825783,Raúl García Escudero,18,9,50.0,1,0,4,10,1,2,6,1,2,8
3825783,Rubén Pardo Gutiérrez,14,8,57.14,2,0,0,5,3,2,0,1,0,0
3825783,Borja Viguera Manzanares,5,3,60.0,0,0,0,2,0,1,0,1,1,0
3825783,Markel Bergara Larrañaga,5,4,80.0,0,0,1,3,0,1,1,0,1,1
3825783,Ander Iturraspe Derteano,11,7,63.64,0,0,0,3,0,0,2,0,0,2
3825783,David Zurutuza Veillet,1,1,100.0,0,0,0,0,0,0,0,0,0,0
3825780,Oriol Riera Magem,17,13,76.47,3,0,0,11,1,0,13,1,5,0
3825780,Luis Alberto Romero Alconchel,47,28,59.57,6,0,5,6,0,6,2,2,0,2
3825780,Víctor Sánchez Mata,28,22,78.57,1,0,0,38,2,4,7,2,1,5
3825780,Fayçal Fajr,62,48,77.42,2,0,6,10,1,4,4,2,2,0
3825780,Celso Borges Mora,49,41,83.67,1,0,1,6,0,5,3,2,0,2
3825780,Javier López Rodríguez,49,30,61.22,0,0,2,9,2,8,3,2,0,4
3825780,Fernando Navarro i Corbacho,66,49,74.24,0,0,1,16,1,10,8,1,2,0
3825780,Alejandro Bergantiños García,52,41,78.85,1,0,1,9,0,5,5,2,0,0
3825780,Juan Francisco Moreno Fuertes,39,32,82.05,1,0,1,5,3,2,3,3,0,0
3825780,Pedro Mosquera Parada,89,79,88.76,2,0,1,14,2,9,6,1,4,2
3825780,Alejandro Arribas Garrido,50,45,90.0,1,0,0,9,3,8,2,2,3,1
3825780,Sidnei Rechel da Silva Júnior,18,15,83.33,0,0,0,4,0,2,3,0,0,0
3825780,Álvaro González Soberón,29,19,65.52,3,0,0,7,0,1,2,2,0,3
3825780,Papa Kouly Diop,35,26,74.29,0,0,2,24,1,10,12,5,1,3
3825780,Abraham González Casanova,34,27,79.41,0,0,1,13,4,5,4,1,1,0
3825780,Óscar Esau Duarte Gaitán,19,12,63.16,0,0,0,3,2,4,3,4,0,0
3825780,Felipe Salvador Caicedo Corozo,19,13,68.42,2,0,5,13,0,1,9,3,0,4
3825780,Jorge Franco Alviz,31,23,74.19,2,0,4,10,0,2,4,1,0,0
3825780,Pau López Sabata,20,7,35.0,0,0,0,0,0,4,0,0,0,0
3825780,Víctor Guillermo Álvarez Delgado,46,29,63.04,0,0,0,12,1,4,3,3,1,1
3825780,Marco Asensio Willemsen,43,27,62.79,6,1,5,18,1,11,5,2,2,2
3825780,Germán Darío Lux,37,24,64.86,0,0,0,0,0,6,0,0,0,0
3825780,Laureano Sanabria Ruiz,34,25,73.53,0,0,2,6,0,3,2,2,1,0
3825780,Luis Carlos Correia Pinto,14,9,64.29,0,0,1,5,1,0,1,1,2,0
3825780,Gerard Moreno Balaguero,15,12,80.0,2,0,5,4,1,2,1,1,0,1
3825780,Federico Nicolás Cartabia,5,4,80.0,0,0,0,1,0,0,0,0,0,0
3825780,Enzo Pablo Roco Roco,1,0,0.0,0,0,0,0,0,0,1,1,0,0
3825780,Salvador Sevilla López,1,1,100.0,0,0,0,0,0,0,0,0,0,0
3825779,Borja González Tomás,18,11,61.11,2,0,0,17,1,0,6,1,0,1
3825779,Adrián González Morales,29,18,62.07,0,0,1,13,1,4,3,0,0,2
3825779,Josip Radošević,37,24,64.86,0,0,0,22,2,4,7,2,0,3
3825779,Manuel Castellano Castro,30,14,46.67,0,0,0,9,1,1,1,0,0,3
3825779,Sergi Gómez Solà,62,50,80.65,0,0,1,12,0,8,8,2,0,2
3825779,Gonzalo Escalante,50,35,70.0,1,0,2,26,1,10,8,5,1,4
3825779,Pedro Pablo Hernández,77,55,71.43,0,0,3,18,3,7,9,3,6,2
3825779,Sergio Álvarez Conde,29,16,55.17,0,0,0,0,0,1,0,0,0,0
3825779,David Juncà Reñé,30,22,73.33,0,0,0,12,3,3,2,4,2,2
3825779,Hugo Mallo Novegil,61,49,80.33,0,0,0,5,3,5,3,0,0,1
3825779,Takashi Inui,13,10,76.92,1,1,3,11,2,1,2,0,1,0
3825779,Jon Ansotegi Gorostola,23,11,47.83,1,0,0,9,0,0,2,2,1,0
3825779,John Guidetti,15,12,80.0,4,2,3,3,0,2,6,2,1,1
3825779,Mauro Javier Dos Santos,28,14,50.0,0,0,1,16,3,2,3,0,1,4
3825779,Daniel Wass,57,39,68.42,2,0,1,15,0,5,7,1,3,1
3825779,Iago Aspas Juncal,46,32,69.57,5,0,3,3,1,9,1,1,4,2
3825779,Théo Bongonda Mbul''Ofeko Batombo,23,18,78.26,2,0,2,3,0,6,4,4,5,0
3825779,José Ignacio Peleteiro Ramallo,21,17,80.95,1,0,7,15,0,5,4,0,0,4
3825779,Jonathan Castro Otto,64,52,81.25,1,1,2,19,0,6,6,4,3,0
3825779,Marcelo Alfonso Díaz Rojas,89,80,89.89,0,0,0,6,0,11,2,1,3,0
3825779,Gustavo Daniel Cabral Cáceres,63,57,90.48,0,0,0,5,2,5,2,0,1,0
3825779,Asier Riesgo Unamuno,31,14,45.16,0,0,0,0,0,6,0,0,0,0
3825779,Ander Capa Rodríguez,26,19,73.08,0,0,0,8,4,1,2,0,0,3
3825779,Saúl Berjón Pérez,15,10,66.67,1,1,2,3,1,3,1,0,0,1
3825779,Sergio Enrich Ametller,9,8,88.89,0,0,0,5,0,2,2,0,2,2
3825779,Manuel Agudo Durán,8,3,37.5,0,0,1,2,0,0,0,0,2,0
3825779,Claudio Beauvue,6,3,50.0,0,0,0,3,0,0,2,0,0,0
3825779,Nemanja Radoja,1,1,100.0,0,0,0,1,0,0,0,0,0,0
3825773,Borja González Tomás,17,8,47.06,1,1,0,13,0,3,5,0,0,0
3825773,Daniel García Carrillo,60,45,75.0,1,0,1,15,1,11,4,1,1,2
3825773,Manuel Castellano Castro,58,47,81.03,2,0,1,4,0,3,2,2,1,3
3825773,Asier Riesgo Unamuno,31,11,35.48,0,0,0,0,0,5,0,0,2,0
3825773,Simão Mate,29,18,62.07,0,0,0,8,1,4,2,1,2,1
3825773,Mauro Javier Dos Santos,30,20,66.67,0,0,0,7,4,1,5,0,1,1
3825773,David Navarro Pedrós,42,37,88.1,0,0,2,4,5,5,2,1,0,3
3825773,Zouhair Feddal,48,33,68.75,0,0,0,12,8,1,2,0,1,0
3825773,Diego Mariño Villar,44,35,79.55,0,0,0,0,0,7,0,0,0,0
3825773,Adrián González Morales,31,18,58.06,3,1,1,7,0,6,3,1,0,1
3825773,Jon Ansotegi Gorostola,28,21,75.0,2,0,0,9,1,1,6,1,0,0
3825773,Deyverson Brum Silva Acosta,27,17,62.96,4,0,1,11,1,3,13,4,3,4
3825773,Gonzalo Escalante,34,28,82.35,1,0,4,22,4,6,10,3,3,1
3825773,Giuseppe Rossi,25,21,84.0,1,0,1,16,0,2,2,0,2,1
3825773,Takashi Inui,41,28,68.29,4,0,1,21,2,2,2,1,0,0
3825773,Jordi Xumetra Feliu,8,4,50.0,0,0,1,10,0,1,3,0,2,1
3825773,José Luis Morales Nogales,30,17,56.67,1,0,4,16,3,6,2,2,1,0
3825773,Lucas Alfonso Orbán Alegre,45,34,75.56,0,0,1,14,0,4,8,4,3,1
3825773,Ander Capa Rodríguez,60,39,65.0,0,0,0,25,2,7,11,2,0,2
3825773,José Ignacio Peleteiro Ramallo,52,33,63.46,3,0,8,21,2,7,9,5,3,6
3825773,Antonio García Aranda,46,30,65.22,1,0,2,13,1,5,3,3,1,2
3825773,José Antonio García Rabasco,68,59,86.76,0,0,1,10,1,6,1,2,2,1
3825773,Joan Verdú Fernández,30,27,90.0,0,0,1,3,1,3,0,1,1,0
3825773,Víctor Camarasa Ferrando,34,29,85.29,0,0,1,2,1,1,1,1,0,0
3825773,Sergio Enrich Ametller,6,3,50.0,0,0,0,6,0,0,1,0,0,1
3825773,Josip Radošević,6,5,83.33,0,0,0,6,0,2,2,0,1,1
3825773,Nabil Ghilas,4,2,50.0,1,0,0,2,0,0,0,0,0,0
3825776,Willian José da Silva,17,15,88.24,0,0,0,10,0,1,6,1,2,4
3825776,Jonathan Viera Ramos,50,44,88.0,3,0,2,21,1,3,2,1,8,0
3825776,Roque Mesa Quevedo,46,42,91.3,0,0,1,13,0,11,1,0,0,1
3825776,Pedro Bigas Rigo,41,32,78.05,1,0,1,13,1,4,6,0,0,2
3825776,Javier Varas Herrera,46,27,58.7,0,0,0,0,0,5,0,0,0,0
3825776,José Antonio Reyes Calderón,30,20,66.67,2,0,3,18,2,6,1,3,2,1
3825776,Mariano Ferreira Filho,61,37,60.66,0,0,1,9,4,4,3,0,1,0
3825776,Sebastián Carlos Cristóforo Pepe,60,57,95.0,0,0,2,31,2,4,7,2,1,6
3825776,Steven N''Kemboanza Mike Christopher Nzonzi,61,53,86.89,1,0,1,20,1,4,5,0,2,4
3825776,Adil Rami,47,41,87.23,0,0,0,7,3,6,2,0,3,3
3825776,Timothée Kolodziejczak,47,42,89.36,1,0,0,6,0,4,3,1,0,2
3825776,Benoît Trémoulinas,58,41,70.69,1,0,2,6,0,2,2,3,1,0
3825776,Yevhen Konoplyanka,21,12,57.14,1,0,1,8,0,2,2,1,1,0
3825776,David García Santana,24,16,66.67,1,0,0,6,3,0,3,2,0,0
3825776,Pedro Taunausú Domínguez Placeres,47,38,80.85,3,0,1,26,1,8,3,3,2,1
3825776,Kevin Gameiro,14,10,71.43,2,1,3,10,1,0,2,1,0,0
3825776,Aythami Artiles Oliva,40,30,75.0,0,0,0,7,0,3,5,0,1,1
3825776,Éver Maximiliano David Banega,78,58,74.36,1,1,8,14,3,10,3,0,2,0
3825776,Mubarak Wakaso,45,33,73.33,1,0,2,16,1,2,7,2,0,3
3825776,Javier Garrido Behovide,47,38,80.85,0,0,0,3,0,3,1,1,0,1
3825776,Nabil El Zhar,32,27,84.38,1,0,0,14,0,3,3,3,5,1
3825776,Sergio Rico González,24,18,75.0,0,0,0,0,0,5,0,0,0,0
3825776,Víctor Machín Pérez,18,15,83.33,0,0,1,7,2,1,1,0,1,2
3825776,Michael Krohn-Dehli,17,12,70.59,0,0,0,7,0,0,0,0,0,0
3825776,Hernán Daniel Santana Trujillo,20,18,90.0,0,0,0,5,0,3,2,2,0,1
3825776,Juan Muñoz Muñoz,3,3,100.0,0,0,0,4,0,1,1,0,0,0
3825776,Francisco José Perdomo Borges,11,8,72.73,0,0,1,4,0,1,0,0,0,0
3825776,Sergio Ezequiel Araújo,0,0,0.0,1,0,0,1,0,0,1,0,0,0
3825775,Youssef El-Arabi,15,13,86.67,2,0,0,2,1,3,0,0,0,0
3825775,Rubén Rochina Naixes,68,43,63.24,3,0,3,14,1,5,2,0,3,1
3825775,Ricardo Miguel Moreira da Costa,44,30,68.18,3,0,0,6,3,1,5,2,2,3
3825775,Jonathas Cristian de Jesus,19,13,68.42,2,1,7,7,0,2,1,2,2,1
3825775,Isaac Ajayi Success,30,17,56.67,0,0,4,14,0,8,7,0,1,3
3825775,Yuri Berchiche Izeta,50,40,80.0,0,0,0,24,5,3,5,1,1,0
3825775,Mikel Oyarzabal Ugarte,24,14,58.33,2,2,1,17,3,4,7,1,4,1
3825775,Dimitri Foulquier,59,48,81.36,0,0,2,20,2,5,2,2,0,2
3825775,Francisco Manuel Rico Castro,63,41,65.08,2,0,3,17,0,6,3,1,2,2
3825775,Rubén Pardo Gutiérrez,43,28,65.12,1,0,4,11,2,8,1,0,1,0
3825775,Asier Illarramendi Andonegi,51,42,82.35,0,0,1,30,5,7,11,5,0,2
3825775,Adalberto Peñaranda Maestre,18,11,61.11,0,0,3,8,0,4,6,1,0,2
3825775,Diego Antonio Reyes Rosales,19,17,89.47,1,0,0,10,2,2,3,5,1,0
3825775,Rubén Salvador Pérez Del Mármol,29,23,79.31,0,0,0,18,1,4,3,2,0,2
3825775,Mikel González de Martín Martínez,22,15,68.18,0,0,0,3,1,4,3,2,0,0
3825775,David Rodríguez Lombán,23,19,82.61,1,0,0,11,0,2,5,0,1,0
3825775,Xabier Prieto Argarate,43,34,79.07,1,0,3,18,0,4,6,2,4,2
3825775,Andrés Eduardo Fernández Moreno,28,20,71.43,0,0,0,0,0,5,0,0,0,0
3825775,Aritz Elustondo Irribaria,47,29,61.7,1,0,1,27,2,4,5,2,3,1
3825775,Cristiano Biraghi,53,40,75.47,0,0,0,15,2,4,2,4,0,3
3825775,Carlos Alberto Vela Garrido,44,30,68.18,2,0,6,7,0,5,2,3,2,1
3825775,Gerónimo Rulli,42,20,47.62,0,0,0,0,0,4,0,0,0,0
3825775,Juan Isaac Cuenca López,6,5,83.33,0,0,2,7,0,1,1,1,0,1
3825775,David Barral Torres,14,12,85.71,3,0,0,2,1,2,2,0,0,0
3825775,Armindo Tué Na Bangna,6,5,83.33,1,0,1,9,0,1,1,0,0,0
3825775,Abdoulaye Doucouré,13,11,84.62,0,0,0,3,0,3,0,0,0,1
3825775,Markel Bergara Larrañaga,3,3,100.0,1,0,0,3,0,1,0,0,0,2
3825775,Héctor Hernández Ortega,3,2,66.67,0,0,0,0,0,0,0,0,0,0
3825769,Duje Čop,21,14,66.67,2,0,0,15,0,4,4,0,1,0
3825769,Charles Días Barbosa de Oliveira,34,26,76.47,1,0,0,13,0,3,5,2,0,3
3825769,Weligton Róbson Pena de Oliveira,56,42,75.0,0,0,0,8,3,6,5,2,2,1
3825769,Roberto Soldado Rillo,26,14,53.85,3,1,1,8,0,7,7,1,3,0
3825769,Denis Suárez Fernández,39,31,79.49,2,0,0,18,0,1,2,3,0,1
3825769,Roberto José Rosales Altuve,59,43,72.88,0,0,3,12,1,8,4,3,2,0
3825769,Jaume Vicent Costa Jordá,62,44,70.97,0,0,1,10,1,2,4,5,0,1
3825769,Ignacio Camacho Barnola,56,36,64.29,1,0,0,25,1,5,3,2,1,6
3825769,Bruno Soriano Llido,54,48,88.89,0,0,2,14,3,7,10,3,2,0
3825769,Manuel Trigueros Muñoz,43,35,81.4,1,0,1,22,2,3,4,2,1,2
3825769,Mateo Pablo Musacchio,50,40,80.0,1,0,1,9,0,7,5,0,1,0
3825769,Fernando Damián Tissone,31,21,67.74,2,0,2,6,1,1,1,0,1,1
3825769,Jonathan dos Santos Ramírez,46,34,73.91,2,0,1,30,3,7,11,2,0,4
3825769,Mario Gaspar Pérez Martínez,53,37,69.81,1,0,1,6,2,2,6,1,0,0
3825769,Leonardo Carrilho Baptistão,22,13,59.09,1,0,3,29,0,2,13,0,4,1
3825769,Raúl Albentosa Redal,46,31,67.39,0,0,0,7,7,8,2,2,1,3
3825769,Idriss Carlos Kameni,36,27,75.0,0,0,0,0,0,8,0,0,0,0
3825769,Víctor Ruíz Torre,66,51,77.27,0,0,2,1,3,3,3,0,2,1
3825769,Alphonse Areola,34,12,35.29,0,0,0,0,0,4,0,0,2,0
3825769,Pablo Fornals Malla,52,36,69.23,0,0,3,18,0,9,2,0,0,3
3825769,Miguel Torres Gómez,46,37,80.43,0,0,0,10,2,1,2,0,0,0
3825769,Juan Pablo Añor Acosta,32,23,71.88,1,0,5,25,0,5,3,1,1,0
3825769,Sérgio Paulo Barbosa Valente,25,17,68.0,0,0,2,3,0,3,1,1,4,0
3825769,Samuel Castillejo Azuaga,8,6,75.0,0,0,1,9,0,3,0,0,2,1
3825769,Cédric Bakambu,3,2,66.67,1,0,0,3,0,1,2,0,0,3
3825769,Roque Luis Santa Cruz Cantero,6,4,66.67,0,0,1,2,0,0,5,0,1,1
3825769,Tomás Pina Isla,3,2,66.67,0,0,0,1,0,0,0,0,0,0
3825769,Ikechukwu Uche,1,1,100.0,0,0,0,0,0,0,0,0,0,0
3825770,Mateo Kovačić,73,66,90.41,4,0,2,12,0,6,0,2,1,0
3825770,Karim Benzema,33,29,87.88,2,0,3,8,0,4,2,1,2,0
3825770,Toni Kroos,82,70,85.37,1,1,0,25,3,3,4,2,0,0
3825770,Danilo Luiz da Silva,62,53,85.48,1,0,1,7,1,2,3,3,1,0
3825770,Íñigo Lekue Martínez,23,14,60.87,0,0,3,13,0,2,2,0,0,0
3825770,Raphaël Varane,61,54,88.52,0,0,1,3,1,3,2,4,0,2
3825770,Javier Eraso Goñi,34,28,82.35,1,1,0,22,1,3,1,2,0,1
3825770,Keylor Navas Gamboa,44,30,68.18,0,0,0,0,0,8,0,0,0,0
3825770,Mikel Balenziaga Oruesagasti,62,52,83.87,0,0,5,21,3,7,4,5,0,1
3825770,James David Rodríguez Rubio,41,34,82.93,3,1,5,24,3,2,5,3,2,0
3825770,Ander Iturraspe Derteano,21,16,76.19,0,0,0,24,1,3,8,2,0,1
3825770,Sabin Merino Zuloaga,21,14,66.67,3,0,2,8,0,1,4,3,0,0
3825770,Gorka Iraizoz Moreno,31,14,45.16,0,0,0,0,0,1,0,0,0,0
3825770,Aritz Aduriz Zubeldia,17,11,64.71,5,0,1,8,0,3,4,2,4,0
3825770,Sergio Ramos García,62,52,83.87,0,0,0,12,0,4,2,0,0,2
3825770,Luka Modrić,66,63,95.45,0,0,1,16,1,5,3,1,1,1
3825770,Óscar de Marcos Arana,42,31,73.81,1,0,2,19,2,6,5,3,1,2
3825770,Beñat Etxebarria Urkiaga,68,58,85.29,0,0,2,16,2,8,1,0,0,2
3825770,Daniel Carvajal Ramos,62,52,83.87,0,0,1,22,2,3,5,5,0,1
3825770,Xabier Etxeita Gorritxategi,30,25,83.33,0,0,1,12,1,5,2,1,0,1
3825770,Aymeric Laporte,45,37,82.22,0,0,0,8,3,3,3,3,0,0
3825770,Cristiano Ronaldo dos Santos Aveiro,44,31,70.45,7,2,3,7,0,5,0,1,2,0
3825770,Gorka Elustondo Urkola,18,16,88.89,1,1,1,8,0,0,0,0,0,1
3825770,José Ignacio Fernández Iglesias,10,10,100.0,0,0,0,0,0,0,0,0,1,0
3825770,Iker Muniain Goñi,17,16,94.12,0,0,2,1,0,0,1,0,1,0
3825770,Francisco Román Alarcón Suárez,16,14,87.5,1,0,2,3,1,1,0,0,0,0
3825770,Borja Viguera Manzanares,1,0,0.0,0,0,0,6,0,1,1,0,0,1
3825770,Lucas Vázquez Iglesias,4,3,75.0,0,0,0,4,0,0,1,0,0,0
3825768,Carlos Carmona Bonet,25,18,72.0,2,0,0,33,2,5,2,4,1,3
3825768,Daniel Arnaud N''Di	,2,1,50.0,0,0,0,0,0,0,1,0,1,0
3825768,Rachid Aït-Atmane,32,24,75.0,1,0,0,17,0,8,6,3,1,1
3825768,Jonathan Rodríguez Menéndez,45,27,60.0,1,0,4,17,1,9,4,1,4,0
3825768,Roberto Román Triguero,58,49,84.48,1,0,1,10,4,4,2,2,1,1
3825768,Miguel Ángel Guerrero Martín,15,8,53.33,3,1,3,12,0,1,4,1,2,3
3825768,Pablo Hernández Domínguez,36,26,72.22,1,0,3,15,1,3,4,3,2,2
3825768,José Antonio Dorado Ramírez,71,63,88.73,0,0,1,7,0,4,6,1,0,0
3825768,Ismael López Blanco,50,33,66.0,1,0,2,11,1,8,3,1,0,0
3825768,Luis Hernández Rodríguez,37,31,83.78,0,0,0,4,5,5,4,2,0,0
3825768,José Ignacio Martínez García,63,43,68.25,0,0,3,15,0,0,2,1,0,1
3825768,Ognjen Vranješ,38,29,76.32,0,0,1,19,4,4,4,3,1,3
3825768,Tiago Manuel Dias Correia,24,17,70.83,3,0,5,12,2,6,4,4,1,0
3825768,Roberto Trashorras Gayoso,113,102,90.27,2,0,0,13,3,10,2,1,3,1
3825768,Iván Cuéllar Sacristán,29,10,34.48,0,0,0,0,0,5,0,0,0,0
3825768,Diego Javier Llorente Ríos,43,30,69.77,1,0,4,9,2,6,6,2,1,3
3825768,Jorge Meré Pérez,27,22,81.48,0,0,1,12,1,2,5,1,0,1
3825768,Juan Carlos Martín Corral,35,32,91.43,0,0,0,0,0,8,0,0,0,0
3825768,Nicolás Ladislao Fedor Flores,21,15,71.43,2,1,3,12,1,2,2,0,1,0
3825768,Joaquín José Marín Ruiz,29,17,58.62,0,0,3,8,0,1,2,0,0,2
3825768,Jozabed Sánchez Ruiz,54,51,94.44,3,1,1,14,1,6,2,1,3,1
3825768,Sergio Álvarez Díaz,36,21,58.33,0,0,4,26,0,8,3,3,3,2
3825768,Alen Halilović,23,18,78.26,3,1,3,13,0,6,1,1,1,1
3825768,Manuel Rolando Iturra Urrutia,34,30,88.24,0,0,0,12,1,3,2,1,0,2
3825768,Carlos Castro García,7,6,85.71,0,0,1,1,0,2,1,0,0,0
3825768,Adrián Embarba Blázquez,13,7,53.85,3,0,1,2,2,4,1,1,1,1
3825768,Francisco Medina Luna,5,3,60.0,0,0,0,1,0,0,2,1,0,0
3825768,Alejandro Menéndez Díez,3,2,66.67,0,0,0,3,1,0,1,0,0,0
3825736,Nicolás Ladislao Fedor Flores,10,9,90.0,4,0,2,26,1,2,8,0,2,3
3825736,Roberto Trashorras Gayoso,79,63,79.75,1,0,3,8,1,8,3,2,2,1
3825736,Joaquín José Marín Ruiz,33,20,60.61,0,0,2,29,5,1,9,5,2,4
3825736,Santiago Mina Lorenzo,23,12,52.17,1,0,5,17,0,3,6,3,2,2
3825736,José Eduardo Rosa Vale de Castro,49,33,67.35,0,0,0,9,5,6,8,5,0,2
3825736,Aderllan Leandro de Jesus Santos,40,32,80.0,0,0,0,12,3,0,4,3,0,1
3825736,Adrián Embarba Blázquez,13,8,61.54,1,0,2,7,0,2,1,0,3,0
3825736,João Pedro Cavaco Cancelo,54,38,70.37,1,0,4,18,2,8,4,1,3,2
3825736,Álvaro Negredo Sánchez,18,15,83.33,1,1,1,22,0,0,7,0,1,1
3825736,André Filipe Tavares Gomes,53,43,81.13,2,0,3,26,0,4,7,1,3,3
3825736,Pablo Hernández Domínguez,45,38,84.44,3,0,7,14,1,9,3,3,3,0
3825736,Shkodran Mustafi,46,38,82.61,0,0,1,11,0,5,3,1,0,2
3825736,José Ignacio Martínez García,42,26,61.9,1,0,1,20,3,5,6,3,1,2
3825736,Mathew Ryan,32,19,59.38,0,0,0,0,0,1,0,0,0,0
3825736,Diego Javier Llorente Ríos,38,34,89.47,1,1,0,21,1,4,2,3,1,5
3825736,Juan Carlos Martín Corral,34,19,55.88,0,0,0,0,0,7,0,0,0,0
3825736,Jozabed Sánchez Ruiz,40,34,85.0,3,1,1,24,1,8,3,1,0,3
3825736,Roberto Román Triguero,31,26,83.87,1,0,0,7,2,4,5,0,2,0
3825736,Rodrigo Moreno Machado,39,24,61.54,6,0,4,20,6,6,4,1,2,3
3825736,Antonio Barragán Fernández,55,42,76.36,0,0,1,19,1,3,2,3,3,3
3825736,Danilo Barbosa da Silva,43,30,69.77,1,0,0,22,1,5,3,2,6,1
3825736,Daniel Parejo Muñoz,53,42,79.25,0,0,3,23,1,6,1,1,3,1
3825736,Alhassane Bangoura,18,12,66.67,1,0,0,13,1,4,1,1,1,4
3825736,Pablo Daniel Piatti,12,7,58.33,0,0,2,9,1,2,3,2,4,2
3825736,Francisco Alcácer García,8,7,87.5,1,1,1,3,0,0,4,1,0,0
3825736,Alberto Mateus Contreiras Gonçalves,2,1,50.0,2,0,0,14,0,0,5,0,1,3
3825736,Zakaria Bakkali,6,5,83.33,0,0,0,4,0,0,1,0,0,0
3825736,José Raúl Baena Urdiales,6,4,66.67,0,0,0,2,0,1,1,1,2,0
3825731,Duje Čop,25,19,76.0,3,0,2,18,2,4,5,1,3,1
3825731,Roque Luis Santa Cruz Cantero,30,26,86.67,3,1,1,23,2,1,5,1,3,0
3825731,Weligton Róbson Pena de Oliveira,43,34,79.07,0,0,0,15,2,2,5,1,2,1
3825731,José Vicente Gómez Umpiérrez,55,46,83.64,0,0,2,15,2,8,6,4,1,3
3825731,Aythami Artiles Oliva,59,48,81.36,0,0,0,10,5,3,6,1,0,1
3825731,Sergio Ezequiel Araújo,15,10,66.67,0,0,3,20,0,1,4,4,0,6
3825731,Pedro Taunausú Domínguez Placeres,47,41,87.23,2,1,1,15,0,5,4,3,2,1
3825731,Gonzalo Castro Irizábal,23,16,69.57,0,0,2,19,0,2,7,5,0,0
3825731,Roque Mesa Quevedo,66,64,96.97,0,0,1,24,1,6,5,2,3,2
3825731,Nabil El Zhar,33,23,69.7,0,0,7,13,1,2,1,0,2,0
3825731,José Luis García del Pozo,53,40,75.47,1,0,2,25,1,8,4,0,5,3
3825731,Arthur Etienne Boka,46,41,89.13,1,0,1,14,1,2,4,1,0,2
3825731,Javier Varas Herrera,44,30,68.18,0,0,0,0,0,9,0,0,0,0
3825731,Javier Garrido Behovide,65,58,89.23,0,0,0,10,0,5,1,2,0,3
3825731,Dani Castellano Betancor,62,53,85.48,0,0,1,18,1,2,4,1,2,4
3825731,Juan Pablo Añor Acosta,22,20,90.91,1,0,2,23,2,3,1,1,4,1
3825731,David Simón Rodríguez Santana,67,57,85.07,0,0,1,17,3,6,6,2,0,2
3825731,Ignacio Camacho Barnola,43,31,72.09,0,0,0,22,2,5,7,0,3,2
3825731,Jonathan Viera Ramos,56,42,75.0,2,0,4,14,0,3,3,2,0,1
3825731,Idriss Carlos Kameni,24,20,83.33,0,0,0,0,0,3,0,0,0,0
3825731,Raúl Albentosa Redal,30,19,63.33,1,0,0,6,5,1,1,2,1,0
3825731,Roberto José Rosales Altuve,46,32,69.57,0,0,2,19,4,9,5,3,1,0
3825731,Sérgio Paulo Barbosa Valente,20,10,50.0,0,0,0,13,1,1,0,0,1,1
3825731,Mubarak Wakaso,10,7,70.0,0,0,0,5,1,1,1,1,2,1
3825731,Pablo Fornals Malla,10,4,40.0,1,0,1,10,1,1,0,0,0,0
3825731,Willian José da Silva,2,2,100.0,1,0,0,2,0,0,0,0,0,1
3825731,Juan Carlos Valerón Santana,5,4,80.0,0,0,1,4,0,0,0,0,0,0
3825731,Javier Ontiveros Parra,4,3,75.0,0,0,0,1,0,1,0,0,1,1
3825685,Alen Halilović,21,14,66.67,6,0,4,20,1,1,3,2,1,0
3825685,Daniel Arnaud N''Di	,8,8,100.0,2,0,0,19,1,3,5,2,4,0
3825685,Omar Mascarell González,33,26,78.79,0,0,1,24,1,6,3,4,1,3
3825685,Arnaldo Antonio Sanabria Ayala,16,11,68.75,4,3,0,12,1,1,13,0,2,2
3825685,David Simón Rodríguez Santana,45,34,75.56,0,0,0,11,1,4,4,1,0,1
3825685,Ignacio Cases Mora,29,20,68.97,1,0,1,19,2,5,3,2,0,0
3825685,Jonathan Viera Ramos,71,58,81.69,3,0,3,12,2,7,4,0,1,0
3825685,Sergio Ezequiel Araújo,28,19,67.86,3,0,2,7,1,2,5,3,1,1
3825685,Luis Hernández Rodríguez,40,24,60.0,1,0,0,10,4,3,1,1,0,0
3825685,José Vicente Gómez Umpiérrez,70,64,91.43,0,0,1,15,2,7,6,2,0,2
3825685,Javier Garrido Behovide,54,52,96.3,0,0,0,6,0,1,3,2,1,2
3825685,Aythami Artiles Oliva,42,33,78.57,0,0,0,5,0,0,5,4,0,3
3825685,Roque Mesa Quevedo,60,56,93.33,2,0,0,2,0,3,1,1,2,1
3825685,Javier Varas Herrera,59,41,69.49,0,0,0,0,0,10,0,0,1,0
3825685,Nabil El Zhar,35,28,80.0,3,1,0,6,0,4,4,0,1,0
3825685,Ismael López Blanco,36,28,77.78,1,0,2,7,2,3,1,1,0,1
3825685,Jorge Meré Pérez,22,13,59.09,3,0,1,9,3,3,5,1,1,0
3825685,Dani Castellano Betancor,45,34,75.56,0,0,1,5,4,8,7,2,0,2
3825685,Bernardo José Espinosa Zúñiga,42,31,73.81,2,0,0,10,3,8,3,1,0,3
3825685,Iván Cuéllar Sacristán,24,9,37.5,0,0,0,0,0,4,0,0,0,0
3825685,Jonathan Rodríguez Menéndez,40,26,65.0,1,0,2,11,3,9,4,1,2,1
3825685,Pedro Taunausú Domínguez Placeres,35,30,85.71,1,0,3,6,0,3,2,0,1,2
3825685,Carlos Castro García,4,3,75.0,1,0,1,8,0,0,0,0,3,0
3825685,Juan Emmanuel Culio,14,11,78.57,0,0,0,1,0,1,2,0,2,1
3825685,Hernán Daniel Santana Trujillo,17,14,82.35,0,0,0,0,0,2,1,0,0,1
3825685,Juan Carlos Valerón Santana,19,17,89.47,0,0,0,0,0,0,0,0,0,0
3825685,Alejandro Menéndez Díez,2,0,0.0,0,0,0,0,0,2,0,0,0,0
3825685,Pablo Pérez Rodríguez,0,0,0.0,0,0,0,2,0,0,0,0,0,0
3825678,Gareth Frank Bale,28,24,85.71,4,1,4,15,0,2,3,1,1,0
3825678,Cristiano Ronaldo dos Santos Aveiro,22,19,86.36,9,1,1,6,0,2,2,1,1,0
3825678,Luka Modrić,90,76,84.44,1,0,3,18,3,11,2,4,8,0
3825678,Danilo Luiz da Silva,62,49,79.03,1,0,1,10,6,4,3,5,2,0
3825678,Kléper Laveran Lima Ferreira,54,43,79.63,0,0,0,9,2,5,6,3,3,2
3825678,Daniel Carvajal Ramos,52,41,78.85,0,0,3,20,3,0,1,3,0,0
3825678,José Ignacio Fernández Iglesias,35,26,74.29,0,0,0,8,2,1,1,2,1,3
3825678,Toni Kroos,102,93,91.18,0,0,2,14,3,13,2,0,3,0
3825678,Takashi Inui,29,20,68.97,3,0,3,24,0,7,3,1,0,1
3825678,Aleksandar Pantić,25,16,64.0,1,0,0,5,1,4,3,5,0,1
3825678,Saúl Berjón Pérez,44,17,38.64,0,0,1,14,2,4,3,1,0,1
3825678,Daniel García Carrillo,59,45,76.27,1,0,0,24,3,5,3,2,1,6
3825678,Gonzalo Escalante,29,25,86.21,0,0,1,31,2,6,7,4,0,7
3825678,Sergio Enrich Ametller,26,20,76.92,2,0,0,23,0,1,7,4,4,5
3825678,Ander Capa Rodríguez,49,27,55.1,1,0,0,15,9,3,3,1,0,3
3825678,James David Rodríguez Rubio,38,24,63.16,0,0,1,6,0,3,3,0,1,0
3825678,Adrián González Morales,33,26,78.79,0,0,1,12,1,3,1,3,0,1
3825678,David Juncà Reñé,46,29,63.04,0,0,2,13,2,2,4,3,1,0
3825678,Mateo Kovačić,54,47,87.04,1,0,3,17,0,5,6,2,5,1
3825678,Keylor Navas Gamboa,35,19,54.29,0,0,0,0,0,4,0,0,0,0
3825678,Mauro Javier Dos Santos,18,11,61.11,0,0,0,2,1,0,1,2,0,1
3825678,Asier Riesgo Unamuno,28,10,35.71,0,0,0,0,0,4,0,0,0,0
3825678,Lucas Vázquez Iglesias,13,10,76.92,0,0,2,12,1,3,3,1,2,1
3825678,Simone Verdi,9,8,88.89,0,0,0,8,0,1,1,1,0,4
3825678,Carlos Henrique Casimiro,6,4,66.67,0,0,0,5,1,2,0,0,1,0
3825678,Mikel Arruabarrena Aranbide,3,3,100.0,0,0,0,2,0,0,0,0,1,0
3825678,Karim Benzema,3,2,66.67,1,0,0,3,0,0,2,0,0,0
3825678,Izet Hajrović,4,4,100.0,0,0,0,6,0,0,1,1,0,0
3825643,Cristiano Ronaldo dos Santos Aveiro,27,21,77.78,5,1,3,8,0,4,4,0,0,0
3825643,Francisco Román Alarcón Suárez,61,48,78.69,3,1,5,14,3,6,3,0,3,1
3825643,Carlos Henrique Casimiro,80,68,85.0,0,0,1,21,4,6,5,2,3,4
3825643,Toni Kroos,91,81,89.01,1,0,0,28,2,2,5,1,0,2
3825643,Marcelo Vieira da Silva Júnior,86,72,83.72,1,0,1,10,5,5,7,3,1,0
3825643,Roque Mesa Quevedo,75,64,85.33,0,0,2,13,2,4,2,1,2,0
3825643,Raphaël Varane,67,62,92.54,1,0,0,9,1,2,2,0,0,1
3825643,Danilo Luiz da Silva,66,58,87.88,0,0,3,12,4,3,3,1,1,2
3825643,José Ignacio Fernández Iglesias,58,53,91.38,1,0,1,6,1,2,2,0,0,1
3825643,Jesé Rodríguez Ruiz,34,25,73.53,2,1,3,6,0,6,1,0,1,0
3825643,Willian José da Silva,23,17,73.91,3,0,0,16,0,4,0,0,0,1
3825643,Pedro Bigas Rigo,52,46,88.46,0,0,3,12,2,4,3,0,1,0
3825643,José Vicente Gómez Umpiérrez,86,86,100.0,0,0,1,19,2,6,3,1,4,2
3825643,Hernán Daniel Santana Trujillo,44,39,88.64,1,1,0,16,1,4,1,1,1,2
3825643,Aythami Artiles Oliva,51,44,86.27,0,0,1,8,4,4,4,2,0,1
3825643,Luka Modrić,36,32,88.89,1,0,0,4,1,3,1,0,0,1
3825643,David Simón Rodríguez Santana,51,37,72.55,0,0,2,25,2,5,3,3,1,2
3825643,Jonathan Viera Ramos,47,38,80.85,2,0,5,19,1,1,1,0,1,0
3825643,Javier Garrido Behovide,52,50,96.15,0,0,0,7,1,4,3,4,0,1
3825643,Javier Varas Herrera,31,24,77.42,0,0,0,0,0,1,0,0,0,0
3825643,Nabil El Zhar,20,14,70.0,1,0,6,13,0,3,2,2,2,1
3825643,Francisco Casilla Cortés,19,17,89.47,0,0,0,0,0,1,0,0,0,0
3825643,Lucas Vázquez Iglesias,22,18,81.82,2,0,2,13,1,5,3,0,2,2
3825643,Pedro Taunausú Domínguez Placeres,20,17,85.0,0,0,4,5,1,4,1,2,1,2
3825643,Nauzet Alemán Viera,15,12,80.0,0,0,0,1,1,0,1,0,0,0
3825643,Sergio Ezequiel Araújo,6,6,100.0,1,0,0,0,0,0,0,0,0,0
3825643,Marcos Llorente Moreno,7,7,100.0,0,0,0,3,0,0,0,0,0,0
3825643,Borja Mayoral Moya,3,2,66.67,0,0,0,3,0,0,0,0,0,0
3825642,Jackson Arley Martínez Valencia,8,7,87.5,3,0,2,14,1,1,3,3,1,3
3825642,Jorge Resurrección Merodio,68,55,80.88,1,0,1,13,2,5,2,0,0,0
3825642,Sidnei Rechel da Silva Júnior,52,44,84.62,0,0,0,9,5,2,2,2,2,2
3825642,Filipe Luís Kasmirski,88,74,84.09,0,0,7,14,2,7,6,3,0,1
3825642,Laureano Sanabria Ruiz,39,28,71.79,0,0,2,12,5,3,4,3,1,0
3825642,Alberto Lopo García,57,43,75.44,0,0,0,12,0,1,4,1,1,0
3825642,Federico Nicolás Cartabia,32,24,75.0,3,0,8,38,2,5,8,3,2,0
3825642,Lucas Pérez Martínez,17,12,70.59,2,1,6,25,0,4,4,0,2,0
3825642,Diego Roberto Godín Leal,79,69,87.34,1,0,0,5,5,6,3,2,1,2
3825642,Fernando Navarro i Corbacho,65,51,78.46,0,0,0,8,3,3,2,1,1,0
3825642,Jan Oblak,21,13,61.9,0,0,0,0,0,5,0,0,0,0
3825642,José María Giménez de Vargas,69,57,82.61,1,0,1,9,1,7,4,0,0,0
3825642,Yannick Ferreira Carrasco,29,20,68.97,1,0,2,13,3,3,6,0,1,4
3825642,Juan Francisco Torres Belén,60,46,76.67,0,0,2,2,4,2,2,1,1,0
3825642,Jonás Manuel Gutiérrez,35,23,65.71,0,0,6,12,2,2,3,3,0,1
3825642,Germán Darío Lux,37,25,67.57,0,0,0,0,0,1,0,0,1,0
3825642,Celso Borges Mora,50,42,84.0,0,0,0,12,2,4,2,1,0,0
3825642,Gabriel Fernández Arenas,92,79,85.87,0,0,1,13,3,5,2,1,0,1
3825642,Antoine Griezmann,29,22,75.86,4,0,0,20,1,4,7,0,2,1
3825642,Fayçal Fajr,51,39,76.47,1,0,4,21,4,6,8,2,2,1
3825642,Pedro Mosquera Parada,67,56,83.58,1,0,0,23,4,4,5,1,0,2
3825642,Tiago Cardoso Mendes,76,64,84.21,1,1,1,14,2,7,3,0,0,1
3825642,Ángel Martín Correa,11,8,72.73,0,0,0,14,0,0,0,0,0,0
3825642,Luis Alberto Romero Alconchel,6,3,50.0,0,0,6,4,0,1,1,0,1,0
3825642,Saúl Ñíguez Esclapez,18,16,88.89,0,0,1,2,1,1,2,0,0,0
3825642,Juan Francisco Moreno Fuertes,14,10,71.43,0,0,0,2,1,1,2,0,0,0
3825642,Fernando José Torres Sanz,1,1,100.0,0,0,0,3,0,0,1,0,0,0
3825638,Santiago Mina Lorenzo,30,21,70.0,0,0,1,17,0,1,9,2,3,1
3825638,Rodrigo Moreno Machado,6,5,83.33,2,0,2,0,0,1,1,1,1,0
3825638,Aderllan Leandro de Jesus Santos,58,50,86.21,0,0,1,11,3,6,8,1,0,0
3825638,João Pedro Cavaco Cancelo,61,39,63.93,2,0,4,13,1,5,2,2,2,0
3825638,André Filipe Tavares Gomes,41,35,85.37,1,0,3,23,1,10,6,2,4,1
3825638,Filipe Luís Kasmirski,64,50,78.12,0,0,1,17,1,1,5,1,1,1
3825638,José Luis Gayà Peña,64,49,76.56,0,0,2,17,0,4,4,2,4,0
3825638,Tiago Cardoso Mendes,59,47,79.66,1,0,0,19,6,4,5,1,2,3
3825638,Enzo Nicolás Pérez,59,52,88.14,0,0,3,22,2,6,6,3,2,3
3825638,Jackson Arley Martínez Valencia,15,8,53.33,3,1,3,13,0,2,4,2,1,2
3825638,Daniel Parejo Muñoz,24,18,75.0,0,0,4,19,0,3,9,1,2,1
3825638,José María Giménez de Vargas,25,19,76.0,1,0,0,3,1,2,1,0,0,0
3825638,Yannick Ferreira Carrasco,43,31,72.09,3,1,10,10,5,9,2,1,2,5
3825638,Gabriel Fernández Arenas,48,36,75.0,1,0,0,16,2,7,4,1,0,3
3825638,Antoine Griezmann,42,36,85.71,2,0,2,16,0,4,8,3,1,2
3825638,Jorge Resurrección Merodio,70,51,72.86,2,0,0,20,2,6,8,0,0,2
3825638,Shkodran Mustafi,54,43,79.63,0,0,1,12,5,4,4,2,2,1
3825638,Jan Oblak,17,6,35.29,0,0,0,0,0,3,0,0,0,0
3825638,Danilo Barbosa da Silva,27,23,85.19,0,0,4,26,0,5,7,2,6,3
3825638,Juan Francisco Torres Belén,48,39,81.25,1,0,4,13,2,3,5,1,0,5
3825638,Diego Roberto Godín Leal,29,24,82.76,1,0,1,4,3,3,2,1,0,4
3825638,Jaume Doménech Sánchez,39,24,61.54,0,0,0,0,0,7,0,0,0,0
3825638,Francisco Alcácer García,13,7,53.85,1,1,3,10,1,1,2,0,1,1
3825638,Zakaria Bakkali,8,7,87.5,1,0,2,6,0,1,1,0,0,0
3825638,Fernando José Torres Sanz,6,6,100.0,1,0,1,4,0,0,6,2,1,0
3825638,Óliver Torres Muñoz,15,13,86.67,0,0,0,3,1,3,1,0,1,0
3825638,Ángel Martín Correa,1,0,0.0,0,0,1,6,0,0,0,3,2,1
3825638,Pablo Daniel Piatti,4,1,25.0,0,0,0,1,0,2,1,1,0,0
3825614,Lucas Pérez Martínez,40,27,67.5,1,0,2,16,0,3,1,2,1,1
3825614,Jonathan Javier Rodríguez Portillo,12,9,75.0,3,0,0,5,1,2,3,3,0,2
3825614,Pedro Mosquera Parada,38,26,68.42,2,0,0,30,1,6,5,2,6,3
3825614,Sidnei Rechel da Silva Júnior,23,18,78.26,0,0,1,4,0,1,2,1,0,2
3825614,Germán Darío Lux,33,13,39.39,0,0,0,0,0,3,0,0,0,0
3825614,Luis Alberto Romero Alconchel,27,19,70.37,2,0,5,9,0,7,3,2,1,0
3825614,Hugo Miguel Almeida Costa Lopes,49,38,77.55,0,0,1,17,4,4,6,5,1,1
3825614,Javier Márquez Moreno,52,34,65.38,1,0,0,27,2,10,5,3,4,1
3825614,Rene Krhin,40,29,72.5,2,0,0,22,0,7,2,1,5,2
3825614,Youssef El-Arabi,20,8,40.0,2,0,1,11,0,1,11,3,2,2
3825614,Alejandro Arribas Garrido,28,18,64.29,0,0,0,11,2,2,4,2,1,2
3825614,David Rodríguez Lombán,44,36,81.82,1,0,0,6,2,4,1,3,1,0
3825614,Matheus Dória Macedo,42,28,66.67,0,0,0,10,6,2,5,1,0,0
3825614,Cristiano Biraghi,47,35,74.47,0,0,3,13,1,1,2,2,3,0
3825614,Laureano Sanabria Ruiz,52,40,76.92,0,0,2,15,2,7,5,2,1,0
3825614,Francisco Manuel Rico Castro,42,31,73.81,0,0,0,8,2,4,1,1,0,1
3825614,Celso Borges Mora,43,31,72.09,3,0,2,15,3,9,1,0,1,2
3825614,Fernando Navarro i Corbacho,44,31,70.45,0,0,0,11,0,5,2,5,3,1
3825614,Andrés Eduardo Fernández Moreno,34,23,67.65,0,0,0,0,0,6,0,0,0,0
3825614,Fayçal Fajr,36,17,47.22,2,1,2,20,1,4,3,4,1,5
3825614,Rubén Rochina Naixes,23,19,82.61,1,0,2,6,1,1,1,0,0,1
3825614,Robert Ibáñez Castro,25,22,88.0,1,0,1,20,0,7,0,3,3,3
3825614,Francisco Medina Luna,23,12,52.17,2,1,0,10,1,3,4,0,1,2
3825614,Isaac Ajayi Success,9,5,55.56,0,0,2,8,0,1,1,1,1,3
3825614,Jonás Manuel Gutiérrez,21,17,80.95,0,0,2,8,0,3,2,0,1,1
3825614,Oriol Riera Magem,14,7,50.0,1,0,0,4,1,1,1,2,0,3
3825614,Nicolás Federico López Alonso,4,2,50.0,0,0,0,0,0,2,0,0,1,0
3825612,Deyverson Brum Silva Acosta,14,11,78.57,2,0,0,8,0,2,2,0,0,1
3825612,Víctor Casadesús Castaño,31,21,67.74,0,0,1,11,0,3,6,1,1,1
3825612,Zouhair Feddal,44,31,70.45,0,0,1,7,9,3,0,1,0,2
3825612,Damián Nicolás Suárez Suárez,88,76,86.36,0,0,3,16,1,7,7,2,1,0
3825612,José María Martín-Bejarano Serrano,44,34,77.27,1,0,1,8,0,4,3,0,1,2
3825612,Juan Antonio Rodríguez Villamuela,52,40,76.92,1,0,0,14,1,7,3,3,2,2
3825612,Jefferson Andrés Lerma Solís,41,29,70.73,1,0,1,22,1,6,6,1,2,1
3825612,Simão Mate,29,20,68.97,1,0,0,16,3,4,7,2,1,1
3825612,Vicente Guaita Panadero,39,24,61.54,0,0,0,0,0,8,0,0,1,0
3825612,Santiago Vergini,58,51,87.93,0,0,0,4,1,6,3,0,0,0
3825612,Alexis Ruano Delgado,47,41,87.23,0,0,1,6,2,5,4,1,0,0
3825612,Álvaro Medrán Just,41,36,87.8,3,0,2,13,2,6,4,3,2,1
3825612,Stefan Šćepović,26,20,76.92,0,0,0,10,0,0,7,0,2,1
3825612,Víctor Camarasa Ferrando,27,22,81.48,1,0,0,18,0,0,3,1,1,4
3825612,Pedro León Sánchez Gil,34,20,58.82,1,0,1,12,3,3,4,0,1,2
3825612,Antonio García Aranda,49,30,61.22,0,0,2,8,1,3,2,0,1,2
3825612,Francisco Javier García Noblejas Hernanz,68,49,72.06,0,0,1,17,0,4,6,3,1,3
3825612,José Luis Morales Nogales,36,26,72.22,2,0,2,14,1,4,4,3,2,0
3825612,Ángel Lafita Castillo,27,18,66.67,2,0,4,26,0,7,1,0,2,2
3825612,Víctor Rodríguez Romero,56,45,80.36,4,0,2,15,2,7,3,4,3,0
3825612,Rubén Iván Martínez Andrade,28,13,46.43,0,0,0,0,0,6,0,0,0,0
3825612,Ángel Trujillo Canorea,12,7,58.33,0,0,0,1,2,1,0,4,0,0
3825612,Iván López Mendoza,37,27,72.97,1,0,1,4,3,4,4,0,0,0
3825612,Pablo Sarabia García,17,12,70.59,1,0,1,9,0,1,0,2,0,0
3825612,Álvaro Vázquez García,4,2,50.0,2,2,0,4,0,0,2,1,0,0
3825612,Nabil Ghilas,8,5,62.5,0,0,0,0,0,0,0,0,0,0
3825612,Roger Martí Salvador,4,3,75.0,1,0,0,2,0,0,0,0,0,1
3825612,Emiliano Buendía,1,1,100.0,1,1,0,1,0,0,0,0,0,0
3825607,Antoine Griezmann,62,50,80.65,1,0,4,25,1,6,10,1,2,3
3825607,Tiago Cardoso Mendes,63,51,80.95,0,0,0,22,3,5,5,2,0,4
3825607,Leonardo Carrilho Baptistão,8,7,87.5,1,1,0,10,1,2,2,0,2,0
3825607,Gabriel Fernández Arenas,30,22,73.33,0,0,0,2,1,3,1,1,0,2
3825607,Roberto Soldado Rillo,34,23,67.65,1,0,0,15,3,2,3,3,4,2
3825607,Víctor Ruíz Torre,71,61,85.92,0,0,0,10,5,3,4,2,0,1
3825607,Bruno Soriano Llido,58,51,87.93,0,0,0,17,4,6,8,2,0,0
3825607,Samuel Castillejo Azuaga,39,22,56.41,1,0,4,36,1,9,2,3,4,1
3825607,Óliver Torres Muñoz,26,22,84.62,2,0,0,24,1,3,2,1,1,1
3825607,Saúl Ñíguez Esclapez,57,46,80.7,1,0,4,19,0,10,4,4,1,1
3825607,Jesús Gámez Duarte,77,55,71.43,0,0,2,14,1,1,4,7,2,1
3825607,José María Giménez de Vargas,53,46,86.79,0,0,1,7,4,6,1,2,0,2
3825607,Jaume Vicent Costa Jordá,64,54,84.38,0,0,0,14,7,3,4,4,0,3
3825607,Eric Bertrand Bailly,55,46,83.64,0,0,0,12,6,3,7,0,3,3
3825607,Mario Gaspar Pérez Martínez,68,54,79.41,0,0,1,17,0,6,3,2,0,0
3825607,Filipe Luís Kasmirski,90,73,81.11,0,0,4,20,4,4,6,3,3,1
3825607,Jonathan dos Santos Ramírez,40,34,85.0,0,0,1,32,2,6,3,2,1,3
3825607,Manuel Trigueros Muñoz,50,42,84.0,2,0,0,17,3,3,4,0,2,0
3825607,Alphonse Areola,32,17,53.12,0,0,0,0,0,8,0,0,1,1
3825607,Diego Roberto Godín Leal,44,36,81.82,0,0,1,13,2,2,6,2,1,3
3825607,Jackson Arley Martínez Valencia,16,5,31.25,2,0,2,5,0,5,1,1,0,2
3825607,Jan Oblak,19,13,68.42,0,0,0,0,0,2,0,0,0,0
3825607,Matías Nahuel Leiva Esquivel,13,8,61.54,0,0,2,14,0,1,6,2,1,0
3825607,Fernando José Torres Sanz,8,5,62.5,1,0,3,9,0,2,2,0,2,0
3825607,Luciano Vietto,18,15,83.33,1,0,1,9,0,0,1,1,2,0
3825607,Ángel Martín Correa,19,11,57.89,2,0,4,3,0,6,2,0,0,1
3825607,Denis Suárez Fernández,15,9,60.0,0,0,2,6,0,3,2,1,1,0
3825607,Tomás Pina Isla,7,6,85.71,0,0,0,13,1,1,1,0,1,0
3825595,Enrique Sola Clemente,15,8,53.33,1,0,0,9,0,1,8,1,4,1
3825595,Javier Eraso Goñi,17,8,47.06,1,0,1,9,0,1,0,1,4,0
3825595,Aymeric Laporte,55,40,72.73,1,0,0,15,5,2,10,2,0,2
3825595,Sabin Merino Zuloaga,25,16,64.0,0,0,3,23,0,2,5,2,1,0
3825595,Jaume Vicent Costa Jordá,47,35,74.47,1,0,0,13,4,3,7,2,0,1
3825595,Bruno Soriano Llido,45,31,68.89,2,1,0,16,5,5,7,3,0,3
3825595,Mikel San José Domínguez,50,40,80.0,2,0,2,20,0,5,4,1,1,2
3825595,Samuel Castillejo Azuaga,47,29,61.7,2,0,5,22,2,6,3,4,0,1
3825595,Víctor Ruíz Torre,36,28,77.78,1,0,0,4,2,11,8,1,0,1
3825595,Eric Bertrand Bailly,28,20,71.43,1,0,0,7,0,3,4,3,2,3
3825595,Roberto Soldado Rillo,11,4,36.36,0,0,2,3,0,2,2,0,2,0
3825595,Cédric Bakambu,5,4,80.0,0,0,0,0,0,0,0,0,1,0
3825595,Mikel Rico Moreno,31,25,80.65,0,0,0,10,0,3,1,0,1,0
3825595,Tomás Pina Isla,33,26,78.79,1,0,0,8,2,7,6,2,0,4
3825595,Carlos Gurpegi Nausia,43,30,69.77,0,0,0,13,5,0,6,3,2,3
3825595,Mikel Balenziaga Oruesagasti,51,37,72.55,0,0,2,17,5,4,5,4,1,0
3825595,Mario Gaspar Pérez Martínez,46,29,63.04,1,1,3,8,2,2,4,3,0,0
3825595,Ager Aketxe Barrutia,36,26,72.22,0,0,1,9,1,4,6,1,1,0
3825595,Matías Nahuel Leiva Esquivel,25,19,76.0,3,0,3,15,0,5,4,1,0,3
3825595,Gorka Iraizoz Moreno,42,26,61.9,0,0,0,0,0,5,0,0,0,0
3825595,Óscar de Marcos Arana,62,46,74.19,0,0,1,22,2,7,6,1,2,0
3825595,Leonardo Carrilho Baptistão,33,20,60.61,2,1,1,22,2,1,12,2,4,1
3825595,Alphonse Areola,23,12,52.17,0,0,0,0,0,6,0,0,0,0
3825595,Adrián López Álvarez,29,16,55.17,0,0,1,11,0,1,5,2,0,2
3825595,Aritz Aduriz Zubeldia,6,4,66.67,3,1,0,2,0,0,0,0,0,1
3825595,Raúl García Escudero,14,9,64.29,2,0,0,9,0,1,3,1,1,0
3825595,Beñat Etxebarria Urkiaga,31,26,83.87,0,0,1,7,0,4,2,1,2,0
3825595,Denis Suárez Fernández,5,4,80.0,0,0,0,7,1,3,1,1,0,2
3825579,Fernando Llorente Torres,26,16,61.54,4,0,2,8,0,2,3,0,0,4
3825579,José Antonio Reyes Calderón,35,23,65.71,0,0,3,14,2,6,2,2,0,4
3825579,Vicente Iborra De La Fuente,24,20,83.33,1,0,0,10,0,2,7,4,2,2
3825579,Adil Rami,57,49,85.96,2,0,0,5,0,1,5,0,0,1
3825579,Grzegorz Krychowiak,59,50,84.75,2,0,0,10,3,5,2,1,1,2
3825579,Daniel Filipe Martins Carriço,47,44,93.62,1,0,0,3,2,3,5,1,0,0
3825579,Antoine Griezmann,36,30,83.33,5,0,1,10,1,5,0,1,1,2
3825579,Benoît Trémoulinas,62,48,77.42,2,0,1,5,2,8,3,1,1,0
3825579,Óliver Torres Muñoz,26,21,80.77,1,0,2,18,2,3,6,3,0,0
3825579,Juan Francisco Torres Belén,33,23,69.7,1,0,1,4,2,5,2,5,0,2
3825579,António Alberto Bastos Pimparel,33,27,81.82,0,0,0,0,0,2,0,0,0,0
3825579,Jorge Resurrección Merodio,28,21,75.0,3,1,0,11,2,4,6,1,2,3
3825579,Fernando José Torres Sanz,15,9,60.0,1,0,7,9,0,3,5,4,3,2
3825579,Éver Maximiliano David Banega,63,47,74.6,1,0,3,13,2,6,2,0,3,0
3825579,Jesús Gámez Duarte,35,24,68.57,0,0,1,7,4,1,2,1,2,0
3825579,Diego Roberto Godín Leal,20,16,80.0,0,0,0,10,2,1,5,3,1,1
3825579,José María Giménez de Vargas,21,16,76.19,0,0,0,8,0,1,3,6,0,1
3825579,Gabriel Fernández Arenas,43,35,81.4,1,1,4,27,3,4,4,5,2,1
3825579,Jorge Andújar Moreno,65,52,80.0,3,0,2,7,1,5,4,1,3,1
3825579,Tiago Cardoso Mendes,27,25,92.59,1,0,0,22,1,4,6,0,5,3
3825579,Víctor Machín Pérez,40,31,77.5,3,0,6,12,1,4,6,1,4,3
3825579,Jan Oblak,28,8,28.57,0,0,0,0,0,3,0,0,0,0
3825579,Saúl Ñíguez Esclapez,13,9,69.23,0,0,0,8,0,2,0,5,0,0
3825579,Yevhen Konoplyanka,9,4,44.44,4,0,0,2,0,3,0,0,0,1
3825579,Michael Krohn-Dehli,20,14,70.0,0,0,0,6,0,4,0,0,0,0
3825579,Yannick Ferreira Carrasco,7,7,100.0,2,0,2,5,1,5,1,0,1,1
3825579,Kevin Gameiro,5,4,80.0,2,0,2,1,1,1,0,0,1,1
3825579,Jackson Arley Martínez Valencia,5,3,60.0,2,1,0,2,0,0,1,1,0,0
3825572,Daniel Ceballos Fernández,27,26,96.3,0,0,2,4,0,6,0,1,2,2
3825572,Rubén Castro Martín,21,16,76.19,4,0,2,4,0,1,0,1,0,0
3825572,Álvaro Cejudo Carmona,33,22,66.67,1,0,4,18,2,5,0,1,2,3
3825572,Marcelo Vieira da Silva Júnior,88,66,75.0,0,0,3,10,1,10,3,4,2,1
3825572,Toni Kroos,65,62,95.38,2,0,0,12,1,5,2,0,4,2
3825572,Xavier Torres Buigues,44,38,86.36,2,0,1,16,2,3,0,1,1,3
3825572,Keylor Navas Gamboa,19,17,89.47,0,0,0,1,0,6,0,0,0,0
3825572,Sergio Ramos García,64,58,90.62,3,0,0,9,3,4,0,2,0,0
3825572,Luka Modrić,71,60,84.51,1,0,1,6,3,2,0,0,1,1
3825572,Francisco José Molinero Calderón,21,19,90.48,0,0,0,5,0,0,3,0,0,1
3825572,James David Rodríguez Rubio,99,87,87.88,3,2,1,19,1,9,3,2,1,1
3825572,Raphaël Varane,42,38,90.48,0,0,1,4,0,4,1,0,0,1
3825572,Cristiano Ronaldo dos Santos Aveiro,41,33,80.49,6,0,3,3,1,3,1,2,3,1
3825572,Danilo Luiz da Silva,76,71,93.42,2,0,2,12,3,3,3,2,0,2
3825572,Gareth Frank Bale,36,28,77.78,2,2,3,5,0,3,2,1,2,0
3825572,Bruno González Cabrera,17,15,88.24,0,0,0,10,5,3,3,8,0,1
3825572,Antonio Adán Garrido,23,4,17.39,0,0,1,1,0,4,0,0,0,0
3825572,Cristiano Piccini,41,32,78.05,0,0,1,10,3,3,2,3,1,1
3825572,Alfred John Momar N''Diaye,20,15,75.0,0,0,1,16,2,1,5,1,1,1
3825572,Karim Benzema,20,14,70.0,2,1,0,2,0,1,1,0,1,0
3825572,Juan Manuel Vargas Risco,36,25,69.44,0,0,0,6,0,3,2,3,1,1
3825572,Germán Alejandro Pezzella,14,9,64.29,0,0,0,6,6,2,1,8,2,1
3825572,Jorge Molina Vidal,8,4,50.0,0,0,0,10,0,2,4,0,1,1
3825572,Didier Digard,19,17,89.47,0,0,0,17,0,5,1,0,1,1
3825572,Francisco Román Alarcón Suárez,29,23,79.31,0,0,2,8,1,3,1,0,1,2
3825572,Carlos Henrique Casimiro,27,24,88.89,0,0,0,11,1,0,4,0,0,1
3825572,Mateo Kovačić,17,14,82.35,0,0,0,2,0,1,0,0,0,0
3825572,Petros Matheus dos Santos Araújo,3,3,100.0,0,0,0,2,1,0,0,0,0,0
3825774,Antoine Griezmann,43,38,88.37,0,0,1,20,0,1,3,3,1,0
3825774,Jorge Resurrección Merodio,70,62,88.57,1,0,1,32,0,5,4,2,2,2
3825774,Gabriel Fernández Arenas,62,51,82.26,0,0,1,25,0,7,3,2,1,2
3825774,Álvaro Vázquez García,11,7,63.64,0,0,1,16,1,1,2,1,2,1
3825774,Saúl Ñíguez Esclapez,56,48,85.71,1,0,3,30,1,9,4,5,2,1
3825774,Pedro León Sánchez Gil,38,27,71.05,1,0,1,27,4,6,6,0,3,2
3825774,Pablo Sarabia García,60,48,80.0,4,0,3,31,0,5,5,1,2,2
3825774,Fernando José Torres Sanz,15,8,53.33,2,1,1,13,1,1,2,2,1,0
3825774,Abdoul Karim Yoda,87,78,89.66,0,0,5,16,2,6,2,2,0,0
3825774,Juan Torres Ruiz,57,53,92.98,0,0,0,9,1,3,2,1,0,1
3825774,Vicente Guaita Panadero,28,18,64.29,0,0,0,0,0,2,0,0,0,0
3825774,José María Giménez de Vargas,29,20,68.97,0,0,0,13,0,4,2,2,0,1
3825774,Víctor Rodríguez Romero,76,69,90.79,2,0,6,21,3,4,0,2,0,0
3825774,Filipe Luís Kasmirski,63,51,80.95,0,0,5,23,4,4,8,4,1,0
3825774,Yannick Ferreira Carrasco,35,28,80.0,2,0,4,14,2,6,4,10,1,1
3825774,Juan Antonio Rodríguez Villamuela,66,60,90.91,0,0,1,25,7,3,9,2,0,1
3825774,Santiago Vergini,63,58,92.06,1,0,1,14,5,5,4,0,1,0
3825774,Diego Roberto Godín Leal,29,23,79.31,0,0,2,10,0,4,3,1,1,1
3825774,Damián Nicolás Suárez Suárez,99,81,81.82,1,0,5,25,1,7,2,2,1,2
3825774,Juan Francisco Torres Belén,28,21,75.0,0,0,1,20,2,4,2,4,0,3
3825774,Jan Oblak,16,6,37.5,0,0,0,0,0,0,0,0,0,0
3825774,Moisés Gómez Bordonado,35,30,85.71,1,0,3,12,1,3,0,1,0,0
3825774,Óliver Torres Muñoz,26,22,84.62,0,0,4,10,0,8,0,1,1,0
3825774,Claudio Matías Kranevitter,7,7,100.0,0,0,0,3,0,0,1,0,0,0
3825774,Stefan Šćepović,3,3,100.0,0,0,1,3,0,0,0,0,1,0
3825774,Wanderson Maciel Sousa Campos,8,5,62.5,2,0,2,5,1,1,0,0,0,1
3825774,Bernard Mensah,3,3,100.0,0,0,0,6,0,1,1,0,0,2
3825774,Ángel Martín Correa,5,3,60.0,0,0,1,0,0,3,0,0,1,0
3825772,Mamadou Sylla Diallo,1,1,100.0,1,0,0,2,0,1,1,0,0,1
3825772,Felipe Salvador Caicedo Corozo,15,9,60.0,3,0,6,8,0,0,10,0,1,2
3825772,Álvaro González Soberón,16,10,62.5,1,0,0,3,0,4,2,6,0,1
3825772,Guilherme Magdalena Siqueira,62,47,75.81,1,0,4,6,0,6,1,2,3,1
3825772,Aymen Abdennour,10,10,100.0,0,0,0,2,0,2,0,0,0,0
3825772,Enzo Nicolás Pérez,55,49,89.09,1,0,2,16,1,7,2,2,5,2
3825772,João Pedro Cavaco Cancelo,46,33,71.74,0,0,6,16,0,2,4,2,2,2
3825772,Aderllan Leandro de Jesus Santos,28,25,89.29,1,0,0,6,3,3,6,2,0,0
3825772,Denis Cheryshev,45,38,84.44,5,1,2,9,3,7,2,2,3,0
3825772,Daniel Parejo Muñoz,75,60,80.0,2,0,1,20,0,7,5,1,3,1
3825772,Rodrigo Moreno Machado,20,13,65.0,1,0,1,11,1,0,3,1,1,1
3825772,Óscar Esau Duarte Gaitán,16,10,62.5,3,1,0,8,3,2,1,2,0,1
3825772,Jorge Franco Alviz,31,21,67.74,3,0,4,7,1,3,2,3,2,1
3825772,Marco Asensio Willemsen,46,32,69.57,2,0,4,10,2,13,5,0,5,2
3825772,Pau López Sabata,22,6,27.27,0,0,0,1,0,5,0,0,0,0
3825772,Papa Kouly Diop,30,23,76.67,2,0,1,9,6,8,8,4,1,4
3825772,Javier López Rodríguez,40,25,62.5,0,0,1,14,1,3,1,3,0,2
3825772,Francisco Alcácer García,9,7,77.78,2,0,1,9,0,1,4,3,1,0
3825772,Abraham González Casanova,34,28,82.35,0,0,0,7,5,4,5,1,0,1
3825772,Diego Alves Carreira,23,17,73.91,0,0,0,1,0,3,0,0,0,0
3825772,Víctor Guillermo Álvarez Delgado,32,17,53.12,1,0,0,9,2,4,2,3,0,1
3825772,Sofiane Feghouli,37,25,67.57,2,0,0,8,0,5,2,1,1,0
3825772,Rúben Miguel Nunes Vezo,33,25,75.76,1,0,0,13,2,5,6,3,1,2
3825772,Gerard Moreno Balaguero,19,15,78.95,4,0,2,14,0,3,9,1,0,2
3825772,Álvaro Negredo Sánchez,19,12,63.16,2,1,1,3,0,3,3,0,0,0
3825772,Víctor Sánchez Mata,18,11,61.11,0,0,0,9,0,1,4,1,0,2
3825772,Enzo Pablo Roco Roco,1,1,100.0,0,0,0,2,0,0,1,0,0,0
3825772,Antonio Barragán Fernández,3,2,66.67,0,0,0,0,0,1,0,0,0,0
3825771,Lucas Pérez Martínez,28,21,75.0,6,0,2,8,0,3,2,0,3,0
3825771,Luis Alberto Romero Alconchel,30,25,83.33,3,0,2,21,0,1,3,1,1,2
3825771,Pedro Mosquera Parada,39,27,69.23,1,0,0,30,1,8,4,3,2,5
3825771,Charly Musonda Junior,20,14,70.0,1,1,12,15,1,6,0,5,1,0
3825771,Martín Montoya Torralbo,58,45,77.59,0,0,0,13,3,6,2,1,1,0
3825771,Fernando Navarro i Corbacho,33,22,66.67,0,0,2,12,5,3,2,1,0,1
3825771,Rubén Gracia Calmache,24,16,66.67,3,0,2,7,0,2,3,2,0,1
3825771,Bruno González Cabrera,38,27,71.05,0,0,2,8,3,3,3,1,0,0
3825771,Ricky van Wolfswinkel,13,8,61.54,0,0,0,7,2,1,9,0,2,3
3825771,Sidnei Rechel da Silva Júnior,52,37,71.15,2,0,1,9,5,9,6,0,3,0
3825771,Petros Matheus dos Santos Araújo,33,26,78.79,0,0,4,22,4,5,6,1,5,2
3825771,Alejandro Bergantiños García,54,37,68.52,2,1,1,26,1,9,8,2,0,2
3825771,Rubén Castro Martín,28,17,60.71,1,0,2,7,1,3,1,2,2,0
3825771,Heiko Westermann,29,26,89.66,0,0,0,10,1,3,5,2,0,2
3825771,Juan Manuel Vargas Risco,43,26,60.47,1,1,0,1,2,5,1,3,0,0
3825771,Germán Darío Lux,33,22,66.67,0,0,0,0,0,6,0,0,0,0
3825771,Fayçal Fajr,65,44,67.69,3,1,0,17,2,12,3,0,2,1
3825771,Juan Francisco Moreno Fuertes,41,24,58.54,1,0,1,4,2,3,1,3,0,0
3825771,Alfred John Momar N''Diaye,28,22,78.57,0,0,2,16,2,6,5,7,1,2
3825771,Foued Kadir,26,19,73.08,1,0,2,5,1,3,6,4,1,1
3825771,Alejandro Arribas Garrido,33,23,69.7,1,0,0,11,3,6,5,0,0,0
3825771,Antonio Adán Garrido,43,16,37.21,0,0,0,0,0,8,0,0,0,0
3825771,Federico Nicolás Cartabia,13,10,76.92,2,0,1,14,0,1,3,0,0,2
3825771,Luis Carlos Correia Pinto,19,12,63.16,0,0,0,7,1,1,3,1,0,0
3825771,Daniel Ceballos Fernández,12,9,75.0,0,0,3,3,0,3,3,0,1,0
3825771,Álvaro Cejudo Carmona,9,7,77.78,0,0,0,4,0,1,2,1,0,2
3825771,Oriol Riera Magem,4,2,50.0,2,0,0,1,0,0,1,0,0,0
3825771,Jorge Molina Vidal,1,0,0.0,0,0,0,1,0,0,1,0,0,0
3825767,Jonathas Cristian de Jesus,18,11,61.11,3,2,10,22,1,4,8,0,2,3
3825767,Asier Illarramendi Andonegi,40,29,72.5,1,0,1,35,3,9,6,2,2,2
3825767,Giedrius Arlauskis,19,8,42.11,0,0,0,2,0,7,1,0,0,0
3825767,Mickaël Ciani,77,58,75.32,0,0,0,15,2,5,6,1,1,1
3825767,Gerard Moreno Balaguero,38,30,78.95,0,0,4,14,1,0,5,1,1,0
3825767,Mikel González de Martín Martínez,24,14,58.33,0,0,0,9,1,1,5,3,0,1
3825767,Víctor Guillermo Álvarez Delgado,47,38,80.85,0,0,3,10,1,2,6,1,2,2
3825767,Carlos Alberto Vela Garrido,24,16,66.67,1,1,7,14,2,3,3,2,3,1
3825767,Joan Jordán Moreno,80,69,86.25,0,0,4,11,3,5,4,2,0,2
3825767,Mikel Oyarzabal Ugarte,24,14,58.33,2,1,5,21,2,2,4,1,3,0
3825767,Papa Kouly Diop,66,53,80.3,0,0,1,10,3,7,6,3,2,2
3825767,Hernán Arsenio Pérez González,30,18,60.0,0,0,2,8,2,2,2,0,0,2
3825767,Álvaro González Soberón,54,39,72.22,1,0,0,8,0,1,10,1,1,1
3825767,Héctor Hernández Ortega,43,26,60.47,1,0,2,18,3,3,6,1,2,0
3825767,Marco Asensio Willemsen,44,36,81.82,1,0,4,14,1,4,3,1,3,2
3825767,Íñigo Martínez Berridi,27,14,51.85,0,0,0,6,2,6,3,0,0,0
3825767,Diego Antonio Reyes Rosales,23,15,65.22,1,1,0,13,5,2,5,2,0,1
3825767,Joseba Zaldúa Bengoetxea,34,21,61.76,0,0,0,12,1,1,6,0,3,3
3825767,Juan Rafael Fuentes Hernández,31,28,90.32,0,0,0,4,2,3,2,0,0,2
3825767,Rubén Pardo Gutiérrez,39,26,66.67,3,0,2,26,3,10,4,5,1,0
3825767,Gerónimo Rulli,33,15,45.45,0,0,0,0,0,5,0,0,0,0
3825767,Javier López Rodríguez,72,51,70.83,0,0,1,7,2,5,6,2,0,1
3825767,Jorge Franco Alviz,23,18,78.26,2,0,4,8,0,0,2,1,2,1
3825767,Pau López Sabata,14,11,78.57,0,0,0,0,0,2,0,0,0,0
3825767,Salvador Sevilla López,18,10,55.56,1,0,0,4,0,3,2,1,0,0
3825767,Xabier Prieto Argarate,17,13,76.47,0,0,2,2,2,0,1,0,0,0
3825767,Armindo Tué Na Bangna,3,3,100.0,0,0,0,4,0,0,1,0,0,1
3825767,Alberto De La Bella Madureño,6,5,83.33,0,0,1,1,1,0,0,0,0,0
3825706,Aritz Aduriz Zubeldia,28,13,46.43,1,0,1,24,0,1,5,2,3,2
3825706,Raúl García Escudero,32,20,62.5,6,1,1,41,4,10,8,2,4,2
3825706,Aymeric Laporte,30,23,76.67,0,0,0,18,3,3,3,2,1,1
3825706,Xabier Etxeita Gorritxategi,27,20,74.07,1,0,0,21,8,1,1,0,0,1
3825706,Iago Aspas Juncal,35,28,80.0,1,0,1,11,0,3,4,0,0,1
3825706,Mikel Balenziaga Oruesagasti,35,26,74.29,0,0,1,24,5,6,5,7,0,1
3825706,Daniel Wass,58,48,82.76,2,0,5,9,3,7,1,1,0,1
3825706,Mikel San José Domínguez,29,19,65.52,0,0,2,40,4,11,5,0,1,3
3825706,Augusto Matías Fernández,52,50,96.15,0,0,2,18,5,1,4,3,2,1
3825706,Beñat Etxebarria Urkiaga,42,26,61.9,1,0,3,30,2,8,1,2,1,2
3825706,Hugo Mallo Novegil,65,48,73.85,1,0,3,15,1,3,2,0,0,0
3825706,Fabián Ariel Orellana Valenzuela,68,49,72.06,2,0,13,8,1,8,6,0,5,1
3825706,Sergi Gómez Solà,76,64,84.21,0,0,0,9,2,6,6,2,0,0
3825706,Gustavo Daniel Cabral Cáceres,76,64,84.21,0,0,0,12,1,3,7,3,0,1
3825706,Sergio Álvarez Conde,56,38,67.86,0,0,0,0,0,11,0,0,0,0
3825706,Théo Bongonda Mbul''Ofeko Batombo,36,26,72.22,0,0,4,14,2,6,4,0,2,2
3825706,Iñaki Williams Arthuer,17,10,58.82,1,0,2,18,0,5,6,1,1,1
3825706,Jonathan Castro Otto,61,49,80.33,1,0,1,11,1,8,4,3,0,1
3825706,Pedro Pablo Hernández,51,40,78.43,0,0,2,14,1,8,10,1,5,3
3825706,Sabin Merino Zuloaga,14,6,42.86,1,0,2,14,1,3,4,3,0,0
3825706,Óscar de Marcos Arana,42,25,59.52,0,0,2,24,5,6,6,4,0,1
3825706,Gorka Iraizoz Moreno,29,19,65.52,0,0,0,0,0,10,0,0,0,0
3825706,Iker Muniain Goñi,21,19,90.48,0,0,1,3,1,3,1,0,3,0
3825706,Javier Eraso Goñi,4,4,100.0,2,0,0,2,1,0,0,0,0,0
3825706,Nemanja Radoja,11,9,81.82,0,0,0,4,0,1,0,0,0,2
3825706,John Guidetti,1,1,100.0,0,0,1,4,0,0,2,1,0,1
3825706,Dejan Dražić,2,1,50.0,0,0,0,0,0,0,0,0,0,0
3825706,Enrique Sola Clemente,1,1,100.0,0,0,0,5,0,0,1,0,0,0
3825712,Lucas Pérez Martínez,25,20,80.0,3,0,0,10,0,2,4,0,4,1
3825712,Luis Alberto Romero Alconchel,25,15,60.0,2,0,0,15,0,4,3,0,0,0
3825712,Pedro Mosquera Parada,38,31,81.58,2,0,0,28,3,3,9,2,0,2
3825712,Alejandro Arribas Garrido,39,21,53.85,0,0,1,7,5,4,0,4,1,1
3825712,Juan Francisco Moreno Fuertes,52,35,67.31,0,0,0,16,2,12,3,4,3,1
3825712,Mehdi Lacen,57,42,73.68,0,0,1,13,3,10,1,1,0,1
3825712,Ángel Lafita Castillo,20,13,65.0,1,0,3,19,1,4,2,3,0,2
3825712,Juan Antonio Rodríguez Villamuela,39,29,74.36,1,0,3,23,3,5,4,0,2,1
3825712,Federico Nicolás Cartabia,33,22,66.67,2,0,2,22,3,2,3,0,4,3
3825712,Fernando Navarro i Corbacho,58,34,58.62,0,0,0,10,5,5,4,8,0,2
3825712,Fayçal Fajr,40,35,87.5,1,0,0,14,1,3,1,0,0,0
3825712,Santiago Vergini,36,24,66.67,2,0,0,3,4,5,2,0,0,0
3825712,Pablo Sarabia García,44,26,59.09,4,0,3,25,1,4,1,2,2,0
3825712,Sidnei Rechel da Silva Júnior,33,27,81.82,0,0,1,7,2,7,1,2,0,0
3825712,Roberto Lago Soto,64,56,87.5,0,0,1,17,5,4,2,1,1,2
3825712,Víctor Rodríguez Romero,29,24,82.76,4,0,2,33,1,6,4,0,2,1
3825712,Germán Darío Lux,32,16,50.0,0,0,0,0,0,4,0,0,0,0
3825712,Vicente Guaita Panadero,33,18,54.55,0,0,0,0,0,5,0,0,0,0
3825712,Damián Nicolás Suárez Suárez,48,41,85.42,1,0,0,18,2,4,3,0,2,0
3825712,Álvaro Vázquez García,16,9,56.25,1,0,1,14,1,2,3,1,0,1
3825712,Alejandro Bergantiños García,38,30,78.95,0,0,1,15,4,6,9,1,0,0
3825712,Juan Torres Ruiz,36,25,69.44,0,0,2,17,3,6,7,3,1,5
3825712,Pedro León Sánchez Gil,13,6,46.15,0,0,0,6,0,0,0,0,1,0
3825712,Jonás Manuel Gutiérrez,7,6,85.71,0,0,0,13,1,3,1,0,1,1
3825712,Stefan Šćepović,5,2,40.0,0,0,0,1,0,0,1,0,0,0
3825712,Miguel Filipe Nunes Cardoso,5,5,100.0,0,0,2,2,1,1,0,0,0,0
3825712,Abdoul Karim Yoda,3,3,100.0,0,0,3,4,0,1,0,1,0,0
3825708,Duje Čop,22,16,72.73,1,0,0,14,1,3,5,0,1,0
3825708,Charles Días Barbosa de Oliveira,21,13,61.9,3,0,0,8,0,3,8,0,1,1
3825708,Weligton Róbson Pena de Oliveira,42,30,71.43,0,0,0,9,3,1,2,1,0,1
3825708,Rubén García Santos,34,20,58.82,0,0,4,16,1,1,3,1,0,2
3825708,Ignacio Camacho Barnola,68,56,82.35,1,0,0,11,3,13,5,2,3,2
3825708,Nabil Ghilas,19,11,57.89,0,0,2,11,1,0,0,1,0,1
3825708,Juan Carlos Pérez López,47,32,68.09,0,0,3,7,2,3,3,1,0,3
3825708,Roger Martí Salvador,16,6,37.5,1,0,0,21,0,3,6,1,2,4
3825708,Pablo Fornals Malla,20,16,80.0,0,0,0,6,1,1,3,0,2,1
3825708,José Luis García del Pozo,52,39,75.0,0,0,1,19,1,4,4,2,4,1
3825708,Jefferson Andrés Lerma Solís,34,25,73.53,3,0,2,10,0,11,0,1,0,1
3825708,David Navarro Pedrós,33,24,72.73,1,0,0,6,3,2,0,2,0,2
3825708,Juan Francisco García García,14,10,71.43,0,0,1,3,3,1,0,0,1,0
3825708,Diego Mariño Villar,38,24,63.16,0,0,0,0,0,4,0,0,0,0
3825708,Idriss Carlos Kameni,25,16,64.0,0,0,1,0,0,6,0,0,1,0
3825708,Simão Mate,29,16,55.17,0,0,0,9,2,4,1,4,4,2
3825708,Víctor Camarasa Ferrando,39,28,71.79,2,0,0,19,3,6,3,4,1,1
3825708,Nikolaos Karabelas,60,35,58.33,0,0,1,20,2,4,3,2,1,5
3825708,Raúl Albentosa Redal,33,22,66.67,0,0,0,9,4,3,6,2,0,0
3825708,Pedro López Muñoz,41,30,73.17,0,0,2,16,2,5,0,4,2,3
3825708,Nordin Amrabat,39,21,53.85,1,0,2,26,0,7,7,1,9,2
3825708,Roberto José Rosales Altuve,53,42,79.25,0,0,3,14,2,7,3,4,1,0
3825708,José María Martín-Bejarano Serrano,31,19,61.29,0,0,1,9,1,3,4,1,0,3
3825708,Jordi Xumetra Feliu,7,4,57.14,0,0,0,7,0,1,3,1,0,0
3825708,Arthur Etienne Boka,23,15,65.22,1,0,0,1,1,1,0,0,0,0
3825708,Juan Pablo Añor Acosta,11,7,63.64,1,0,0,6,0,5,1,0,1,1
3825708,Sérgio Paulo Barbosa Valente,20,14,70.0,2,1,1,4,0,1,0,0,0,1
3825708,Deyverson Brum Silva Acosta,0,0,0.0,0,0,0,4,0,0,0,0,1,1
3825707,Adalberto Peñaranda Maestre,25,18,72.0,1,1,1,27,0,10,5,2,1,4
3825707,Javier Márquez Moreno,41,30,73.17,1,0,1,19,3,8,5,1,0,4
3825707,David Rodríguez Lombán,33,29,87.88,0,0,0,9,2,2,1,5,0,0
3825707,David Simón Rodríguez Santana,68,54,79.41,1,0,2,4,0,5,3,1,6,0
3825707,Hernán Daniel Santana Trujillo,8,5,62.5,0,0,1,7,2,1,2,0,0,0
3825707,Jonathan Viera Ramos,62,41,66.13,2,1,1,10,0,7,5,1,4,0
3825707,Dimitri Foulquier,35,27,77.14,1,0,2,16,1,6,2,4,1,4
3825707,Nicolás Federico López Alonso,11,5,45.45,2,0,0,12,0,1,2,1,2,2
3825707,Dani Castellano Betancor,60,50,83.33,0,0,2,8,0,6,3,3,5,0
3825707,Javier Garrido Behovide,59,52,88.14,0,0,0,5,1,4,3,2,0,1
3825707,Javier Varas Herrera,40,28,70.0,0,0,0,0,0,7,0,0,0,0
3825707,Willian José da Silva,12,9,75.0,0,0,1,3,0,0,1,0,0,1
3825707,Jean-Sylvain Claude Babin,23,18,78.26,1,0,0,7,3,0,1,0,0,1
3825707,José Vicente Gómez Umpiérrez,63,53,84.13,0,0,2,9,1,3,7,0,1,1
3825707,Roque Mesa Quevedo,64,51,79.69,0,0,1,7,0,6,1,3,6,1
3825707,Edgar Antonio Méndez Ortega,18,9,50.0,2,0,2,21,3,4,7,1,1,2
3825707,Pedro Taunausú Domínguez Placeres,37,25,67.57,2,1,0,8,0,2,3,1,2,0
3825707,Cristiano Biraghi,32,23,71.88,1,0,2,11,0,6,2,2,0,3
3825707,Rubén Salvador Pérez Del Mármol,54,40,74.07,0,0,1,32,6,10,4,3,0,4
3825707,Nabil El Zhar,35,27,77.14,1,0,3,0,0,1,2,0,1,0
3825707,Francisco Manuel Rico Castro,16,10,62.5,0,0,1,10,2,0,5,1,1,2
3825707,Andrés Eduardo Fernández Moreno,24,13,54.17,0,0,0,0,0,9,0,0,0,0
3825707,David García Santana,40,29,72.5,0,0,0,7,0,0,1,3,1,1
3825707,Sergio Ezequiel Araújo,16,13,81.25,1,1,2,6,0,5,3,1,1,1
3825707,Rubén Rochina Naixes,18,13,72.22,3,0,1,6,1,4,0,1,0,1
3825707,Youssef El-Arabi,7,5,71.43,0,0,0,1,0,1,2,1,0,0
3825707,Robert Ibáñez Castro,5,4,80.0,0,0,1,1,1,0,0,0,0,1
3825707,Mubarak Wakaso,6,4,66.67,0,0,0,2,0,2,1,0,1,0
3825705,Arnaldo Antonio Sanabria Ayala,14,11,78.57,0,0,0,9,0,3,11,3,0,1
3825705,Omar Mascarell González,41,25,60.98,0,0,0,10,2,5,8,2,3,2
3825705,Jonathan Rodríguez Menéndez,34,19,55.88,1,0,3,13,1,7,2,4,3,0
3825705,Daniel Arnaud N''Di	,37,22,59.46,1,0,2,6,0,5,3,1,8,2
3825705,Mauro Javier Dos Santos,40,26,65.0,0,0,1,11,3,1,2,5,0,0
3825705,Simone Verdi,28,18,64.29,1,0,4,25,1,2,3,2,4,6
3825705,Alejandro Menéndez Díez,25,15,60.0,0,0,0,9,1,1,3,3,1,2
3825705,Rachid Aït-Atmane,35,22,62.86,0,0,1,18,2,10,7,4,2,5
3825705,Gonzalo Escalante,42,33,78.57,1,0,0,33,5,3,13,4,1,3
3825705,Sergio Gontán Gallardo,37,21,56.76,4,1,4,29,3,11,5,3,2,1
3825705,Asier Riesgo Unamuno,28,15,53.57,0,0,0,0,0,6,0,0,0,0
3825705,Manuel Castellano Castro,46,30,65.22,0,0,0,10,0,2,2,0,2,1
3825705,Alen Halilović,26,18,69.23,2,0,4,12,1,4,2,1,0,1
3825705,Iván Ramis Barrios,39,26,66.67,1,0,0,15,1,5,1,1,0,2
3825705,Alberto Guitián Ceballos,28,17,60.71,0,0,1,10,3,5,3,2,0,1
3825705,Alberto Lora Ramos,39,21,53.85,0,0,0,16,4,2,6,1,2,1
3825705,Saúl Berjón Pérez,34,20,58.82,4,0,2,12,0,4,5,2,0,2
3825705,Daniel García Carrillo,37,30,81.08,2,0,0,10,1,5,6,1,2,3
3825705,Borja González Tomás,28,16,57.14,2,1,3,24,1,4,8,2,2,2
3825705,Ander Capa Rodríguez,46,30,65.22,0,0,0,12,3,3,3,1,0,0
3825705,Iván Cuéllar Sacristán,27,10,37.04,0,0,0,0,0,3,0,0,0,0
3825705,Jorge Meré Pérez,26,12,46.15,1,0,0,4,0,7,4,3,0,1
3825705,Carlos Castro García,5,5,100.0,1,0,1,5,0,1,1,0,0,0
3825705,Ismael López Blanco,19,11,57.89,0,0,3,3,0,5,1,1,0,0
3825705,Adrián González Morales,7,7,100.0,0,0,0,6,1,0,0,0,0,0
3825705,Alejandro Barrera García,5,4,80.0,0,0,0,1,0,2,2,0,0,0
3825705,Antonio Manuel Luna Rodríguez,3,2,66.67,0,0,0,1,0,0,1,0,0,0
3825705,Sergio Enrich Ametller,4,1,25.0,0,0,0,2,0,0,1,0,0,0
3825711,Antoine Griezmann,25,21,84.0,3,1,3,17,1,4,9,2,0,0
3825711,Fernando José Torres Sanz,16,6,37.5,2,0,0,10,0,3,7,1,1,2
3825711,Jorge Resurrección Merodio,54,33,61.11,0,0,3,21,3,5,3,1,3,2
3825711,Saúl Ñíguez Esclapez,32,22,68.75,4,0,2,26,6,3,9,2,2,1
3825711,Joaquín José Marín Ruiz,53,37,69.81,0,0,0,14,4,5,6,2,0,1
3825711,Alhassane Bangoura,33,22,66.67,2,0,7,14,1,3,2,1,0,4
3825711,Jozabed Sánchez Ruiz,59,46,77.97,0,0,2,24,2,9,2,3,2,0
3825711,Pablo Hernández Domínguez,57,47,82.46,2,0,1,8,2,5,3,1,1,0
3825711,Juan Francisco Torres Belén,35,26,74.29,0,0,2,4,2,8,1,3,0,0
3825711,Diego Javier Llorente Ríos,32,28,87.5,0,0,0,15,1,4,5,4,0,4
3825711,Roberto Trashorras Gayoso,51,35,68.63,1,0,2,11,3,7,3,3,6,1
3825711,Óliver Torres Muñoz,24,16,66.67,0,0,1,19,0,3,1,1,0,2
3825711,José Antonio Dorado Ramírez,47,39,82.98,0,0,1,8,1,2,1,2,0,1
3825711,José María Giménez de Vargas,20,13,65.0,1,0,0,12,1,2,6,4,0,5
3825711,Alberto Mateus Contreiras Gonçalves,32,21,65.62,1,0,1,11,0,3,3,2,2,0
3825711,José Eduardo Rosa Vale de Castro,62,51,82.26,1,0,0,9,4,7,7,1,0,1
3825711,Jesús Gámez Duarte,40,23,57.5,0,0,1,9,3,3,3,3,2,1
3825711,Yannick Ferreira Carrasco,23,15,65.22,2,0,5,16,2,4,2,2,1,0
3825711,Yoel Rodríguez Oterino,42,26,61.9,0,0,0,0,0,6,0,0,0,0
3825711,Diego Roberto Godín Leal,32,24,75.0,4,0,0,6,1,5,5,4,2,1
3825711,Javier Guerra Rodríguez,17,11,64.71,3,0,2,15,0,1,2,1,3,2
3825711,Jan Oblak,27,14,51.85,0,0,1,0,0,4,0,0,0,0
3825711,Ángel Martín Correa,10,7,70.0,1,1,1,6,0,2,1,0,2,0
3825711,Thomas Teye Partey,12,11,91.67,0,0,0,6,0,1,2,0,0,0
3825711,Jackson Arley Martínez Valencia,7,5,71.43,2,0,1,6,0,2,1,0,2,1
3825711,Tiago Manuel Dias Correia,7,3,42.86,0,0,0,1,0,2,3,2,0,0
3825711,Chengdong Zhang,3,2,66.67,0,0,0,4,0,0,1,1,0,1
3825711,Nicolás Ladislao Fedor Flores,1,0,0.0,0,0,0,1,0,0,0,0,0,1
3825703,Beñat Etxebarria Urkiaga,67,50,74.63,1,0,2,32,1,4,7,1,5,0
3825703,Raúl García Escudero,26,16,61.54,1,0,1,27,2,4,4,3,4,1
3825703,Aymeric Laporte,51,46,90.2,2,0,0,11,0,4,3,3,2,1
3825703,Óscar de Marcos Arana,62,46,74.19,0,0,5,18,1,7,6,2,0,2
3825703,Iñaki Williams Arthuer,34,23,67.65,2,1,5,24,1,9,2,1,4,2
3825703,Mikel Balenziaga Oruesagasti,50,40,80.0,0,0,0,15,2,3,1,2,1,1
3825703,Markel Susaeta Laskurain,29,14,48.28,4,0,1,29,0,3,3,0,2,3
3825703,Pedro López Muñoz,39,32,82.05,0,0,5,7,2,2,2,3,2,1
3825703,Diego Mariño Villar,45,36,80.0,0,0,0,0,0,7,0,0,0,0
3825703,Zouhair Feddal,44,28,63.64,1,0,0,11,4,3,5,2,0,3
3825703,Nabil Ghilas,26,16,61.54,3,0,3,19,2,3,11,2,1,1
3825703,Aritz Aduriz Zubeldia,22,14,63.64,5,0,4,10,0,4,3,1,2,3
3825703,Antonio García Aranda,47,35,74.47,0,0,2,22,5,8,5,2,4,3
3825703,Rubén García Santos,34,19,55.88,0,0,5,39,3,8,6,5,2,2
3825703,Víctor Camarasa Ferrando,47,44,93.62,0,0,3,23,2,4,6,0,2,3
3825703,Jordi Xumetra Feliu,13,10,76.92,0,0,1,5,0,3,3,1,2,1
3825703,David Navarro Pedrós,45,36,80.0,0,0,2,6,2,3,2,4,0,0
3825703,Xabier Etxeita Gorritxategi,46,33,71.74,0,0,0,11,1,1,3,1,0,0
3825703,Gorka Iraizoz Moreno,34,19,55.88,0,0,0,0,0,5,0,0,0,0
3825703,Simão Mate,19,14,73.68,0,0,0,15,4,7,6,1,2,1
3825703,Mikel San José Domínguez,54,40,74.07,3,1,4,33,3,7,5,2,0,3
3825703,Jefferson Andrés Lerma Solís,38,28,73.68,1,0,4,21,0,0,2,1,1,4
3825703,José Antonio García Rabasco,23,20,86.96,0,0,0,5,0,1,1,0,2,1
3825703,José Luis Morales Nogales,3,1,33.33,1,0,1,6,0,0,2,1,0,0
3825703,Mikel Rico Moreno,6,3,50.0,0,0,0,10,1,0,1,1,0,2
3825703,Deyverson Brum Silva Acosta,2,2,100.0,0,0,0,4,0,0,0,0,0,1
3825703,Eneko Bóveda Altube,4,3,75.0,0,0,0,1,0,1,0,0,0,0
3825703,Iker Muniain Goñi,2,1,50.0,1,0,0,1,0,2,0,1,1,0
3825700,James David Rodríguez Rubio,45,37,82.22,0,0,3,9,1,2,0,2,2,1
3825700,Karim Benzema,26,22,84.62,6,3,1,12,0,1,4,0,0,0
3825700,Sergio Ramos García,44,42,95.45,3,0,0,15,6,1,7,1,2,2
3825700,Kléper Laveran Lima Ferreira,39,36,92.31,0,0,1,6,1,5,3,2,0,1
3825700,Javier Guerra Rodríguez,32,29,90.62,0,0,2,17,0,4,2,4,5,5
3825700,Luka Modrić,70,63,90.0,2,0,0,20,1,5,2,0,1,2
3825700,Marcelo Vieira da Silva Júnior,36,30,83.33,0,0,4,8,1,4,4,1,2,0
3825700,Keylor Navas Gamboa,19,18,94.74,0,0,0,0,0,5,0,0,0,0
3825700,Roberto Trashorras Gayoso,98,86,87.76,1,0,1,16,0,3,1,0,2,0
3825700,Danilo Luiz da Silva,44,37,84.09,1,1,2,17,3,2,7,0,4,4
3825700,Pablo Hernández Domínguez,7,6,85.71,0,0,0,6,0,0,0,1,0,0
3825700,Toni Kroos,69,61,88.41,1,0,4,32,5,5,4,2,4,0
3825700,José Raúl Baena Urdiales,8,7,87.5,0,0,0,8,0,1,1,0,0,2
3825700,Cristiano Ronaldo dos Santos Aveiro,29,24,82.76,7,2,2,9,0,3,0,0,0,0
3825700,Roberto Román Triguero,7,7,100.0,0,0,0,1,0,1,0,0,0,1
3825700,Yoel Rodríguez Oterino,33,24,72.73,0,0,0,0,0,1,0,1,0,0
3825700,Jozabed Sánchez Ruiz,72,66,91.67,4,1,1,29,0,5,1,3,2,0
3825700,Alhassane Bangoura,31,23,74.19,1,0,5,14,0,3,3,1,1,3
3825700,Antonio Amaya Carazo,26,22,84.62,1,1,1,13,5,1,2,3,0,0
3825700,Gareth Frank Bale,25,15,60.0,8,4,4,12,2,4,1,0,1,1
3825700,José Eduardo Rosa Vale de Castro,55,47,85.45,0,0,3,8,1,3,1,2,1,0
3825700,José Ignacio Martínez García,59,50,84.75,2,0,1,23,1,2,3,2,1,2
3825700,Joaquín José Marín Ruiz,50,36,72.0,0,0,0,19,1,4,4,4,0,1
3825700,Lucas Vázquez Iglesias,21,19,90.48,1,0,1,12,2,3,2,0,0,2
3825700,Mateo Kovačić,14,14,100.0,1,0,0,9,1,2,1,1,1,1
3825700,Tiago Manuel Dias Correia,13,11,84.62,0,0,5,7,0,1,2,0,2,2
3825700,Álvaro Arbeloa Coca,13,11,84.62,0,0,0,1,0,0,0,0,0,0
3825700,Jonhatan Montiel Caballero,10,9,90.0,0,0,3,6,0,1,0,0,0,1
3825701,Duje Čop,21,14,66.67,1,0,4,10,0,3,7,1,3,0
3825701,Charles Días Barbosa de Oliveira,23,14,60.87,7,1,2,12,2,6,9,2,2,2
3825701,Weligton Róbson Pena de Oliveira,72,62,86.11,0,0,0,5,2,6,3,1,0,2
3825701,Diego Roberto Godín Leal,23,19,82.61,0,0,0,10,4,1,7,1,0,1
3825701,Jorge Resurrección Merodio,57,37,64.91,1,0,3,29,1,13,7,2,1,2
3825701,Luciano Vietto,6,4,66.67,0,0,1,8,0,1,8,2,2,2
3825701,Raúl Albentosa Redal,64,51,79.69,0,0,1,7,3,5,3,1,1,1
3825701,Ignacio Camacho Barnola,74,55,74.32,1,0,0,15,6,14,6,2,2,1
3825701,Roberto José Rosales Altuve,60,44,73.33,3,0,3,10,2,6,0,3,1,1
3825701,Saúl Ñíguez Esclapez,33,24,72.73,0,0,1,17,2,5,6,2,1,2
3825701,Juan Carlos Pérez López,62,47,75.81,1,0,1,9,1,6,4,2,0,1
3825701,José Luis García del Pozo,56,47,83.93,3,0,2,17,1,8,10,3,2,0
3825701,Nordin Amrabat,30,19,63.33,1,0,3,21,0,5,3,1,3,2
3825701,José María Giménez de Vargas,23,13,56.52,0,0,0,11,6,2,7,1,1,3
3825701,Yannick Ferreira Carrasco,24,16,66.67,2,0,4,9,2,2,0,1,0,0
3825701,Juan Francisco Torres Belén,49,28,57.14,0,0,3,9,1,4,2,0,0,1
3825701,Filipe Luís Kasmirski,54,32,59.26,0,0,1,19,7,6,6,4,1,2
3825701,Gabriel Fernández Arenas,31,24,77.42,0,0,0,19,2,6,4,5,2,3
3825701,Antoine Griezmann,33,21,63.64,1,0,1,26,0,4,8,3,0,0
3825701,Miguel Torres Gómez,60,46,76.67,0,0,0,10,1,4,4,3,0,0
3825701,Idriss Carlos Kameni,29,21,72.41,0,0,0,0,0,4,0,0,0,0
3825701,Jan Oblak,22,11,50.0,0,0,0,0,0,4,0,0,0,0
3825701,Fernando José Torres Sanz,15,13,86.67,1,0,4,12,0,3,5,0,2,0
3825701,Thomas Teye Partey,20,16,80.0,1,0,2,11,0,3,1,0,0,2
3825701,Sérgio Paulo Barbosa Valente,18,9,50.0,0,0,0,3,2,1,3,1,1,0
3825701,Roque Luis Santa Cruz Cantero,3,3,100.0,0,0,0,2,0,1,1,0,0,0
3825701,Juan Pablo Añor Acosta,5,5,100.0,0,0,0,0,0,0,0,0,0,0
3825702,Imanol Agirretxe Arruti,37,25,67.57,3,0,0,13,0,2,5,0,3,0
3825702,Esteban Félix Granero Molina,63,56,88.89,0,0,0,11,1,2,4,0,2,2
3825702,Asier Illarramendi Andonegi,101,86,85.15,1,0,0,26,1,10,6,1,2,2
3825702,Aritz Elustondo Irribaria,83,66,79.52,1,0,2,15,1,2,3,2,1,4
3825702,Sergio Canales Madrazo,69,52,75.36,3,0,1,17,0,8,0,2,1,2
3825702,Íñigo Martínez Berridi,75,65,86.67,0,0,0,7,2,5,0,1,0,3
3825702,Yuri Berchiche Izeta,66,52,78.79,1,0,1,9,2,3,2,0,1,0
3825702,Jonathan dos Santos Ramírez,25,20,80.0,0,0,2,15,0,3,5,4,0,1
3825702,Diego Antonio Reyes Rosales,64,51,79.69,1,0,0,5,4,6,3,1,1,0
3825702,Carlos Alberto Vela Garrido,53,43,81.13,4,0,2,13,1,5,1,0,8,2
3825702,Jaume Vicent Costa Jordá,45,33,73.33,0,0,0,9,5,2,6,1,4,3
3825702,Denis Suárez Fernández,31,22,70.97,3,2,7,18,3,5,4,5,2,1
3825702,Tomás Pina Isla,24,18,75.0,1,0,0,12,2,0,3,2,1,3
3825702,Armindo Tué Na Bangna,36,29,80.56,2,0,3,7,0,4,1,0,1,0
3825702,Mateo Pablo Musacchio,23,14,60.87,0,0,0,10,1,0,5,6,0,3
3825702,Cédric Bakambu,31,25,80.65,1,0,1,10,0,4,9,2,2,3
3825702,Gerónimo Rulli,33,29,87.88,0,0,0,1,0,2,0,0,0,0
3825702,Alphonse Areola,38,15,39.47,0,0,0,0,0,5,0,1,0,0
3825702,Roberto Soldado Rillo,33,23,69.7,1,0,1,8,1,2,6,1,5,2
3825702,Bruno Soriano Llido,42,38,90.48,0,0,1,2,1,7,3,0,0,1
3825702,Víctor Ruíz Torre,43,31,72.09,0,0,0,2,5,3,2,1,0,0
3825702,Antonio Rukavina,34,25,73.53,0,0,0,5,2,1,3,2,0,1
3825702,Xabier Prieto Argarate,21,17,80.95,1,0,1,4,0,3,0,0,2,0
3825702,Manuel Trigueros Muñoz,7,3,42.86,0,0,0,2,0,1,0,0,0,2
3825702,Matías Nahuel Leiva Esquivel,5,4,80.0,0,0,0,2,0,0,1,0,0,0
3825702,Héctor Hernández Ortega,14,12,85.71,0,0,1,2,0,1,0,0,0,0
3825702,Samuel Castillejo Azuaga,3,2,66.67,1,0,0,4,1,0,0,1,0,2
3825702,Jonathas Cristian de Jesus,2,2,100.0,0,0,0,2,0,0,1,0,0,0
3825704,Iago Aspas Juncal,30,18,60.0,2,1,3,8,1,2,3,3,0,1
3825704,Fabián Ariel Orellana Valenzuela,43,35,81.4,4,1,6,6,2,7,3,2,5,1
3825704,Daniel Wass,59,42,71.19,1,0,2,12,5,5,4,2,2,0
3825704,Carles Planas Antolínez,48,32,66.67,0,0,0,21,3,2,6,3,0,3
3825704,Gustavo Daniel Cabral Cáceres,53,46,86.79,0,0,0,18,3,4,7,2,2,2
3825704,Théo Bongonda Mbul''Ofeko Batombo,30,23,76.67,2,0,2,9,0,8,5,4,2,0
3825704,Dimitri Foulquier,60,47,78.33,0,0,6,15,2,5,5,0,0,0
3825704,Rubén Rochina Naixes,30,20,66.67,1,0,3,12,1,4,2,1,3,1
3825704,Adalberto Peñaranda Maestre,22,14,63.64,1,0,2,15,1,2,8,4,2,3
3825704,Rubén Salvador Pérez Del Mármol,66,45,68.18,1,0,0,22,3,8,12,2,1,4
3825704,David Rodríguez Lombán,35,27,77.14,1,0,1,4,0,3,2,2,0,0
3825704,Jean-Sylvain Claude Babin,47,40,85.11,0,0,0,4,2,1,2,1,0,0
3825704,Francisco Manuel Rico Castro,23,18,78.26,0,0,0,9,0,4,2,0,2,0
3825704,Josep Señé Escudero,24,17,70.83,1,0,4,8,0,6,2,2,6,2
3825704,Andrés Eduardo Fernández Moreno,29,17,58.62,0,0,0,0,0,3,0,0,0,0
3825704,Augusto Matías Fernández,44,42,95.45,0,0,1,31,6,4,13,2,0,4
3825704,Hugo Mallo Novegil,47,36,76.6,0,0,0,13,2,3,2,5,0,1
3825704,Javier Márquez Moreno,26,21,80.77,1,0,0,20,1,2,5,0,2,1
3825704,Cristiano Biraghi,47,32,68.09,2,0,0,17,2,2,5,5,0,5
3825704,Jonathan Castro Otto,41,30,73.17,0,0,0,16,2,2,4,4,0,0
3825704,Isaac Ajayi Success,29,12,41.38,2,0,7,8,0,4,3,1,3,1
3825704,Rubén Blanco Veiga,35,17,48.57,0,0,0,0,0,4,0,0,0,0
3825704,Youssef El-Arabi,9,7,77.78,1,0,4,7,0,2,3,0,0,1
3825704,Uche Henry Agbo,22,19,86.36,0,0,0,7,1,2,3,1,1,2
3825704,Robert Ibáñez Castro,6,6,100.0,1,0,1,4,0,3,0,0,0,0
3825704,John Guidetti,5,4,80.0,0,0,0,3,0,1,1,0,1,0
3825704,Sergi Gómez Solà,1,1,100.0,0,0,0,0,0,0,0,0,0,0
3825891,Hernán Arsenio Pérez González,33,20,60.61,3,0,4,24,2,5,7,1,0,6
3825891,Marco Asensio Willemsen,49,35,71.43,2,0,3,33,0,8,0,3,4,5
3825891,Papa Kouly Diop,55,40,72.73,1,0,2,19,3,9,4,1,6,3
3825891,Álvaro González Soberón,51,38,74.51,0,0,0,3,2,5,5,0,4,0
3825891,Sergio Ezequiel Araújo,17,12,70.59,3,0,1,17,0,5,7,3,1,9
3825891,Hernán Daniel Santana Trujillo,48,41,85.42,1,0,1,6,6,4,1,0,2,1
3825891,Felipe Salvador Caicedo Corozo,12,8,66.67,3,1,1,11,0,0,2,1,1,3
3825891,José Vicente Gómez Umpiérrez,49,37,75.51,1,0,1,11,1,3,3,2,4,1
3825891,Dani Castellano Betancor,64,52,81.25,0,0,4,10,4,5,5,1,7,2
3825891,Rubén Duarte Sánchez,43,33,76.74,0,0,0,25,0,1,6,6,2,3
3825891,Nauzet Alemán Viera,28,20,71.43,1,0,2,10,2,2,2,0,2,3
3825891,Javier Varas Herrera,44,26,59.09,0,0,0,2,0,4,0,0,2,0
3825891,Pedro Taunausú Domínguez Placeres,12,8,66.67,0,0,0,28,1,3,3,0,2,2
3825891,Enzo Pablo Roco Roco,44,38,86.36,0,0,0,5,1,2,1,2,0,1
3825891,Pau López Sabata,29,19,65.52,0,0,0,0,0,4,0,0,0,0
3825891,Javier López Rodríguez,37,29,78.38,1,0,2,17,2,4,4,5,2,4
3825891,Víctor Sánchez Mata,55,41,74.55,0,0,0,19,1,4,2,0,3,3
3825891,Gerard Moreno Balaguero,19,11,57.89,2,0,1,12,3,1,5,0,0,2
3825891,David Simón Rodríguez Santana,58,44,75.86,0,0,1,15,4,7,4,1,2,1
3825891,Roque Mesa Quevedo,44,35,79.55,1,0,0,17,2,5,1,3,2,0
3825891,Aythami Artiles Oliva,60,43,71.67,0,0,0,9,2,3,6,5,2,1
3825891,Jerónimo Figueroa Cabrera,34,24,70.59,1,0,2,6,1,3,1,2,2,1
3825891,Salvador Sevilla López,18,15,83.33,0,0,0,6,0,2,4,0,0,0
3825891,Nabil El Zhar,9,7,77.78,0,0,1,2,1,1,1,0,1,0
3825891,Willian José da Silva,9,6,66.67,1,0,1,1,0,0,1,0,0,3
3825891,Juan Emmanuel Culio,11,9,81.82,0,0,2,2,1,1,1,0,2,0
3825891,Abraham González Casanova,2,2,100.0,1,0,0,8,1,1,1,0,0,2
3825891,Jorge Franco Alviz,2,1,50.0,0,0,0,0,0,0,0,0,0,0
3825699,Kevin Gameiro,8,4,50.0,2,0,3,6,0,1,6,1,1,0
3825699,Éver Maximiliano David Banega,54,42,77.78,0,0,2,21,0,9,4,0,8,3
3825699,Petros Matheus dos Santos Araújo,38,31,81.58,0,0,0,31,2,7,5,0,3,6
3825699,Benoît Trémoulinas,50,30,60.0,0,0,4,19,0,0,7,0,2,3
3825699,Francisco José Molinero Calderón,40,28,70.0,1,0,1,14,1,2,2,1,1,4
3825699,Daniel Ceballos Fernández,37,25,67.57,2,0,7,20,1,8,4,1,6,2
3825699,Grzegorz Krychowiak,48,40,83.33,2,0,0,22,4,9,2,3,2,3
3825699,Álvaro Cejudo Carmona,43,26,60.47,3,0,1,24,4,7,3,2,4,5
3825699,Yevhen Konoplyanka,19,11,57.89,1,0,6,7,0,3,1,3,3,1
3825699,Rubén Castro Martín,19,15,78.95,1,0,0,10,0,1,0,0,1,1
3825699,Joaquín Sánchez Rodríguez,32,26,81.25,1,0,3,4,0,4,3,2,2,1
3825699,Sergio Rico González,25,12,48.0,0,0,0,0,0,4,0,0,0,0
3825699,Heiko Westermann,28,20,71.43,0,0,0,7,6,1,3,4,1,1
3825699,Timothée Kolodziejczak,45,36,80.0,1,0,0,2,2,1,2,0,0,1
3825699,Bruno González Cabrera,18,13,72.22,0,0,0,8,4,0,6,1,0,2
3825699,Antonio Adán Garrido,26,12,46.15,0,0,0,0,0,5,0,0,2,0
3825699,Adil Rami,27,19,70.37,0,0,0,5,1,3,2,2,1,1
3825699,Mariano Ferreira Filho,36,20,55.56,0,0,3,13,1,3,2,4,2,3
3825699,Michael Krohn-Dehli,31,28,90.32,2,0,2,10,0,3,1,2,0,0
3825699,Alfred John Momar N''Diaye,23,15,65.22,2,0,3,13,3,6,8,3,2,0
3825699,Juan Manuel Vargas Risco,29,19,65.52,2,0,2,12,3,6,6,2,1,3
3825699,Víctor Machín Pérez,28,19,67.86,0,0,1,18,2,5,9,2,5,3
3825699,Vicente Iborra De La Fuente,17,8,47.06,0,0,0,6,0,2,5,1,2,4
3825699,Ricky van Wolfswinkel,3,1,33.33,0,0,0,7,0,0,5,2,0,1
3825699,José Antonio Reyes Calderón,6,2,33.33,1,0,1,4,0,1,0,0,1,1
3825699,Francisco Miguel Varela Martín,7,5,71.43,0,0,0,2,1,2,1,1,0,0
3825699,Didier Digard,0,0,0.0,1,0,0,3,0,0,3,0,0,2
3825699,Fernando Llorente Torres,7,2,28.57,0,0,0,3,0,0,2,0,0,1
3825697,Mehdi Lacen,40,26,65.0,1,0,2,24,1,9,3,1,3,4
3825697,Víctor Rodríguez Romero,34,27,79.41,0,0,4,18,1,2,1,1,1,1
3825697,Alexis Ruano Delgado,22,16,72.73,0,0,0,7,7,3,3,2,1,0
3825697,Stefan Šćepović,21,16,76.19,1,0,1,15,1,3,4,2,0,1
3825697,Damián Nicolás Suárez Suárez,45,35,77.78,1,0,2,25,3,0,5,4,1,4
3825697,André Filipe Tavares Gomes,60,52,86.67,2,0,2,14,0,4,5,4,2,1
3825697,Pablo Daniel Piatti,32,19,59.38,0,0,2,19,2,5,3,0,3,2
3825697,Pablo Sarabia García,34,20,58.82,1,1,9,21,3,13,3,3,5,0
3825697,Daniel Parejo Muñoz,82,64,78.05,1,0,1,20,1,7,3,2,2,1
3825697,Shkodran Mustafi,76,65,85.53,0,0,1,11,2,7,5,2,2,1
3825697,João Pedro Cavaco Cancelo,56,43,76.79,2,0,8,17,5,11,5,5,7,3
3825697,Juan Antonio Rodríguez Villamuela,38,28,73.68,1,0,0,20,3,3,1,2,0,6
3825697,Danilo Barbosa da Silva,40,33,82.5,2,0,5,21,2,6,6,0,6,1
3825697,José Luis Gayà Peña,20,16,80.0,0,0,0,6,0,1,3,1,0,1
3825697,Aymen Abdennour,52,47,90.38,0,0,1,7,3,2,0,1,0,0
3825697,Antonio Barragán Fernández,71,60,84.51,0,0,0,17,2,3,6,1,0,3
3825697,Jaume Doménech Sánchez,22,12,54.55,0,0,0,0,0,1,0,0,0,0
3825697,Roberto Lago Soto,21,17,80.95,0,0,1,12,3,2,3,0,0,5
3825697,Francisco Alcácer García,23,17,73.91,2,1,1,15,0,3,1,0,0,1
3825697,Vicente Guaita Panadero,32,15,46.88,0,0,0,0,0,6,0,0,0,0
3825697,Juan Torres Ruiz,36,26,72.22,0,0,0,8,1,7,3,1,1,0
3825697,Ángel Lafita Castillo,21,14,66.67,3,1,6,13,2,10,4,0,3,2
3825697,Santiago Mina Lorenzo,30,22,73.33,2,1,2,12,0,1,7,1,2,1
3825697,Abdoul Karim Yoda,10,8,80.0,0,0,5,8,0,4,2,0,0,0
3825697,Pedro León Sánchez Gil,9,6,66.67,0,0,1,6,1,1,1,0,0,1
3825697,Álvaro Negredo Sánchez,3,1,33.33,1,0,0,2,0,0,1,1,0,1
3825697,Álvaro Vázquez García,1,0,0.0,1,0,0,5,0,0,0,2,0,1
3825697,Rodrigo Javier De Paul,3,2,66.67,0,0,0,0,0,0,0,0,0,0
3825698,Borja González Tomás,21,14,66.67,1,0,0,11,1,1,5,0,1,4
3825698,Sergio Enrich Ametller,30,23,76.67,1,0,1,7,0,1,13,1,2,0
3825698,Gonzalo Escalante,63,48,76.19,3,0,1,16,6,13,9,5,1,2
3825698,Antonio Manuel Luna Rodríguez,24,18,75.0,0,0,0,6,3,3,1,2,0,0
3825698,Juan Francisco Moreno Fuertes,53,30,56.6,0,0,2,7,5,4,5,3,1,1
3825698,Pedro Mosquera Parada,49,37,75.51,0,0,0,11,2,5,5,3,1,2
3825698,Alejandro Bergantiños García,52,37,71.15,2,0,1,15,4,10,8,4,0,2
3825698,Luis Alberto Romero Alconchel,21,11,52.38,3,0,4,9,1,2,2,4,1,2
3825698,Daniel García Carrillo,75,60,80.0,2,0,2,6,5,15,3,1,2,0
3825698,Saúl Berjón Pérez,10,5,50.0,0,0,1,3,0,1,0,1,0,0
3825698,Alejandro Arribas Garrido,24,16,66.67,2,1,1,5,1,3,3,3,2,0
3825698,Aleksandar Pantić,33,19,57.58,2,0,0,8,2,4,1,1,0,2
3825698,Ander Capa Rodríguez,44,33,75.0,0,0,0,14,2,7,3,1,0,1
3825698,Fernando Navarro i Corbacho,58,45,77.59,0,0,4,7,4,7,4,2,1,1
3825698,Luis Carlos Correia Pinto,35,26,74.29,2,0,1,7,1,3,2,3,1,2
3825698,Germán Darío Lux,33,19,57.58,0,0,0,0,0,3,0,0,0,0
3825698,Sidnei Rechel da Silva Júnior,34,28,82.35,0,0,0,3,3,4,2,3,0,1
3825698,Lucas Pérez Martínez,23,16,69.57,2,1,1,8,0,3,3,4,3,1
3825698,Mauro Javier Dos Santos,38,27,71.05,1,0,0,11,7,5,7,1,1,1
3825698,Fayçal Fajr,67,51,76.12,1,0,0,6,3,4,6,1,1,0
3825698,Sergio Gontán Gallardo,25,12,48.0,1,0,2,24,0,4,7,4,3,1
3825698,Asier Riesgo Unamuno,41,18,43.9,0,0,0,0,0,7,0,0,1,1
3825698,Takashi Inui,30,24,80.0,1,0,5,18,0,1,3,0,0,0
3825698,Manuel Castellano Castro,41,33,80.49,0,0,0,3,3,3,2,3,0,1
3825698,Federico Nicolás Cartabia,23,19,82.61,2,0,2,7,0,0,3,0,2,1
3825698,Simone Verdi,5,4,80.0,1,0,0,2,1,1,0,0,1,0
3825698,Juan Domínguez Lamas,3,3,100.0,0,0,0,2,0,0,0,1,0,0
3825694,Francisco Alcácer García,15,10,66.67,2,0,1,18,0,0,2,0,1,1
3825694,Rodrigo Javier De Paul,22,14,63.64,0,0,2,10,1,0,1,1,3,1
3825694,Shkodran Mustafi,39,32,82.05,1,0,1,14,6,1,8,6,0,2
3825694,André Filipe Tavares Gomes,43,33,76.74,2,1,6,14,0,5,8,3,3,3
3825694,Saúl Berjón Pérez,39,29,74.36,2,0,5,6,2,4,4,2,1,2
3825694,Daniel García Carrillo,53,36,67.92,0,0,0,13,2,8,7,4,2,2
3825694,Borja González Tomás,13,8,61.54,4,0,1,8,0,2,6,1,1,1
3825694,Antonio Barragán Fernández,48,31,64.58,0,0,1,10,1,6,2,2,2,1
3825694,Danilo Barbosa da Silva,23,9,39.13,0,0,2,9,3,7,4,1,2,0
3825694,Iván Ramis Barrios,43,30,69.77,0,0,0,2,4,4,1,1,0,2
3825694,Javier Fuego Martínez,53,43,81.13,0,0,1,22,5,7,6,4,2,2
3825694,Aymen Abdennour,39,29,74.36,0,0,1,14,3,3,6,5,0,2
3825694,Lucas Alfonso Orbán Alegre,30,23,76.67,0,0,2,15,3,2,2,1,0,3
3825694,Gonzalo Escalante,47,37,78.72,1,0,2,14,3,16,7,4,1,5
3825694,Ander Capa Rodríguez,51,32,62.75,1,0,2,6,3,1,1,3,0,4
3825694,João Pedro Cavaco Cancelo,29,16,55.17,0,0,7,12,0,5,5,2,1,0
3825694,David Juncà Reñé,46,31,67.39,0,0,1,7,2,2,6,0,1,1
3825694,Sergio Gontán Gallardo,52,34,65.38,0,0,5,14,1,5,3,0,4,1
3825694,Sergio Enrich Ametller,28,20,71.43,5,1,5,14,1,5,7,2,5,2
3825694,Jaume Doménech Sánchez,34,20,58.82,0,0,0,0,0,7,0,0,0,0
3825694,Mauro Javier Dos Santos,40,28,70.0,0,0,1,5,3,3,4,0,2,1
3825694,Asier Riesgo Unamuno,24,13,54.17,0,0,0,0,0,4,0,0,0,0
3825694,Pablo Daniel Piatti,22,15,68.18,0,0,0,20,1,0,6,1,5,2
3825694,José Luis Gayà Peña,15,11,73.33,0,0,0,3,1,1,0,2,0,0
3825694,Álvaro Negredo Sánchez,6,5,83.33,1,0,1,4,1,0,1,1,0,0
3825694,Adrián González Morales,2,2,100.0,0,0,0,1,0,1,1,0,0,0
3825694,Takashi Inui,4,1,25.0,1,0,0,0,0,0,0,0,0,0
3825694,Izet Hajrović,3,3,100.0,0,0,0,1,0,1,0,0,0,0
3825693,Raúl García Escudero,42,27,64.29,1,0,2,27,1,4,8,1,5,1
3825693,Beñat Etxebarria Urkiaga,77,62,80.52,3,0,0,23,5,4,5,3,2,0
3825693,Aymeric Laporte,72,57,79.17,1,1,0,12,1,5,3,0,0,2
3825693,Aritz Aduriz Zubeldia,27,13,48.15,4,0,4,6,0,5,7,1,3,3
3825693,Jorge Resurrección Merodio,63,44,69.84,1,0,2,20,1,4,4,3,2,1
3825693,Diego Roberto Godín Leal,39,32,82.05,0,0,0,7,0,9,7,3,1,1
3825693,Gorka Iraizoz Moreno,52,38,73.08,0,0,0,0,0,5,0,0,0,0
3825693,José María Giménez de Vargas,45,31,68.89,0,0,2,11,0,4,5,2,2,2
3825693,Saúl Ñíguez Esclapez,39,26,66.67,3,1,1,24,4,5,7,1,1,4
3825693,Mikel Balenziaga Oruesagasti,47,33,70.21,1,0,1,15,2,7,4,2,0,0
3825693,Juan Francisco Torres Belén,49,40,81.63,0,0,2,4,0,7,4,0,1,0
3825693,Ander Iturraspe Derteano,39,35,89.74,0,0,0,17,1,2,0,4,0,3
3825693,Luciano Vietto,26,22,84.62,0,0,1,7,0,3,3,0,0,0
3825693,Antoine Griezmann,28,18,64.29,2,1,2,12,2,5,5,5,1,0
3825693,Yannick Ferreira Carrasco,37,30,81.08,2,0,2,8,0,2,4,1,1,0
3825693,Filipe Luís Kasmirski,81,58,71.6,0,0,4,11,3,6,5,1,1,0
3825693,Óscar de Marcos Arana,44,30,68.18,0,0,2,27,3,7,2,2,1,1
3825693,Gabriel Fernández Arenas,62,48,77.42,0,0,2,16,1,13,8,3,1,3
3825693,Xabier Etxeita Gorritxategi,68,55,80.88,0,0,0,8,2,1,5,2,0,2
3825693,Iñaki Williams Arthuer,22,17,77.27,0,0,6,14,0,7,4,0,1,1
3825693,Eneko Bóveda Altube,47,31,65.96,0,0,2,15,5,2,5,4,0,1
3825693,Jan Oblak,24,17,70.83,0,0,0,0,0,3,0,0,1,0
3825693,Mikel Rico Moreno,18,15,83.33,0,0,0,9,0,3,4,0,1,0
3825693,Ángel Martín Correa,4,3,75.0,0,0,5,9,0,3,2,3,2,2
3825693,Fernando José Torres Sanz,8,4,50.0,0,0,0,6,0,1,3,1,0,1
3825693,Markel Susaeta Laskurain,13,10,76.92,0,0,0,3,0,3,1,0,0,0
3825693,Stefan Savić,1,1,100.0,0,0,0,0,0,0,0,1,0,0
3825693,Enrique Sola Clemente,1,1,100.0,0,0,0,0,0,0,0,0,1,0
3825696,Javier Guerra Rodríguez,29,18,62.07,3,1,3,14,1,4,7,4,2,2
3825696,Roberto Trashorras Gayoso,50,39,78.0,0,0,0,17,1,7,3,2,2,0
3825696,Antonio Amaya Carazo,37,29,78.38,0,0,0,16,3,2,8,3,2,2
3825696,Tiago Manuel Dias Correia,23,11,47.83,2,0,3,6,3,3,4,1,0,0
3825696,Roberto José Rosales Altuve,53,33,62.26,0,0,2,18,0,6,7,4,2,2
3825696,Miguel Torres Gómez,36,24,66.67,0,0,0,11,0,2,5,4,1,0
3825696,Idriss Carlos Kameni,46,21,45.65,0,0,0,0,0,11,0,0,0,0
3825696,Nordin Amrabat,32,18,56.25,0,0,4,6,0,6,5,1,6,4
3825696,Duje Čop,25,14,56.0,2,1,2,11,1,0,8,0,1,2
3825696,Diego Javier Llorente Ríos,28,15,53.57,0,0,1,14,7,3,7,3,0,2
3825696,José Ignacio Martínez García,57,37,64.91,0,0,0,26,4,1,7,2,1,3
3825696,Sérgio Paulo Barbosa Valente,25,12,48.0,1,0,1,6,0,5,5,1,2,1
3825696,Jozabed Sánchez Ruiz,44,34,77.27,3,0,1,12,1,8,5,3,1,1
3825696,Egor Filipenko,14,9,64.29,2,0,0,6,1,5,1,1,1,1
3825696,Alhassane Bangoura,22,11,50.0,1,0,6,5,0,12,3,4,3,2
3825696,Roberto Román Triguero,38,20,52.63,0,0,1,15,1,2,4,2,3,1
3825696,Juan Carlos Pérez López,22,13,59.09,1,0,2,11,4,6,8,1,1,4
3825696,Pablo Hernández Domínguez,30,21,70.0,3,0,1,12,2,7,2,1,0,3
3825696,Yoel Rodríguez Oterino,40,25,62.5,0,0,0,0,0,13,0,0,0,0
3825696,Raúl Albentosa Redal,36,20,55.56,2,0,1,6,1,7,3,2,0,2
3825696,Weligton Róbson Pena de Oliveira,36,24,66.67,0,0,0,3,4,8,1,5,1,1
3825696,Pablo Fornals Malla,34,23,67.65,1,0,3,10,0,5,5,0,0,0
3825696,José Luis García del Pozo,21,14,66.67,1,0,0,5,0,4,6,3,0,0
3825696,Charles Días Barbosa de Oliveira,14,12,85.71,4,1,0,4,0,0,3,0,0,1
3825696,Adrián Embarba Blázquez,9,5,55.56,0,0,2,4,0,2,1,1,0,0
3825696,Alberto Mateus Contreiras Gonçalves,9,5,55.56,1,0,0,2,0,1,2,1,0,0
3825696,Juan Pablo Añor Acosta,7,3,42.86,1,0,0,3,0,2,0,1,0,0
3825696,Joaquín José Marín Ruiz,4,2,50.0,0,0,0,2,0,1,0,1,0,0
3825695,Cédric Bakambu,27,19,70.37,3,0,2,3,1,5,5,0,2,3
3825695,Roberto Soldado Rillo,31,21,67.74,3,1,2,3,1,2,5,3,1,2
3825695,Bruno Soriano Llido,41,30,73.17,0,0,0,5,2,6,2,3,1,1
3825695,Denis Suárez Fernández,35,24,68.57,0,0,7,9,2,1,2,4,1,0
3825695,Luka Modrić,70,61,87.14,1,0,1,16,0,6,0,1,0,1
3825695,James David Rodríguez Rubio,93,72,77.42,3,0,1,23,3,4,1,1,1,0
3825695,Manuel Trigueros Muñoz,48,41,85.42,0,0,1,8,0,4,2,1,0,2
3825695,Jonathan dos Santos Ramírez,48,33,68.75,1,0,2,15,4,4,9,3,1,1
3825695,Marcelo Vieira da Silva Júnior,85,69,81.18,0,0,9,14,4,11,1,2,1,1
3825695,Cristiano Ronaldo dos Santos Aveiro,34,23,67.65,5,0,2,7,0,3,3,0,0,1
3825695,Jaume Vicent Costa Jordá,32,27,84.38,0,0,0,2,1,3,3,4,1,0
3825695,Víctor Ruíz Torre,22,15,68.18,0,0,0,0,0,0,2,2,0,1
3825695,Keylor Navas Gamboa,28,23,82.14,0,0,0,0,0,5,0,0,0,0
3825695,Sergio Ramos García,79,65,82.28,3,0,1,9,2,8,3,2,2,2
3825695,Carlos Henrique Casimiro,63,57,90.48,0,0,0,16,3,12,5,0,3,1
3825695,Karim Benzema,17,14,82.35,4,0,0,12,2,1,1,0,2,0
3825695,Danilo Luiz da Silva,92,77,83.7,0,0,3,15,2,8,2,2,1,2
3825695,Kléper Laveran Lima Ferreira,74,65,87.84,1,0,0,11,5,6,1,1,1,1
3825695,Alphonse Areola,39,14,35.9,0,0,0,0,0,10,0,0,1,0
3825695,Gareth Frank Bale,45,29,64.44,3,0,2,10,2,3,1,0,0,1
3825695,Eric Bertrand Bailly,32,24,75.0,0,0,6,5,6,5,5,3,1,2
3825695,Mateo Pablo Musacchio,16,13,81.25,0,0,1,6,2,2,2,5,1,0
3825695,Francisco Román Alarcón Suárez,6,5,83.33,0,0,1,2,0,1,1,0,0,1
3825695,Mateo Kovačić,12,12,100.0,0,0,0,5,0,1,1,0,1,0
3825695,Matías Nahuel Leiva Esquivel,2,2,100.0,0,0,0,0,0,0,0,0,1,0
3825695,Jesé Rodríguez Ruiz,3,2,66.67,0,0,0,3,0,0,0,0,0,0
3825695,Antonio Rukavina,0,0,0.0,0,0,0,0,0,0,0,1,0,0
3825695,Tomás Pina Isla,1,1,100.0,0,0,1,0,1,0,0,0,0,0
3825689,Iago Aspas Juncal,36,29,80.56,4,1,4,12,0,3,5,0,1,1
3825689,Fabián Ariel Orellana Valenzuela,47,33,70.21,3,0,4,13,0,1,7,1,8,2
3825689,Gustavo Daniel Cabral Cáceres,41,34,82.93,0,0,1,12,3,4,4,1,0,0
3825689,Théo Bongonda Mbul''Ofeko Batombo,11,7,63.64,4,0,1,9,1,1,1,0,0,1
3825689,Papa Kouly Diop,43,32,74.42,0,0,1,22,1,7,4,0,2,4
3825689,Víctor Guillermo Álvarez Delgado,14,7,50.0,0,0,0,5,0,3,4,1,2,2
3825689,Daniel Wass,37,28,75.68,0,0,1,10,3,8,2,0,3,2
3825689,Felipe Salvador Caicedo Corozo,16,10,62.5,0,0,0,14,0,2,4,1,0,2
3825689,Pedro Pablo Hernández,37,31,83.78,0,0,4,9,2,4,2,2,4,3
3825689,Víctor Sánchez Mata,32,23,71.88,0,0,0,28,1,1,4,4,1,4
3825689,Augusto Matías Fernández,57,52,91.23,0,0,2,17,2,9,5,4,2,1
3825689,Hugo Mallo Novegil,46,40,86.96,0,0,0,15,1,4,5,1,3,2
3825689,Carles Planas Antolínez,64,47,73.44,0,0,0,20,2,7,5,3,0,0
3825689,Manuel Agudo Durán,41,23,56.1,4,0,9,21,2,6,8,1,3,2
3825689,Álvaro González Soberón,52,37,71.15,1,0,2,7,1,3,2,0,2,0
3825689,Sergio Álvarez Conde,34,15,44.12,0,0,0,0,0,4,0,0,0,0
3825689,Hernán Arsenio Pérez González,41,26,63.41,1,0,5,23,3,9,2,3,1,4
3825689,Javier López Rodríguez,50,36,72.0,0,0,4,20,7,8,5,4,1,2
3825689,Gerard Moreno Balaguero,30,20,66.67,0,0,4,18,2,1,2,2,1,4
3825689,Juan Rafael Fuentes Hernández,35,28,80.0,0,0,0,13,2,3,5,2,1,0
3825689,Antonio José Raillo Arenas,43,33,76.74,2,0,0,12,2,5,7,1,2,0
3825689,Pau López Sabata,29,14,48.28,0,0,0,0,0,4,0,0,0,0
3825689,Mamadou Sylla Diallo,7,6,85.71,0,0,1,7,0,1,1,0,1,1
3825689,Jorge Franco Alviz,16,13,81.25,2,0,3,7,0,0,1,0,1,1
3825689,Marco Asensio Willemsen,16,10,62.5,0,0,0,6,0,1,1,0,0,1
3825689,Borja Fernández Fernández,14,8,57.14,0,0,0,7,0,4,2,1,0,0
3825689,John Guidetti,1,1,100.0,0,0,1,5,0,0,3,1,0,0
3825689,Pape Cheikh Diop Gueye,0,0,0.0,0,0,0,1,0,1,1,0,0,1
3825690,Sergio Ezequiel Araújo,38,31,81.58,7,0,4,8,0,4,7,0,1,4
3825690,Pedro Taunausú Domínguez Placeres,33,30,90.91,0,0,5,26,0,3,8,0,3,1
3825690,Hernán Daniel Santana Trujillo,51,45,88.24,0,0,0,4,0,4,2,0,1,1
3825690,José Vicente Gómez Umpiérrez,87,69,79.31,0,0,1,14,1,7,7,0,2,2
3825690,Heiko Westermann,35,23,65.71,1,0,1,12,4,4,8,4,1,1
3825690,Cristiano Piccini,53,34,64.15,1,0,2,10,1,6,7,3,1,0
3825690,Dani Castellano Betancor,77,60,77.92,0,0,4,10,2,4,4,3,0,2
3825690,Jonathan Viera Ramos,64,48,75.0,5,0,6,17,0,5,6,2,0,0
3825690,Joaquín Sánchez Rodríguez,30,20,66.67,0,0,2,6,0,3,8,1,3,0
3825690,Xavier Torres Buigues,42,26,61.9,0,0,0,12,1,5,4,1,0,2
3825690,Jerónimo Figueroa Cabrera,38,29,76.32,1,0,0,4,0,4,0,1,2,0
3825690,Antonio Adán Garrido,26,11,42.31,0,0,0,0,0,2,0,0,0,0
3825690,Jorge Molina Vidal,26,10,38.46,0,0,0,10,0,3,8,0,1,0
3825690,Javier Varas Herrera,50,29,58.0,0,0,0,1,0,6,0,0,0,0
3825690,Javier Garrido Behovide,68,57,83.82,0,0,1,3,0,6,1,3,0,0
3825690,Jordi Figueras Montel,33,23,69.7,0,0,1,9,3,1,4,3,0,1
3825690,Roque Mesa Quevedo,81,68,83.95,0,0,6,5,0,12,2,2,2,1
3825690,Juan Manuel Vargas Risco,27,18,66.67,0,0,0,3,0,1,2,1,1,1
3825690,Rubén Castro Martín,15,10,66.67,4,0,1,2,0,5,5,0,2,1
3825690,Álvaro Cejudo Carmona,30,17,56.67,2,0,3,16,2,1,6,0,2,4
3825690,David Simón Rodríguez Santana,60,47,78.33,1,0,0,8,0,1,3,2,1,2
3825690,Petros Matheus dos Santos Araújo,49,38,77.55,0,0,3,24,0,8,9,4,1,1
3825690,Nauzet Alemán Viera,14,10,71.43,1,0,0,4,0,3,1,0,0,0
3825690,Álvaro Vadillo Cifuentes,2,2,100.0,0,0,0,1,0,1,1,0,1,0
3825690,Willian José da Silva,9,8,88.89,1,1,0,1,0,0,1,0,0,0
3825690,Rafael van der Vaart,3,2,66.67,0,0,0,2,0,0,1,0,0,1
3825690,Juan Carlos Valerón Santana,11,11,100.0,0,0,0,0,0,0,0,0,0,0
3825690,Ricky van Wolfswinkel,2,2,100.0,0,0,0,0,0,0,1,0,0,0
3825692,Fernando Llorente Torres,16,8,50.0,1,0,1,12,0,2,8,2,1,1
3825692,Éver Maximiliano David Banega,102,78,76.47,6,0,4,20,2,4,3,0,3,1
3825692,Carlos Castro García,5,5,100.0,0,0,3,8,0,1,3,1,0,1
3825692,Steven N''Kemboanza Mike Christopher Nzonzi,35,32,91.43,1,0,0,6,1,3,0,0,0,1
3825692,Adil Rami,71,61,85.92,0,0,0,2,1,5,1,0,2,1
3825692,Timothée Kolodziejczak,75,66,88.0,0,0,1,8,0,8,6,0,2,1
3825692,Sergio Escudero Palomo,66,49,74.24,1,0,3,20,3,3,6,2,0,3
3825692,Mariano Ferreira Filho,61,44,72.13,1,0,2,16,4,4,3,0,1,1
3825692,Víctor Machín Pérez,33,24,72.73,0,0,2,11,0,4,2,0,1,0
3825692,Ismael López Blanco,32,24,75.0,0,0,2,10,3,6,4,2,1,0
3825692,Daniel Arnaud N''Di	,16,12,75.0,0,0,4,13,1,5,10,0,6,3
3825692,Grzegorz Krychowiak,70,59,84.29,0,0,1,15,4,7,6,0,2,1
3825692,Jonathan Rodríguez Menéndez,27,15,55.56,2,0,2,15,4,5,2,2,0,2
3825692,Ignacio Cases Mora,28,21,75.0,0,0,1,16,2,5,3,2,0,1
3825692,Michael Krohn-Dehli,77,64,83.12,0,0,2,16,1,4,5,1,0,1
3825692,Jorge Meré Pérez,7,3,42.86,0,0,0,6,2,3,3,2,1,0
3825692,Omar Mascarell González,25,18,72.0,1,0,0,19,7,5,3,7,1,0
3825692,Luis Hernández Rodríguez,25,15,60.0,0,0,0,9,6,2,3,0,1,3
3825692,Iván Cuéllar Sacristán,42,14,33.33,0,0,0,0,0,4,0,0,0,0
3825692,Bernardo José Espinosa Zúñiga,18,11,61.11,0,0,0,14,3,4,2,2,0,1
3825692,Sergio Rico González,25,24,96.0,0,0,0,0,0,3,0,0,0,0
3825692,Alen Halilović,21,15,71.43,1,0,4,11,1,1,4,1,1,1
3825692,Yevhen Konoplyanka,29,20,68.97,6,0,3,7,1,5,1,0,0,1
3825692,Alberto Lora Ramos,17,13,76.47,0,0,0,6,3,4,2,1,2,0
3825692,Alejandro Menéndez Díez,8,7,87.5,0,0,0,3,0,2,2,1,0,0
3825692,Kevin Gameiro,5,4,80.0,2,2,1,6,0,1,0,0,0,1
3825692,Rachid Aït-Atmane,9,7,77.78,0,0,1,1,1,1,3,0,0,0
3825692,José Antonio Reyes Calderón,19,14,73.68,0,0,0,5,1,1,1,1,0,0
3825691,Adalberto Peñaranda Maestre,22,16,72.73,3,2,2,45,0,3,8,2,5,8
3825691,Francisco Manuel Rico Castro,33,25,75.76,1,0,0,17,2,3,7,1,2,1
3825691,David Rodríguez Lombán,45,34,75.56,0,0,0,2,2,2,0,1,0,1
3825691,David Navarro Pedrós,35,26,74.29,0,0,1,10,0,2,2,3,2,1
3825691,Rubén Iván Martínez Andrade,28,24,85.71,0,0,0,0,0,4,0,0,0,0
3825691,Zouhair Feddal,65,46,70.77,0,0,0,8,5,2,2,1,1,1
3825691,Pedro López Muñoz,7,4,57.14,0,0,0,8,0,0,3,2,0,2
3825691,Deyverson Brum Silva Acosta,32,24,75.0,0,0,0,21,2,3,6,1,3,4
3825691,Víctor Camarasa Ferrando,38,32,84.21,3,0,1,21,4,6,3,0,2,4
3825691,Rubén Salvador Pérez Del Mármol,82,58,70.73,0,0,1,13,2,5,7,1,3,0
3825691,Jean-Sylvain Claude Babin,48,40,83.33,0,0,1,4,2,2,10,2,0,2
3825691,Robert Ibáñez Castro,19,15,78.95,0,0,0,14,0,3,2,2,3,0
3825691,Antonio García Aranda,50,34,68.0,0,0,0,14,3,7,3,3,2,4
3825691,Dimitri Foulquier,51,37,72.55,0,0,1,14,1,5,5,2,1,4
3825691,Jefferson Andrés Lerma Solís,47,29,61.7,0,0,1,14,7,6,10,2,3,1
3825691,Isaac Ajayi Success,16,13,81.25,1,0,2,14,0,1,4,0,5,4
3825691,Rubén García Santos,32,16,50.0,0,0,7,21,1,5,5,2,7,0
3825691,Simão Mate,48,32,66.67,2,1,0,17,2,8,4,3,4,7
3825691,Cristiano Biraghi,50,33,66.0,0,0,3,15,1,1,6,2,1,3
3825691,José Luis Morales Nogales,20,10,50.0,1,0,7,10,3,3,3,2,1,1
3825691,Andrés Eduardo Fernández Moreno,31,17,54.84,0,0,1,0,0,3,0,0,1,0
3825691,Rubén Rochina Naixes,57,33,57.89,2,0,3,18,1,8,7,0,4,2
3825691,José Antonio García Rabasco,43,34,79.07,0,0,2,15,0,2,5,0,2,2
3825691,Roger Martí Salvador,7,5,71.43,1,0,1,6,0,1,6,0,0,1
3825691,Edgar Antonio Méndez Ortega,12,5,41.67,0,0,0,8,1,1,0,0,1,2
3825691,Javier Márquez Moreno,3,1,33.33,1,0,0,6,0,0,1,1,0,1
3825691,Víctor Casadesús Castaño,6,4,66.67,0,0,0,2,1,0,2,0,1,0
3825691,Youssef El-Arabi,1,1,100.0,0,0,0,4,1,0,2,0,0,1
3825688,Sergio Canales Madrazo,63,47,74.6,1,0,0,20,0,3,3,1,1,4
3825688,Imanol Agirretxe Arruti,32,22,68.75,5,1,3,13,0,5,4,2,5,1
3825688,Esteban Félix Granero Molina,72,59,81.94,0,0,1,20,1,3,6,1,2,0
3825688,Vicente Guaita Panadero,37,17,45.95,0,0,0,0,0,7,0,0,0,0
3825688,Stefan Šćepović,22,15,68.18,2,0,0,6,1,2,4,0,1,0
3825688,Diego Antonio Reyes Rosales,47,44,93.62,0,0,0,5,2,3,4,2,0,0
3825688,Carlos Alberto Vela Garrido,30,22,73.33,1,0,3,10,0,4,1,0,5,1
3825688,Asier Illarramendi Andonegi,81,72,88.89,0,0,1,17,2,5,2,2,0,1
3825688,Roberto Lago Soto,43,27,62.79,0,0,0,19,2,1,2,3,0,6
3825688,Ángel Lafita Castillo,13,11,84.62,1,0,1,8,0,1,3,2,0,2
3825688,Juan Torres Ruiz,33,18,54.55,1,0,0,11,4,6,3,2,1,2
3825688,Pablo Sarabia García,32,20,62.5,2,1,3,9,1,1,3,5,3,1
3825688,Alberto De La Bella Madureño,71,61,85.92,0,0,0,11,3,2,5,4,1,1
3825688,Damián Nicolás Suárez Suárez,50,38,76.0,0,0,2,15,0,5,2,4,3,1
3825688,Íñigo Martínez Berridi,60,49,81.67,0,0,1,6,3,4,4,0,0,0
3825688,Álvaro Vázquez García,9,6,66.67,1,0,2,4,0,3,5,0,0,0
3825688,Mehdi Lacen,36,31,86.11,0,0,0,27,2,5,5,3,1,3
3825688,Armindo Tué Na Bangna,39,28,71.79,1,0,3,14,2,6,3,1,2,1
3825688,Alexis Ruano Delgado,32,25,78.12,0,0,0,6,2,3,5,0,0,1
3825688,Aritz Elustondo Irribaria,56,45,80.36,0,0,4,13,1,4,2,0,2,3
3825688,Juan Antonio Rodríguez Villamuela,39,31,79.49,1,0,1,13,3,5,3,3,2,2
3825688,Gerónimo Rulli,26,20,76.92,0,0,0,0,0,1,0,0,0,0
3825688,Wanderson Maciel Sousa Campos,14,11,78.57,0,0,0,6,1,3,0,2,1,0
3825688,Jonathas Cristian de Jesus,13,8,61.54,2,0,1,1,0,1,3,0,0,1
3825688,Pedro León Sánchez Gil,5,4,80.0,1,0,0,2,1,1,1,1,0,0
3825688,Víctor Rodríguez Romero,10,9,90.0,0,0,1,3,0,0,0,0,0,0
3825688,Xabier Prieto Argarate,8,7,87.5,0,0,1,1,0,1,0,0,0,0
3825688,Carlos Martínez Díez,5,4,80.0,0,0,0,2,0,0,1,0,0,0
3825687,Felipe Salvador Caicedo Corozo,20,19,95.0,1,0,2,9,0,2,5,0,4,1
3825687,Enzo Pablo Roco Roco,51,46,90.2,0,0,1,7,0,3,1,2,0,1
3825687,Hernán Arsenio Pérez González,49,35,71.43,1,0,5,9,1,8,6,1,4,1
3825687,Marco Asensio Willemsen,21,14,66.67,0,0,1,12,1,1,3,3,1,1
3825687,Simão Mate,47,37,78.72,0,0,1,25,2,8,4,0,1,6
3825687,Deyverson Brum Silva Acosta,28,16,57.14,1,0,1,25,0,2,7,0,3,2
3825687,José Luis Morales Nogales,24,14,58.33,1,0,3,14,0,2,1,1,0,0
3825687,Javier López Rodríguez,64,51,79.69,0,0,1,12,1,9,5,0,2,2
3825687,Álvaro González Soberón,49,41,83.67,0,0,0,2,1,3,4,1,0,0
3825687,Juan Rafael Fuentes Hernández,44,30,68.18,0,0,2,11,0,6,6,2,1,2
3825687,Pedro López Muñoz,29,23,79.31,1,0,0,20,1,5,7,5,2,1
3825687,Víctor Guillermo Álvarez Delgado,24,14,58.33,1,0,5,12,1,5,8,1,2,3
3825687,Rubén García Santos,48,31,64.58,2,0,2,26,2,6,4,0,5,0
3825687,Papa Kouly Diop,56,48,85.71,1,0,0,14,0,13,6,4,1,2
3825687,Zouhair Feddal,28,19,67.86,0,0,1,11,3,2,2,2,1,0
3825687,Rubén Iván Martínez Andrade,22,15,68.18,0,0,0,0,0,1,0,0,0,0
3825687,Jefferson Andrés Lerma Solís,44,33,75.0,2,1,1,21,0,9,4,0,1,1
3825687,David Navarro Pedrós,22,17,77.27,2,0,0,6,1,0,5,0,0,1
3825687,Antonio García Aranda,47,32,68.09,1,0,3,14,0,8,5,0,1,3
3825687,Víctor Camarasa Ferrando,44,33,75.0,0,0,2,25,0,4,4,0,0,0
3825687,Víctor Sánchez Mata,33,28,84.85,2,0,0,19,2,6,7,2,1,1
3825687,Pau López Sabata,30,18,60.0,0,0,0,0,0,10,0,0,0,0
3825687,Gerard Moreno Balaguero,26,19,73.08,2,1,5,10,0,5,2,1,0,1
3825687,Jordi Xumetra Feliu,13,11,84.62,1,0,0,11,0,2,0,2,1,1
3825687,Víctor Casadesús Castaño,8,7,87.5,1,0,2,4,1,2,1,0,0,1
3825687,Jorge Franco Alviz,5,2,40.0,1,0,1,1,0,1,0,0,0,0
3825687,Roger Martí Salvador,3,2,66.67,0,0,0,3,0,0,0,0,0,0
3825683,Borja González Tomás,24,19,79.17,2,1,1,21,0,1,6,1,1,2
3825683,Sergio Enrich Ametller,24,19,79.17,0,0,1,27,0,3,12,2,1,3
3825683,Mauro Javier Dos Santos,14,7,50.0,0,0,0,8,3,3,3,1,0,1
3825683,Aleksandar Pantić,19,10,52.63,1,0,0,8,2,1,4,0,0,3
3825683,Saúl Berjón Pérez,53,27,50.94,0,0,5,15,3,6,5,3,3,1
3825683,Yuri Berchiche Izeta,61,46,75.41,0,0,1,5,2,3,1,3,2,3
3825683,Gerónimo Rulli,38,31,81.58,0,0,0,1,0,7,0,0,1,0
3825683,Íñigo Martínez Berridi,58,47,81.03,0,0,0,3,0,8,3,2,0,0
3825683,Xabier Prieto Argarate,56,42,75.0,1,0,0,7,0,5,4,1,2,0
3825683,David Juncà Reñé,35,22,62.86,0,0,2,22,2,0,5,1,1,2
3825683,Sergio Canales Madrazo,70,51,72.86,1,0,0,17,1,6,3,4,1,0
3825683,Adrián González Morales,27,22,81.48,0,0,1,12,1,7,3,1,0,0
3825683,Ander Capa Rodríguez,24,13,54.17,0,0,0,12,2,4,5,1,1,2
3825683,Carlos Alberto Vela Garrido,27,22,81.48,0,0,1,10,0,2,1,2,4,1
3825683,Imanol Agirretxe Arruti,21,14,66.67,5,2,1,6,0,5,2,0,2,2
3825683,Mikel González de Martín Martínez,35,32,91.43,0,0,1,7,2,4,1,1,0,0
3825683,Esteban Félix Granero Molina,64,51,79.69,0,0,0,14,3,5,5,1,4,1
3825683,Daniel García Carrillo,38,26,68.42,0,0,0,21,1,6,3,0,2,3
3825683,Aritz Elustondo Irribaria,55,44,80.0,0,0,2,23,0,5,8,5,1,3
3825683,Asier Riesgo Unamuno,37,15,40.54,0,0,0,0,0,5,0,0,1,0
3825683,Asier Illarramendi Andonegi,71,57,80.28,0,0,2,16,0,7,10,2,4,1
3825683,Sergio Gontán Gallardo,13,9,69.23,1,0,1,23,1,6,2,1,2,0
3825683,Takashi Inui,12,8,66.67,1,0,1,14,0,1,1,0,0,1
3825683,Manuel Castellano Castro,11,9,81.82,1,0,0,7,0,0,2,2,0,3
3825683,Jonathas Cristian de Jesus,6,5,83.33,3,0,2,4,0,0,1,1,0,2
3825683,Armindo Tué Na Bangna,11,9,81.82,0,0,1,4,0,0,1,0,0,0
3825683,Carlos Martínez Díez,8,8,100.0,0,0,0,1,0,1,0,0,0,0
3825683,Iván Ramis Barrios,0,0,0.0,0,0,0,2,0,0,0,0,0,0
3825686,Aritz Aduriz Zubeldia,26,15,57.69,1,0,1,9,0,2,7,0,4,0
3825686,Raúl García Escudero,40,23,57.5,3,0,1,23,2,8,9,2,6,1
3825686,Xabier Etxeita Gorritxategi,25,21,84.0,1,0,1,9,2,1,7,2,1,1
3825686,Roberto José Rosales Altuve,57,47,82.46,1,0,3,12,3,7,6,1,0,1
3825686,Markel Susaeta Laskurain,15,7,46.67,2,0,0,18,0,1,2,0,0,0
3825686,Mikel Balenziaga Oruesagasti,35,26,74.29,1,0,0,15,1,3,0,1,0,1
3825686,Carlos Gurpegi Nausia,38,32,84.21,1,0,0,7,2,3,5,0,2,2
3825686,Óscar de Marcos Arana,57,43,75.44,1,0,2,23,4,7,7,1,1,1
3825686,José Luis García del Pozo,73,64,87.67,1,0,2,16,0,9,4,3,0,4
3825686,Egor Filipenko,12,9,75.0,0,0,0,5,1,2,2,3,1,1
3825686,Gorka Iraizoz Moreno,38,21,55.26,0,0,0,0,0,6,0,0,0,0
3825686,Juan Carlos Pérez López,71,55,77.46,0,0,2,10,2,3,2,9,0,3
3825686,Nordin Amrabat,21,16,76.19,2,0,3,10,0,1,3,1,0,3
3825686,Charles Días Barbosa de Oliveira,30,23,76.67,1,0,0,11,1,2,0,1,2,2
3825686,Beñat Etxebarria Urkiaga,65,46,70.77,0,0,0,12,5,9,4,5,2,0
3825686,Pablo Fornals Malla,28,18,64.29,0,0,1,10,1,5,4,5,0,0
3825686,Mikel San José Domínguez,6,6,100.0,0,0,1,6,0,1,2,0,1,0
3825686,Marcos Alberto Angeleri,35,30,85.71,0,0,0,8,3,5,8,0,1,1
3825686,Sérgio Paulo Barbosa Valente,39,21,53.85,2,0,4,12,3,4,4,5,2,2
3825686,Raúl Albentosa Redal,46,33,71.74,0,0,0,2,0,3,5,0,0,4
3825686,Iñaki Williams Arthuer,22,13,59.09,1,0,2,11,2,2,3,1,5,1
3825686,Idriss Carlos Kameni,24,21,87.5,0,0,0,0,0,5,0,0,0,0
3825686,Juan Pablo Añor Acosta,36,31,86.11,0,0,1,11,0,2,2,2,0,3
3825686,Ander Iturraspe Derteano,24,20,83.33,0,0,0,11,1,2,2,0,1,0
3825686,Roque Luis Santa Cruz Cantero,11,8,72.73,0,0,2,6,0,0,1,0,0,0
3825686,Javier Ontiveros Parra,6,6,100.0,0,0,0,2,0,0,1,0,0,0
3825686,Eneko Bóveda Altube,2,2,100.0,0,0,0,2,0,0,0,0,0,0
3825686,Enrique Sola Clemente,0,0,0.0,0,0,0,1,0,0,0,0,0,0
3825684,Javier Guerra Rodríguez,30,20,66.67,2,0,2,17,1,4,12,0,1,3
3825684,José Raúl Baena Urdiales,32,27,84.38,0,0,4,17,3,5,4,2,0,2
3825684,José Eduardo Rosa Vale de Castro,63,47,74.6,0,0,3,8,2,2,1,0,0,3
3825684,Roberto Román Triguero,54,33,61.11,0,0,4,14,1,1,1,1,6,0
3825684,Jonathan dos Santos Ramírez,33,27,81.82,3,0,3,26,2,6,6,1,0,5
3825684,Jozabed Sánchez Ruiz,61,55,90.16,1,1,5,13,2,4,3,2,4,1
3825684,Diego Javier Llorente Ríos,43,38,88.37,1,0,0,16,3,5,5,5,1,2
3825684,Cédric Bakambu,22,13,59.09,4,2,2,21,0,4,9,3,5,3
3825684,Pablo Hernández Domínguez,30,21,70.0,1,0,0,16,1,3,5,2,0,1
3825684,Adrián Marín Gómez,46,35,76.09,0,0,3,12,3,2,4,4,0,1
3825684,Bruno Soriano Llido,52,43,82.69,2,0,0,19,2,8,3,3,0,1
3825684,Eric Bertrand Bailly,31,15,48.39,0,0,0,14,1,4,5,2,2,0
3825684,Patrick Ebert,11,7,63.64,0,0,1,3,0,0,0,0,1,0
3825684,Tomás Pina Isla,13,8,61.54,1,0,0,14,1,2,2,1,0,2
3825684,Tiago Manuel Dias Correia,23,12,52.17,2,0,1,6,0,3,0,1,1,0
3825684,Roberto Soldado Rillo,32,22,68.75,3,0,1,23,2,5,6,2,3,1
3825684,Alphonse Areola,31,20,64.52,0,0,0,0,0,9,0,0,1,0
3825684,Jaume Vicent Costa Jordá,27,20,74.07,0,0,1,10,2,2,1,1,0,1
3825684,Denis Suárez Fernández,41,31,75.61,0,0,6,20,0,8,2,1,1,0
3825684,Yoel Rodríguez Oterino,35,26,74.29,0,0,0,0,0,7,0,0,0,0
3825684,Joaquín José Marín Ruiz,54,36,66.67,1,0,1,17,2,5,7,2,0,3
3825684,Víctor Ruíz Torre,40,30,75.0,1,0,0,2,4,3,2,1,0,1
3825684,Adrián Embarba Blázquez,32,11,34.38,0,0,9,6,2,5,5,4,1,1
3825684,Manuel Trigueros Muñoz,16,12,75.0,0,0,1,17,0,6,4,1,2,2
3825684,Samuel Castillejo Azuaga,15,9,60.0,0,0,5,21,1,4,2,2,2,1
3825684,Nicolás Ladislao Fedor Flores,4,3,75.0,0,0,0,2,0,0,1,0,1,1
3825684,Mateo Pablo Musacchio,2,2,100.0,0,0,0,0,1,0,1,0,0,0
3825684,Alberto Mateus Contreiras Gonçalves,4,3,75.0,0,0,0,0,0,1,0,0,0,0
3825681,Álvaro Vázquez García,14,11,78.57,0,0,0,8,2,0,1,1,0,2
3825681,Víctor Rodríguez Romero,45,42,93.33,0,0,2,21,2,4,0,1,2,1
3825681,Mehdi Lacen,60,56,93.33,0,0,0,26,2,4,3,1,0,2
3825681,Roberto Lago Soto,47,44,93.62,0,0,1,16,1,0,4,1,0,2
3825681,Pablo Sarabia García,45,35,77.78,2,0,3,21,2,6,2,0,2,4
3825681,Gareth Frank Bale,49,40,81.63,5,1,2,10,1,3,0,0,4,0
3825681,Ángel Lafita Castillo,30,22,73.33,2,0,3,11,0,3,4,0,4,2
3825681,Lucas Vázquez Iglesias,64,57,89.06,0,0,1,19,3,3,7,2,1,2
3825681,Luka Modrić,80,72,90.0,0,0,0,6,1,3,1,1,3,0
3825681,Toni Kroos,108,105,97.22,1,0,1,21,3,2,3,1,1,1
3825681,Kléper Laveran Lima Ferreira,70,63,90.0,0,0,3,10,4,1,3,1,3,1
3825681,José Ignacio Fernández Iglesias,49,45,91.84,0,0,1,2,3,4,2,1,1,0
3825681,Danilo Luiz da Silva,62,60,96.77,0,0,0,16,3,2,5,2,0,4
3825681,James David Rodríguez Rubio,100,88,88.0,1,0,8,19,1,3,6,1,3,0
3825681,Wanderson Maciel Sousa Campos,21,20,95.24,1,0,3,24,2,2,2,2,0,4
3825681,Vicente Guaita Panadero,25,12,48.0,0,0,0,0,0,5,0,0,0,0
3825681,Juan Torres Ruiz,21,15,71.43,0,0,1,9,2,3,4,2,0,2
3825681,Karim Benzema,31,24,77.42,4,2,2,9,0,4,0,1,2,1
3825681,Cristiano Ronaldo dos Santos Aveiro,40,33,82.5,5,1,2,10,0,2,3,0,2,0
3825681,Alexis Ruano Delgado,32,28,87.5,1,1,0,1,1,4,2,1,0,0
3825681,Damián Nicolás Suárez Suárez,59,44,74.58,1,0,3,9,1,5,1,0,0,1
3825681,Keylor Navas Gamboa,12,9,75.0,0,0,0,0,0,1,0,0,1,0
3825681,Stefan Šćepović,13,9,69.23,0,0,0,1,1,0,0,0,1,0
3825681,Pedro León Sánchez Gil,14,9,64.29,0,0,2,14,1,0,1,2,0,1
3825681,Mateo Kovačić,34,34,100.0,0,0,2,7,0,1,2,1,0,1
3825681,Jesé Rodríguez Ruiz,4,2,50.0,0,0,0,1,0,0,0,0,1,0
3825681,Bernard Mensah,15,14,93.33,0,0,0,2,0,0,0,0,0,1
3825681,Álvaro Arbeloa Coca,3,3,100.0,0,0,0,0,0,0,0,0,0,0
3825682,Youssef El-Arabi,26,21,80.77,5,0,3,12,1,6,6,3,0,1
3825682,Adalberto Peñaranda Maestre,15,12,80.0,2,0,3,13,0,3,3,1,0,0
3825682,David Rodríguez Lombán,42,36,85.71,0,0,0,4,3,0,3,0,0,0
3825682,Jan Oblak,25,12,48.0,0,0,0,0,0,6,0,0,0,0
3825682,Yannick Ferreira Carrasco,45,31,68.89,1,0,6,12,2,6,2,2,2,0
3825682,Fernando José Torres Sanz,24,20,83.33,3,0,3,11,0,2,2,2,1,1
3825682,Jorge Resurrección Merodio,91,79,86.81,1,0,2,22,1,8,3,0,5,0
3825682,Dimitri Foulquier,44,36,81.82,1,0,3,14,4,3,5,3,1,1
3825682,Gabriel Fernández Arenas,63,56,88.89,0,0,4,17,1,4,7,2,2,5
3825682,Filipe Luís Kasmirski,85,71,83.53,1,0,4,23,5,8,8,1,0,1
3825682,Rubén Salvador Pérez Del Mármol,59,49,83.05,0,0,2,33,2,8,4,3,3,3
3825682,Isaac Ajayi Success,18,16,88.89,2,0,2,5,0,1,1,5,4,0
3825682,Saúl Ñíguez Esclapez,46,32,69.57,1,0,0,20,3,2,6,2,0,3
3825682,Rubén Rochina Naixes,73,54,73.97,6,0,6,27,4,15,5,4,2,2
3825682,Diego Roberto Godín Leal,53,44,83.02,2,1,0,9,6,1,4,4,0,0
3825682,José María Giménez de Vargas,43,37,86.05,0,0,0,11,0,4,3,0,0,0
3825682,Andrés Eduardo Fernández Moreno,35,28,80.0,0,0,0,1,0,6,0,0,0,0
3825682,Antoine Griezmann,52,40,76.92,1,1,2,18,0,7,12,2,1,0
3825682,Jean-Sylvain Claude Babin,50,42,84.0,0,0,0,6,0,2,5,1,0,1
3825682,Juan Francisco Torres Belén,39,33,84.62,0,0,1,13,1,0,4,1,0,1
3825682,Cristiano Biraghi,55,42,76.36,0,0,1,7,3,5,3,2,0,0
3825682,Francisco Manuel Rico Castro,48,41,85.42,0,0,1,14,1,2,0,4,0,4
3825682,Robert Ibáñez Castro,10,7,70.0,1,0,1,5,1,4,3,4,1,0
3825682,Óliver Torres Muñoz,30,28,93.33,1,0,1,5,0,1,3,0,1,0
3825682,Francisco Medina Luna,7,6,85.71,0,0,0,0,0,1,0,0,0,0
3825682,Nicolás Federico López Alonso,0,0,0.0,1,0,1,3,0,0,1,1,0,0
3825682,Thomas Teye Partey,13,12,92.31,2,0,3,1,0,0,0,0,0,0
3825680,Oriol Riera Magem,1,1,100.0,0,0,0,2,0,0,1,0,0,0
3825680,Lucas Pérez Martínez,27,18,66.67,4,1,1,23,0,0,4,0,2,2
3825680,Sidnei Rechel da Silva Júnior,25,19,76.0,0,0,4,9,3,5,5,0,0,0
3825680,Mariano Ferreira Filho,59,40,67.8,0,0,3,9,0,4,8,3,1,1
3825680,Grzegorz Krychowiak,65,51,78.46,2,0,0,11,1,10,5,2,4,2
3825680,Kevin Gameiro,16,10,62.5,3,0,1,9,1,3,8,2,0,0
3825680,Fernando Navarro i Corbacho,62,41,66.13,0,0,1,7,4,5,1,3,1,1
3825680,Steven N''Kemboanza Mike Christopher Nzonzi,56,50,89.29,0,0,2,8,1,3,0,1,0,1
3825680,Luis Carlos Correia Pinto,23,14,60.87,0,0,2,16,1,3,3,3,1,1
3825680,Adil Rami,60,42,70.0,0,0,1,6,1,7,2,1,1,1
3825680,Pedro Mosquera Parada,43,37,86.05,0,0,3,27,3,6,6,2,0,2
3825680,Víctor Machín Pérez,22,11,50.0,0,0,3,9,1,2,2,0,1,0
3825680,Timothée Kolodziejczak,47,39,82.98,0,0,0,12,1,7,4,2,1,1
3825680,Rubén Gracia Calmache,24,19,79.17,0,0,3,16,2,5,7,3,1,1
3825680,Yevhen Konoplyanka,27,15,55.56,2,0,2,3,0,1,0,0,0,1
3825680,Alejandro Arribas Garrido,26,18,69.23,0,0,0,6,2,3,11,2,0,0
3825680,Germán Darío Lux,47,23,48.94,0,0,0,0,0,11,0,0,0,0
3825680,Michael Krohn-Dehli,42,36,85.71,0,0,3,19,0,2,0,2,0,0
3825680,Alejandro Bergantiños García,31,26,83.87,0,0,0,9,3,3,3,1,1,1
3825680,Sergio Rico González,31,24,77.42,0,0,0,0,0,2,0,0,0,0
3825680,Juan Francisco Moreno Fuertes,40,23,57.5,0,0,2,11,4,2,3,2,1,0
3825680,Sergio Escudero Palomo,62,47,75.81,1,0,1,15,2,8,5,3,1,0
3825680,Jonathan Javier Rodríguez Portillo,11,7,63.64,4,0,4,21,1,4,8,0,1,2
3825680,José Antonio Reyes Calderón,20,15,75.0,0,0,1,13,0,1,3,1,2,0
3825680,Fernando Llorente Torres,16,10,62.5,0,0,0,7,0,2,0,1,1,1
3825680,Laureano Sanabria Ruiz,17,9,52.94,0,0,0,5,0,4,1,0,0,1
3825680,Fayçal Fajr,16,10,62.5,0,0,0,3,0,1,1,1,1,1
3825680,Vicente Iborra De La Fuente,10,9,90.0,1,1,0,3,0,1,0,2,0,1
3825677,Daniel Parejo Muñoz,46,40,86.96,0,0,1,21,0,4,2,1,8,0
3825677,Francisco Alcácer García,12,10,83.33,0,0,0,13,1,3,4,0,2,1
3825677,Aymen Abdennour,40,34,85.0,0,0,0,9,1,4,3,3,0,2
3825677,Mariano Ferreira Filho,60,46,76.67,1,0,0,8,2,4,3,1,3,3
3825677,Santiago Mina Lorenzo,14,9,64.29,0,0,0,9,1,1,4,0,3,3
3825677,Danilo Barbosa da Silva,28,13,46.43,0,0,1,22,2,4,8,4,3,1
3825677,Grzegorz Krychowiak,67,60,89.55,1,0,0,13,2,8,2,2,3,2
3825677,Steven N''Kemboanza Mike Christopher Nzonzi,63,52,82.54,2,0,3,21,1,6,3,0,2,5
3825677,Éver Maximiliano David Banega,82,66,80.49,2,0,3,19,0,4,6,3,0,2
3825677,José Luis Gayà Peña,30,26,86.67,0,0,3,8,2,2,4,3,3,1
3825677,Timothée Kolodziejczak,59,53,89.83,0,0,0,5,1,4,2,0,1,2
3825677,Fernando Llorente Torres,9,6,66.67,2,0,2,15,0,1,0,1,0,0
3825677,Víctor Machín Pérez,44,34,77.27,0,0,8,19,0,6,7,1,4,6
3825677,Yevhen Konoplyanka,47,30,63.83,4,0,5,9,1,3,2,0,1,2
3825677,Sergio Escudero Palomo,51,42,82.35,2,1,0,16,1,2,8,2,5,2
3825677,Sergio Rico González,11,9,81.82,0,0,0,0,0,0,0,0,0,0
3825677,Adil Rami,37,32,86.49,2,0,1,1,0,3,0,1,0,4
3825677,Enzo Nicolás Pérez,13,11,84.62,0,0,5,16,0,3,6,1,4,4
3825677,Javier Fuego Martínez,30,26,86.67,0,0,2,17,0,6,4,3,2,2
3825677,João Pedro Cavaco Cancelo,24,19,79.17,0,0,2,6,1,3,0,1,0,3
3825677,Mathew Ryan,43,13,30.23,0,0,0,0,0,8,0,0,1,0
3825677,Aderllan Leandro de Jesus Santos,25,20,80.0,0,0,0,5,1,1,6,2,1,0
3825677,Rúben Miguel Nunes Vezo,27,20,74.07,0,0,2,11,1,3,4,2,0,2
3825677,Sofiane Feghouli,20,15,75.0,0,0,0,7,2,1,2,1,2,1
3825677,Ciro Immobile,3,1,33.33,0,0,1,8,0,0,1,1,0,1
3825677,Zakaria Bakkali,1,1,100.0,0,0,0,6,0,1,1,0,0,0
3825677,Michael Krohn-Dehli,9,7,77.78,0,0,0,0,0,0,0,1,0,0
3825677,José Antonio Reyes Calderón,11,6,54.55,0,0,1,0,1,0,1,0,1,0
3825675,Jozabed Sánchez Ruiz,21,14,66.67,0,0,0,5,1,2,2,0,1,0
3825675,Javier Guerra Rodríguez,31,23,74.19,2,0,2,10,0,4,5,0,4,1
3825675,Roberto Trashorras Gayoso,51,39,76.47,2,0,2,15,1,6,4,2,1,4
3825675,Antonio Amaya Carazo,30,26,86.67,0,0,0,1,1,5,6,0,0,1
3825675,Aritz Aduriz Zubeldia,29,13,44.83,5,3,3,20,1,5,6,0,2,1
3825675,Xabier Etxeita Gorritxategi,25,16,64.0,0,0,0,18,3,2,4,5,0,3
3825675,Pablo Hernández Domínguez,56,41,73.21,3,0,1,7,0,3,2,1,1,1
3825675,Beñat Etxebarria Urkiaga,47,28,59.57,0,0,0,18,3,10,0,2,1,1
3825675,Raúl García Escudero,24,13,54.17,4,0,0,29,2,2,5,7,5,3
3825675,Juan Carlos Martín Corral,51,35,68.63,0,0,0,1,0,6,0,0,0,0
3825675,Mikel Balenziaga Oruesagasti,30,23,76.67,0,0,0,11,1,6,3,3,1,0
3825675,Aymeric Laporte,18,12,66.67,0,0,0,7,1,2,2,2,3,1
3825675,Diego Javier Llorente Ríos,58,49,84.48,0,0,1,14,1,12,10,2,1,2
3825675,José Raúl Baena Urdiales,70,61,87.14,2,0,3,14,2,5,6,2,3,4
3825675,José Ignacio Martínez García,71,56,78.87,2,0,1,18,1,10,4,3,1,3
3825675,Iñaki Williams Arthuer,20,10,50.0,1,0,2,17,1,3,4,4,2,0
3825675,Óscar de Marcos Arana,33,25,75.76,0,0,4,19,8,3,7,2,1,1
3825675,Gorka Iraizoz Moreno,40,21,52.5,0,0,0,0,0,8,0,0,1,0
3825675,Íñigo Lekue Martínez,26,15,57.69,0,0,3,23,2,1,9,4,2,2
3825675,Roberto Román Triguero,62,52,83.87,0,0,2,8,2,7,4,0,0,3
3825675,Adrián Embarba Blázquez,25,8,32.0,1,0,2,12,0,6,7,1,1,0
3825675,Ander Iturraspe Derteano,20,14,70.0,0,0,1,23,2,5,2,4,1,4
3825675,Alberto Mateus Contreiras Gonçalves,9,8,88.89,2,0,0,8,0,1,4,0,2,0
3825675,Tiago Manuel Dias Correia,43,29,67.44,1,0,3,5,0,3,2,0,1,0
3825675,Alhassane Bangoura,22,14,63.64,0,0,1,1,0,0,2,0,1,0
3825675,Mikel San José Domínguez,5,2,40.0,0,0,0,0,0,0,2,0,0,0
3825675,Eneko Bóveda Altube,2,1,50.0,0,0,0,4,1,1,2,1,0,1
3825675,Gorka Elustondo Urkola,1,1,100.0,0,0,0,6,0,4,2,1,0,0
3825676,Matías Nahuel Leiva Esquivel,26,18,69.23,1,0,6,15,0,2,1,2,1,1
3825676,Samuel García Sánchez,37,27,72.97,2,0,0,17,0,5,7,3,1,1
3825676,Víctor Ruíz Torre,47,36,76.6,0,0,0,4,0,7,2,1,0,3
3825676,Roberto Lago Soto,32,25,78.12,1,0,0,17,3,1,3,2,1,0
3825676,Manuel Trigueros Muñoz,49,43,87.76,1,0,4,11,0,3,6,3,1,1
3825676,Samuel Castillejo Azuaga,20,17,85.0,1,0,6,14,0,7,3,4,1,1
3825676,Juan Antonio Rodríguez Villamuela,27,18,66.67,1,0,0,24,3,3,3,1,0,4
3825676,Pablo Sarabia García,33,18,54.55,3,0,3,16,1,3,8,3,3,1
3825676,Tomás Pina Isla,55,45,81.82,0,0,1,14,2,9,4,3,2,2
3825676,Adrián Marín Gómez,49,35,71.43,0,0,1,16,2,1,5,5,0,3
3825676,Jonathan dos Santos Ramírez,59,42,71.19,0,0,3,17,2,5,4,0,4,1
3825676,Damián Nicolás Suárez Suárez,58,42,72.41,0,0,3,11,1,5,2,3,2,1
3825676,Juan Torres Ruiz,30,18,60.0,0,0,0,15,2,4,4,0,0,1
3825676,Alexis Ruano Delgado,31,23,74.19,1,0,1,4,6,3,4,2,1,0
3825676,Vicente Guaita Panadero,27,13,48.15,0,0,0,0,0,4,0,0,0,0
3825676,Álvaro Vázquez García,17,13,76.47,2,1,1,20,2,1,3,0,1,1
3825676,Mario Gaspar Pérez Martínez,31,23,74.19,1,0,1,9,0,3,3,2,1,1
3825676,Alphonse Areola,18,9,50.0,0,0,0,0,0,3,0,0,0,0
3825676,Mehdi Lacen,36,27,75.0,0,0,0,28,4,9,4,2,1,1
3825676,Eric Bertrand Bailly,42,38,90.48,0,0,0,5,0,6,3,1,1,2
3825676,Stefan Šćepović,28,20,71.43,2,0,0,13,1,1,4,2,4,0
3825676,Ángel Lafita Castillo,13,7,53.85,2,1,1,18,2,1,1,2,1,3
3825676,Denis Suárez Fernández,18,13,72.22,1,0,2,10,0,0,5,0,1,0
3825676,Antonio Rukavina,34,25,73.53,0,0,0,5,0,3,2,0,0,0
3825676,Cédric Bakambu,10,6,60.0,0,0,0,8,2,4,2,1,0,0
3825676,Víctor Rodríguez Romero,6,5,83.33,0,0,1,7,1,4,0,0,1,0
3825676,Emiliano Buendía,5,4,80.0,0,0,1,2,0,2,0,0,1,0
3825676,Wanderson Maciel Sousa Campos,5,3,60.0,0,0,1,4,0,1,0,0,0,1
3825674,Felipe Salvador Caicedo Corozo,21,17,80.95,0,0,1,21,1,1,7,0,2,4
3825674,Marco Asensio Willemsen,42,31,73.81,0,0,4,25,2,7,5,1,1,1
3825674,Álvaro González Soberón,66,47,71.21,0,0,1,12,3,6,4,2,1,2
3825674,Diego Roberto Godín Leal,31,23,74.19,3,0,0,5,5,3,4,2,2,0
3825674,Abraham González Casanova,20,17,85.0,0,0,2,21,1,1,5,0,1,2
3825674,José María Giménez de Vargas,24,20,83.33,0,0,2,4,2,2,4,1,1,1
3825674,Óliver Torres Muñoz,57,41,71.93,1,0,1,17,2,7,3,2,0,0
3825674,Javier López Rodríguez,49,35,71.43,1,0,2,25,2,2,1,0,1,3
3825674,Papa Kouly Diop,35,28,80.0,0,0,2,24,3,2,1,2,1,5
3825674,Saúl Ñíguez Esclapez,39,33,84.62,1,0,3,15,4,7,5,1,3,3
3825674,Jan Oblak,11,4,36.36,0,0,0,0,0,1,0,0,0,0
3825674,Hernán Arsenio Pérez González,28,20,71.43,0,0,1,31,1,5,4,3,3,6
3825674,Luciano Vietto,35,31,88.57,2,0,1,3,0,5,2,0,4,0
3825674,Antoine Griezmann,34,27,79.41,3,1,0,10,0,5,6,0,4,1
3825674,Filipe Luís Kasmirski,79,61,77.22,1,0,5,8,3,8,2,1,4,1
3825674,Jorge Resurrección Merodio,80,59,73.75,3,0,1,9,0,9,0,0,5,3
3825674,Juan Rafael Fuentes Hernández,52,40,76.92,0,0,3,10,1,5,2,3,1,0
3825674,Víctor Guillermo Álvarez Delgado,26,19,73.08,0,0,3,24,1,5,2,2,0,2
3825674,Juan Francisco Torres Belén,46,37,80.43,2,0,1,9,0,3,3,2,2,0
3825674,Tiago Cardoso Mendes,17,17,100.0,0,0,0,4,0,1,2,2,0,1
3825674,Enzo Pablo Roco Roco,55,45,81.82,1,0,0,9,1,2,3,3,1,2
3825674,Pau López Sabata,46,39,84.78,0,0,0,0,0,1,0,0,0,0
3825674,Yannick Ferreira Carrasco,33,29,87.88,2,0,2,8,0,4,2,0,2,2
3825674,José Alberto Cañas Ruiz Herrera,30,22,73.33,0,0,0,16,1,3,3,2,2,1
3825674,Thomas Teye Partey,17,14,82.35,1,0,0,8,0,1,3,0,1,0
3825674,Gerard Moreno Balaguero,6,4,66.67,1,0,0,14,1,1,4,1,0,0
3825674,Fernando José Torres Sanz,3,2,66.67,2,0,1,5,0,2,2,0,0,2
3825674,Mamadou Sylla Diallo,2,2,100.0,1,0,0,2,0,1,0,0,0,1
3825673,Lucas Pérez Martínez,20,13,65.0,4,1,2,9,0,8,3,0,2,2
3825673,Jonathan Javier Rodríguez Portillo,11,7,63.64,0,0,1,4,0,2,3,0,3,0
3825673,Pedro Mosquera Parada,42,37,88.1,1,0,0,18,2,2,2,1,1,3
3825673,Fernando Navarro i Corbacho,35,28,80.0,0,0,0,10,1,3,2,3,0,2
3825673,Sidnei Rechel da Silva Júnior,40,33,82.5,0,0,0,8,0,5,3,2,0,0
3825673,Javier Varas Herrera,44,31,70.45,0,0,0,1,0,9,0,0,0,0
3825673,José Vicente Gómez Umpiérrez,69,60,86.96,1,0,0,8,1,4,1,0,1,1
3825673,Alejandro Bergantiños García,27,17,62.96,2,0,0,10,0,5,4,0,0,0
3825673,Roque Mesa Quevedo,83,76,91.57,1,0,1,12,2,7,1,0,2,1
3825673,Pedro Bigas Rigo,48,37,77.08,0,0,0,8,4,3,3,5,0,2
3825673,Aythami Artiles Oliva,67,58,86.57,0,0,0,7,1,8,2,0,0,2
3825673,Sergio Ezequiel Araújo,21,11,52.38,3,0,2,5,0,3,7,2,2,1
3825673,Dani Castellano Betancor,71,58,81.69,1,0,0,6,0,5,7,1,2,0
3825673,Pedro Taunausú Domínguez Placeres,63,56,88.89,1,0,1,12,1,2,4,0,1,1
3825673,Jonathan Viera Ramos,64,50,78.12,0,0,6,6,0,2,4,1,2,0
3825673,Juan Francisco Moreno Fuertes,42,23,54.76,0,0,2,8,1,3,2,4,0,2
3825673,Rubén Gracia Calmache,31,20,64.52,1,0,2,12,3,7,3,1,0,3
3825673,David Simón Rodríguez Santana,79,71,89.87,0,0,1,11,0,5,4,0,1,3
3825673,Jerónimo Figueroa Cabrera,49,38,77.55,1,0,3,4,0,3,2,2,4,0
3825673,Alejandro Arribas Garrido,22,16,72.73,0,0,1,10,0,1,6,3,1,2
3825673,Luis Carlos Correia Pinto,25,14,56.0,1,0,4,13,1,4,5,3,4,1
3825673,Germán Darío Lux,34,16,47.06,0,0,0,0,0,5,0,0,0,0
3825673,Fayçal Fajr,20,13,65.0,1,0,1,5,0,1,2,0,0,0
3825673,Nauzet Alemán Viera,17,13,76.47,0,0,1,1,0,1,0,0,0,1
3825673,Jonás Manuel Gutiérrez,3,2,66.67,0,0,1,6,0,1,1,2,0,0
3825673,Laureano Sanabria Ruiz,4,2,50.0,0,0,0,6,0,0,1,1,0,0
3825673,Mubarak Wakaso,11,9,81.82,0,0,0,1,0,0,0,0,0,0
3825673,Juan Emmanuel Culio,8,8,100.0,0,0,0,1,0,1,0,0,0,1
3825671,Alen Halilović,35,25,71.43,2,0,5,5,1,8,1,0,1,0
3825671,Daniel Arnaud N''Di	,22,12,54.55,1,0,3,15,0,4,3,1,4,1
3825671,Omar Mascarell González,56,36,64.29,0,0,2,25,3,10,7,2,0,3
3825671,Arnaldo Antonio Sanabria Ayala,12,7,58.33,0,0,1,9,0,1,11,1,2,2
3825671,Gustavo Daniel Cabral Cáceres,68,63,92.65,0,0,0,5,5,7,1,4,1,1
3825671,Pedro Pablo Hernández,75,64,85.33,0,0,2,23,3,12,2,1,6,4
3825671,Carles Planas Antolínez,48,38,79.17,0,0,0,22,3,0,8,3,0,1
3825671,John Guidetti,14,10,71.43,1,0,0,17,0,1,2,2,1,3
3825671,Sergi Gómez Solà,66,62,93.94,0,0,0,9,2,2,3,1,1,2
3825671,Augusto Matías Fernández,82,69,84.15,0,0,1,19,3,9,5,1,0,1
3825671,Ismael López Blanco,55,35,63.64,1,0,1,10,4,6,3,0,0,2
3825671,Ignacio Cases Mora,44,35,79.55,0,0,2,14,0,4,2,2,2,3
3825671,Jonathan Rodríguez Menéndez,24,12,50.0,0,0,1,10,2,3,4,1,3,0
3825671,Hugo Mallo Novegil,64,57,89.06,0,0,1,11,4,5,2,1,1,2
3825671,Théo Bongonda Mbul''Ofeko Batombo,19,13,68.42,2,0,2,12,0,4,2,0,2,2
3825671,Luis Hernández Rodríguez,43,36,83.72,0,0,1,8,2,2,3,1,1,0
3825671,Sergio Álvarez Conde,34,17,50.0,0,0,0,0,0,3,0,0,0,0
3825671,Alberto Lora Ramos,43,28,65.12,0,0,1,11,3,2,3,4,1,1
3825671,Fabián Ariel Orellana Valenzuela,54,40,74.07,1,1,6,10,0,7,2,1,2,0
3825671,Manuel Agudo Durán,38,21,55.26,2,1,6,8,1,5,3,1,1,1
3825671,Bernardo José Espinosa Zúñiga,35,23,65.71,1,0,0,11,3,3,7,0,2,2
3825671,Iván Cuéllar Sacristán,29,8,27.59,0,0,0,0,0,8,0,0,0,0
3825671,Carlos Castro García,4,3,75.0,3,1,1,3,0,1,3,1,0,0
3825671,Daniel Wass,16,11,68.75,0,0,0,3,0,2,2,1,1,0
3825671,Pablo Pérez Rodríguez,10,8,80.0,0,0,1,3,0,2,2,0,0,0
3825671,Juan Muñiz Gallego,5,5,100.0,0,0,0,4,1,1,1,0,0,2
3825671,Iago Aspas Juncal,5,3,60.0,0,0,1,1,1,0,1,0,0,0
3825671,Josep Señé Escudero,0,0,0.0,0,0,0,0,0,0,0,0,0,0
3825672,Charles Días Barbosa de Oliveira,20,14,70.0,4,1,1,5,0,2,2,1,3,1
3825672,Fernando Damián Tissone,30,18,60.0,0,0,1,9,2,3,2,0,0,2
3825672,Juan Carlos Pérez López,25,16,64.0,1,0,3,6,1,2,4,2,4,0
3825672,Hugo Miguel Almeida Costa Lopes,28,22,78.57,1,0,2,12,1,2,4,0,2,2
3825672,Jean-Sylvain Claude Babin,27,23,85.19,0,0,0,6,2,3,3,0,1,1
3825672,José Luis García del Pozo,27,23,85.19,1,0,1,12,0,10,5,7,3,4
3825672,Javier Márquez Moreno,58,47,81.03,1,0,2,20,2,4,6,1,2,3
3825672,Robert Ibáñez Castro,14,10,71.43,0,0,1,7,0,4,2,1,5,1
3825672,Miguel Torres Gómez,32,21,65.62,0,0,0,9,2,0,3,3,0,4
3825672,Nordin Amrabat,21,12,57.14,2,0,2,2,0,1,2,0,1,2
3825672,Andrés Eduardo Fernández Moreno,32,26,81.25,0,0,0,0,0,7,0,0,0,0
3825672,Francisco Manuel Rico Castro,59,48,81.36,1,0,0,11,1,5,5,2,1,1
3825672,Cristiano Biraghi,57,31,54.39,0,0,1,12,0,3,2,3,0,0
3825672,Uche Henry Agbo,18,15,83.33,0,0,0,7,5,1,2,2,0,3
3825672,Adalberto Peñaranda Maestre,21,13,61.9,1,0,3,19,0,4,6,3,1,4
3825672,Weligton Róbson Pena de Oliveira,26,20,76.92,0,0,0,5,4,3,4,1,1,1
3825672,Isaac Ajayi Success,21,15,71.43,2,0,6,9,2,4,4,3,4,2
3825672,Roberto José Rosales Altuve,37,23,62.16,0,0,2,15,1,3,11,5,1,2
3825672,Sérgio Paulo Barbosa Valente,34,19,55.88,1,0,1,2,1,6,0,0,2,2
3825672,Marcos Alberto Angeleri,19,16,84.21,1,0,0,5,1,1,2,1,1,0
3825672,David Rodríguez Lombán,32,27,84.38,0,0,0,11,1,4,3,1,1,1
3825672,Idriss Carlos Kameni,21,12,57.14,0,0,0,2,0,4,0,0,0,0
3825672,Pablo Fornals Malla,17,12,70.59,2,1,1,3,0,5,2,0,2,0
3825672,Rubén Rochina Naixes,23,19,82.61,4,1,1,3,0,4,0,0,0,1
3825672,Dimitri Foulquier,20,15,75.0,0,0,0,3,1,2,0,1,0,1
3825672,Youssef El-Arabi,6,6,100.0,1,1,0,0,0,1,0,0,1,0
3825672,Juan Pablo Añor Acosta,12,8,66.67,0,0,5,3,0,2,1,0,0,0
3825672,Roque Luis Santa Cruz Cantero,4,3,75.0,0,0,0,2,0,0,0,0,0,0
3825670,Rubén Castro Martín,34,27,79.41,4,1,0,6,0,4,1,0,0,0
3825670,Daniel Ceballos Fernández,50,37,74.0,1,0,6,16,3,5,5,0,2,0
3825670,Heiko Westermann,31,26,83.87,0,0,0,8,1,3,2,1,0,2
3825670,Deyverson Brum Silva Acosta,16,11,68.75,3,0,1,19,1,4,8,1,3,1
3825670,Zouhair Feddal,55,43,78.18,0,0,0,4,2,7,4,3,0,1
3825670,Rubén Iván Martínez Andrade,32,23,71.88,0,0,0,0,0,3,0,0,0,0
3825670,Bruno González Cabrera,28,25,89.29,0,0,0,7,2,3,3,2,0,3
3825670,Rubén García Santos,26,17,65.38,1,0,3,17,1,3,2,2,1,0
3825670,Petros Matheus dos Santos Araújo,38,27,71.05,0,0,0,24,4,5,9,7,4,3
3825670,Joaquín Sánchez Rodríguez,37,26,70.27,2,0,1,7,3,2,5,2,2,2
3825670,Cristiano Piccini,42,31,73.81,1,0,5,13,4,4,4,2,1,1
3825670,Víctor Camarasa Ferrando,66,59,89.39,3,0,2,15,0,7,3,1,1,1
3825670,Simão Mate,53,42,79.25,1,0,0,14,1,6,5,2,1,1
3825670,José Antonio García Rabasco,42,34,80.95,1,0,0,19,1,3,3,0,2,2
3825670,Álvaro Cejudo Carmona,28,21,75.0,0,0,0,14,0,6,3,3,1,0
3825670,David Navarro Pedrós,54,49,90.74,1,0,0,7,2,9,3,1,0,2
3825670,José Luis Morales Nogales,30,20,66.67,1,0,8,10,1,1,3,1,2,0
3825670,Pedro López Muñoz,72,50,69.44,1,0,5,11,2,8,2,2,0,2
3825670,Francisco Miguel Varela Martín,42,26,61.9,1,0,0,3,3,0,8,1,0,2
3825670,Antonio Adán Garrido,35,12,34.29,0,0,0,0,0,5,0,0,0,0
3825670,Antonio García Aranda,59,47,79.66,0,0,3,17,2,5,5,2,4,1
3825670,Alfred John Momar N''Diaye,30,23,76.67,0,0,0,19,1,4,14,3,2,2
3825670,Víctor Casadesús Castaño,12,6,50.0,1,0,0,5,1,1,1,1,0,2
3825670,Roger Martí Salvador,2,2,100.0,0,0,0,3,0,0,1,0,0,1
3825670,Nabil Ghilas,3,1,33.33,1,0,0,2,0,1,3,0,1,0
3825670,Rafael van der Vaart,8,6,75.0,2,0,0,5,1,0,1,0,1,0
3825670,Juan Francisco García García,0,0,0.0,0,0,0,0,0,0,0,0,0,0
3825670,Jordi Figueras Montel,2,2,100.0,0,0,0,0,1,0,0,0,0,0
3825669,Javier Guerra Rodríguez,32,23,71.88,2,0,1,18,0,3,12,1,6,4
3825669,Jozabed Sánchez Ruiz,49,42,85.71,1,1,2,18,1,4,2,2,0,4
3825669,Roberto Trashorras Gayoso,72,55,76.39,2,0,1,14,0,4,3,0,2,1
3825669,José Ignacio Martínez García,55,41,74.55,0,0,1,19,1,2,7,1,1,0
3825669,Pablo Sarabia García,39,21,53.85,1,0,6,26,2,10,4,4,1,1
3825669,José Antonio Dorado Ramírez,37,29,78.38,0,0,0,5,3,0,1,3,0,2
3825669,Víctor Rodríguez Romero,27,20,74.07,3,0,0,35,0,5,1,2,2,0
3825669,Vicente Guaita Panadero,31,10,32.26,0,0,0,0,0,4,0,0,0,0
3825669,Ángel Lafita Castillo,15,8,53.33,4,0,1,20,3,4,4,0,3,3
3825669,Roberto Román Triguero,45,38,84.44,0,0,0,11,1,4,3,1,2,1
3825669,Diego Javier Llorente Ríos,45,36,80.0,0,0,2,11,4,5,2,2,1,2
3825669,José Raúl Baena Urdiales,29,23,79.31,0,0,0,19,0,3,4,2,2,2
3825669,Adrián Embarba Blázquez,36,25,69.44,1,0,2,20,0,3,6,1,3,0
3825669,Álvaro Vázquez García,13,10,76.92,3,0,1,21,0,1,3,0,2,2
3825669,Juan Carlos Martín Corral,44,37,84.09,0,0,0,0,0,7,0,0,0,0
3825669,Emiliano Daniel Velázquez Maldonado,33,16,48.48,1,0,1,11,3,5,5,0,1,1
3825669,Roberto Lago Soto,35,25,71.43,0,0,1,16,1,2,3,1,2,2
3825669,Juan Torres Ruiz,29,21,72.41,0,0,1,11,3,1,8,1,2,1
3825669,Mehdi Lacen,34,27,79.41,0,0,1,34,1,3,4,0,1,4
3825669,Tiago Manuel Dias Correia,12,8,66.67,0,0,1,10,1,2,0,1,1,1
3825669,Juan Antonio Rodríguez Villamuela,26,19,73.08,1,0,0,19,1,8,8,3,2,3
3825669,Carlos Martín Vigaray,35,23,65.71,2,0,1,15,1,4,3,0,1,2
3825669,Patrick Ebert,30,20,66.67,2,0,2,7,0,4,3,0,0,0
3825669,Pablo Hernández Domínguez,24,19,79.17,0,0,2,7,0,1,0,0,1,0
3825669,Moisés Gómez Bordonado,11,7,63.64,0,0,1,3,0,2,0,0,1,0
3825669,Stefan Šćepović,6,2,33.33,0,0,0,5,0,1,3,1,0,1
3825669,Antonio Amaya Carazo,6,3,50.0,0,0,1,0,0,0,0,0,0,1
3825669,Abdoul Karim Yoda,3,2,66.67,0,0,2,3,0,3,0,1,0,1
3825668,Alen Halilović,37,26,70.27,3,0,5,8,0,6,0,0,2,0
3825668,Arnaldo Antonio Sanabria Ayala,28,24,85.71,3,0,2,21,1,1,6,2,2,3
3825668,Ignacio Cases Mora,50,44,88.0,2,0,1,30,0,6,1,1,3,5
3825668,Alberto Lora Ramos,48,33,68.75,0,0,0,11,2,5,2,1,0,0
3825668,Omar Mascarell González,49,37,75.51,0,0,0,32,2,3,8,4,1,0
3825668,Luis Hernández Rodríguez,62,51,82.26,0,0,0,8,4,5,3,1,1,1
3825668,Bernardo José Espinosa Zúñiga,67,45,67.16,1,0,1,12,2,11,4,0,2,2
3825668,Jonathan Rodríguez Menéndez,39,21,53.85,1,0,5,19,1,4,2,2,0,1
3825668,Roberto Canella Suárez,46,35,76.09,0,0,0,9,0,4,4,1,0,1
3825668,Rubén García Santos,32,27,84.38,0,0,1,9,1,4,5,2,0,3
3825668,Hugo Fraile Martín,18,10,55.56,0,0,1,12,0,2,5,1,1,2
3825668,Antonio García Aranda,44,29,65.91,1,0,0,5,2,5,1,4,1,1
3825668,Zouhair Feddal,36,28,77.78,1,1,0,8,3,6,3,3,0,0
3825668,Simão Mate,51,40,78.43,0,0,1,11,1,8,4,2,4,3
3825668,David Navarro Pedrós,29,25,86.21,1,0,1,4,1,2,4,0,2,0
3825668,Rubén Iván Martínez Andrade,31,14,45.16,0,0,0,0,0,13,0,0,0,0
3825668,Jefferson Andrés Lerma Solís,45,36,80.0,2,0,0,12,1,6,5,1,0,1
3825668,Deyverson Brum Silva Acosta,13,5,38.46,3,2,4,10,1,4,4,0,2,2
3825668,Víctor Camarasa Ferrando,62,56,90.32,1,0,3,9,0,1,4,1,1,1
3825668,José Luis Morales Nogales,34,24,70.59,3,0,3,7,0,9,4,2,2,1
3825668,Iván Cuéllar Sacristán,29,16,55.17,0,0,0,0,0,6,0,0,0,0
3825668,Pedro López Muñoz,54,41,75.93,0,0,2,16,3,5,4,2,2,2
3825668,Carlos Castro García,5,3,60.0,4,0,0,10,0,3,4,0,2,0
3825668,Ismael López Blanco,9,5,55.56,0,0,1,5,0,0,0,0,1,0
3825668,Jordi Xumetra Feliu,8,6,75.0,1,0,1,2,0,2,1,1,1,0
3825668,Miguel Ángel Guerrero Martín,5,1,20.0,0,0,1,7,0,0,2,0,0,1
3825668,Roger Martí Salvador,5,1,20.0,0,0,0,1,0,1,1,0,0,1
3825668,José Antonio García Rabasco,4,3,75.0,0,0,0,3,0,0,1,0,0,0
3825666,Antoine Griezmann,59,52,88.14,3,0,2,14,4,9,10,1,1,0
3825666,Fernando José Torres Sanz,15,10,66.67,1,0,6,14,0,4,2,1,2,1
3825666,Gabriel Fernández Arenas,66,55,83.33,1,0,1,19,4,3,3,3,1,2
3825666,Francisco Miguel Varela Martín,75,57,76.0,0,0,1,8,1,3,2,1,0,0
3825666,Jesús Gámez Duarte,50,37,74.0,1,0,1,16,3,1,4,4,0,1
3825666,Álvaro Cejudo Carmona,38,24,63.16,3,0,5,21,3,4,7,4,1,2
3825666,Jorge Resurrección Merodio,77,59,76.62,2,1,1,25,1,4,7,2,3,2
3825666,Didier Digard,41,30,73.17,0,0,1,13,1,1,5,3,1,0
3825666,Joaquín Sánchez Rodríguez,27,16,59.26,0,0,3,17,2,8,3,2,3,0
3825666,Tiago Cardoso Mendes,85,75,88.24,0,0,0,12,4,5,6,0,2,1
3825666,Filipe Luís Kasmirski,94,82,87.23,0,0,6,15,2,3,3,2,1,1
3825666,Cristiano Piccini,53,45,84.91,0,0,4,9,1,7,2,5,0,2
3825666,Yannick Ferreira Carrasco,63,49,77.78,1,0,2,18,0,5,6,3,2,0
3825666,Antonio Adán Garrido,19,8,42.11,0,0,0,0,0,3,0,0,0,0
3825666,Stefan Savić,30,21,70.0,0,0,0,6,1,1,2,1,0,0
3825666,Xavier Torres Buigues,22,16,72.73,0,0,0,6,0,4,1,1,0,2
3825666,Rubén Castro Martín,36,25,69.44,0,0,1,3,0,7,4,0,1,0
3825666,Diego Roberto Godín Leal,41,35,85.37,2,0,0,7,2,2,8,1,1,0
3825666,Bruno González Cabrera,59,48,81.36,2,0,1,10,1,10,1,2,0,2
3825666,Alfred John Momar N''Diaye,28,22,78.57,2,0,0,22,1,4,8,2,0,5
3825666,Heiko Westermann,53,43,81.13,0,0,1,8,2,7,5,2,0,1
3825666,Jan Oblak,19,9,47.37,0,0,0,0,0,3,0,0,1,0
3825666,Daniel Ceballos Fernández,32,25,78.12,0,0,5,6,0,4,1,2,4,0
3825666,Daniel Giménez Hernández,10,7,70.0,0,0,0,0,0,4,0,0,0,0
3825666,Luciano Vietto,11,11,100.0,0,0,1,7,1,0,1,0,1,0
3825666,Jorge Molina Vidal,5,3,60.0,0,0,0,6,0,1,0,0,0,2
3825666,Óliver Torres Muñoz,14,14,100.0,0,0,0,5,0,0,0,0,0,0
3825666,Saúl Ñíguez Esclapez,8,8,100.0,0,0,1,12,0,0,3,1,1,2
3825665,Beñat Etxebarria Urkiaga,92,69,75.0,2,0,0,16,0,7,2,1,3,2
3825665,Aymeric Laporte,79,66,83.54,0,0,1,11,2,7,3,1,1,2
3825665,Aritz Aduriz Zubeldia,32,21,65.62,3,0,2,4,0,2,5,1,0,2
3825665,Francisco Manuel Rico Castro,24,19,79.17,1,0,0,12,3,7,7,6,0,6
3825665,Mikel San José Domínguez,46,35,76.09,1,0,1,16,1,4,4,2,6,2
3825665,Iñaki Williams Arthuer,21,12,57.14,3,0,3,7,0,2,3,2,5,0
3825665,Rubén Salvador Pérez Del Mármol,34,20,58.82,1,0,0,19,2,9,7,4,2,4
3825665,Jean-Sylvain Claude Babin,14,10,71.43,0,0,0,5,1,0,5,1,0,0
3825665,Andrés Eduardo Fernández Moreno,34,13,38.24,0,0,0,0,0,6,0,0,0,0
3825665,Óscar de Marcos Arana,42,33,78.57,0,0,1,12,2,5,4,5,2,1
3825665,Adalberto Peñaranda Maestre,15,8,53.33,2,0,0,12,3,3,8,0,1,4
3825665,Xabier Etxeita Gorritxategi,59,50,84.75,0,0,0,9,0,11,5,1,1,1
3825665,Markel Susaeta Laskurain,26,18,69.23,1,0,1,10,0,3,5,2,4,1
3825665,Hugo Miguel Almeida Costa Lopes,24,17,70.83,0,0,1,4,1,3,4,3,1,1
3825665,Robert Ibáñez Castro,14,10,71.43,1,0,5,11,1,8,4,0,3,2
3825665,Mikel Balenziaga Oruesagasti,48,37,77.08,0,0,2,13,1,7,4,2,1,2
3825665,Javier Márquez Moreno,33,18,54.55,1,0,2,22,1,3,5,2,1,6
3825665,Gorka Iraizoz Moreno,56,33,58.93,0,0,0,0,0,7,0,0,0,0
3825665,Isaac Ajayi Success,17,10,58.82,2,1,2,5,0,3,3,0,5,0
3825665,Cristiano Biraghi,26,16,61.54,0,0,0,7,1,2,1,1,0,3
3825665,Raúl García Escudero,51,28,54.9,2,0,2,13,0,2,3,3,4,2
3825665,David Rodríguez Lombán,22,13,59.09,0,0,0,1,4,4,2,2,1,0
3825665,Dimitri Foulquier,7,3,42.86,0,0,1,3,1,2,0,4,2,0
3825665,Rubén Rochina Naixes,14,8,57.14,0,0,0,2,1,2,2,3,0,0
3825665,Sabin Merino Zuloaga,6,4,66.67,0,0,0,4,1,2,1,1,0,1
3825665,Nicolás Federico López Alonso,4,3,75.0,0,0,0,2,0,1,3,3,0,1
3825665,Eneko Bóveda Altube,17,8,47.06,0,0,0,4,0,1,0,0,0,0
3825665,Borja Viguera Manzanares,4,3,75.0,0,0,1,4,1,0,0,0,0,0
3825667,Cédric Bakambu,13,12,92.31,2,0,3,9,1,3,3,1,0,0
3825667,Bruno Soriano Llido,78,65,83.33,1,0,2,6,2,16,3,3,0,3
3825667,Eric Bertrand Bailly,15,12,80.0,0,0,0,5,1,0,5,1,0,0
3825667,Manuel Trigueros Muñoz,28,23,82.14,0,0,0,10,0,6,4,0,1,1
3825667,Víctor Ruíz Torre,70,59,84.29,1,0,0,5,3,7,2,2,0,0
3825667,Jaume Vicent Costa Jordá,62,54,87.1,2,1,0,7,6,6,6,6,1,1
3825667,Alphonse Areola,26,19,73.08,0,0,0,1,0,5,0,0,0,0
3825667,Sergio Enrich Ametller,27,19,70.37,3,1,1,18,1,1,8,2,3,0
3825667,Daniel García Carrillo,61,43,70.49,2,0,0,22,3,12,3,3,0,4
3825667,David Juncà Reñé,45,23,51.11,0,0,0,18,2,5,4,2,1,3
3825667,Mario Gaspar Pérez Martínez,57,42,73.68,0,0,1,8,3,7,6,1,1,1
3825667,Samuel Castillejo Azuaga,36,20,55.56,3,0,4,24,0,7,4,1,2,1
3825667,Saúl Berjón Pérez,38,22,57.89,2,0,5,11,0,3,5,2,0,1
3825667,Gonzalo Escalante,41,29,70.73,0,0,4,17,3,9,7,2,0,1
3825667,Roberto Soldado Rillo,28,16,57.14,2,0,2,9,0,1,8,2,6,0
3825667,Aleksandar Pantić,25,13,52.0,1,0,1,8,2,2,8,4,0,2
3825667,Borja González Tomás,21,15,71.43,6,0,2,13,0,4,3,0,2,1
3825667,Mauro Javier Dos Santos,21,10,47.62,1,0,0,12,1,1,3,4,0,0
3825667,Denis Suárez Fernández,54,32,59.26,1,0,3,13,2,4,2,8,2,0
3825667,Borja Ekiza Imaz,44,24,54.55,0,0,0,7,1,5,0,3,0,2
3825667,Sergio Gontán Gallardo,32,20,62.5,2,0,1,21,1,11,5,1,1,2
3825667,Asier Riesgo Unamuno,25,12,48.0,0,0,0,0,0,6,0,0,0,0
3825667,Daniele Bonera,20,18,90.0,0,0,0,4,4,1,0,3,1,1
3825667,Jonathan dos Santos Ramírez,34,26,76.47,0,0,4,5,1,8,5,1,0,0
3825667,Samuel García Sánchez,10,5,50.0,0,0,0,6,0,2,3,0,0,0
3825667,Iván Ramis Barrios,5,4,80.0,0,0,1,2,0,0,1,1,0,0
3825667,Takashi Inui,7,4,57.14,0,0,0,5,0,0,1,0,0,0
3825667,Antonio Manuel Luna Rodríguez,6,3,50.0,0,0,0,1,0,2,0,0,0,0
3825664,Imanol Agirretxe Arruti,23,15,65.22,2,1,0,14,0,4,8,3,2,0
3825664,Rubén Pardo Gutiérrez,65,52,80.0,0,0,0,16,0,7,4,1,1,0
3825664,Armindo Tué Na Bangna,34,21,61.76,1,0,3,10,2,5,1,0,0,0
3825664,Benoît Trémoulinas,42,29,69.05,0,0,1,2,3,6,5,2,0,0
3825664,Asier Illarramendi Andonegi,55,43,78.18,1,0,1,20,5,7,7,4,4,1
3825664,Ciro Immobile,11,6,54.55,1,0,1,21,0,1,1,2,0,1
3825664,Vicente Iborra De La Fuente,35,18,51.43,3,0,0,17,0,2,8,1,2,2
3825664,José Antonio Reyes Calderón,24,15,62.5,1,0,1,20,1,7,3,2,0,0
3825664,Mikel González de Martín Martínez,51,42,82.35,0,0,1,2,5,3,5,2,1,1
3825664,Marco Andreolli,6,3,50.0,0,0,0,0,0,0,0,0,0,2
3825664,Grzegorz Krychowiak,43,35,81.4,0,0,1,23,5,6,2,5,1,3
3825664,Xabier Prieto Argarate,60,47,78.33,4,1,1,11,0,6,3,0,3,0
3825664,Sergio Canales Madrazo,34,26,76.47,3,0,2,16,2,4,3,0,2,0
3825664,Sergio Rico González,28,15,53.57,0,0,0,0,0,5,0,0,0,0
3825664,Íñigo Martínez Berridi,47,35,74.47,0,0,0,8,5,6,7,2,0,2
3825664,Yuri Berchiche Izeta,60,54,90.0,1,0,3,12,3,6,7,1,1,1
3825664,Víctor Machín Pérez,24,14,58.33,2,0,3,24,1,7,2,4,3,3
3825664,Mariano Ferreira Filho,53,37,69.81,1,0,1,12,4,6,2,1,0,1
3825664,Adil Rami,38,26,68.42,1,0,0,4,1,7,2,2,0,0
3825664,Aritz Elustondo Irribaria,69,55,79.71,1,0,2,14,3,6,6,2,0,1
3825664,Steven N''Kemboanza Mike Christopher Nzonzi,26,16,61.54,2,0,1,24,2,1,4,3,0,1
3825664,Gerónimo Rulli,41,17,41.46,0,0,0,1,0,4,0,0,0,0
3825664,Timothée Kolodziejczak,33,22,66.67,1,0,1,5,0,2,3,1,0,2
3825664,Mikel Oyarzabal Ugarte,12,6,50.0,1,0,2,2,0,2,1,1,0,0
3825664,Yevhen Konoplyanka,10,6,60.0,1,0,1,3,0,1,1,0,0,0
3825664,Kevin Gameiro,5,5,100.0,0,0,0,3,0,1,1,0,0,0
3825664,Markel Bergara Larrañaga,2,2,100.0,0,0,0,1,0,0,1,0,0,0
3825662,Iago Aspas Juncal,20,14,70.0,2,0,2,20,0,4,5,1,1,2
3825662,Pedro Pablo Hernández,39,31,79.49,1,0,1,13,0,5,5,0,4,3
3825662,Andreu Fontàs Prat,26,23,88.46,0,0,0,7,2,0,3,1,0,0
3825662,Sidnei Rechel da Silva Júnior,35,24,68.57,0,0,0,7,1,12,1,2,1,0
3825662,Augusto Matías Fernández,86,71,82.56,0,0,6,19,2,14,6,2,4,0
3825662,Jonathan Javier Rodríguez Portillo,9,5,55.56,2,0,1,15,1,0,2,1,0,1
3825662,Hugo Mallo Novegil,52,41,78.85,1,0,0,14,1,4,2,3,0,4
3825662,Manuel Agudo Durán,43,30,69.77,3,0,3,19,0,5,3,1,1,3
3825662,Alejandro Arribas Garrido,27,19,70.37,0,0,2,9,3,2,6,1,1,1
3825662,Juan Francisco Moreno Fuertes,35,20,57.14,1,0,3,11,7,10,4,2,1,1
3825662,Germán Darío Lux,32,11,34.38,0,0,0,0,0,2,0,0,0,0
3825662,Jonathan Castro Otto,60,54,90.0,0,0,1,16,7,12,0,3,3,1
3825662,Daniel Wass,60,46,76.67,0,0,1,11,0,5,0,2,0,1
3825662,Sergi Gómez Solà,45,38,84.44,0,0,1,4,7,7,3,1,1,1
3825662,Fernando Navarro i Corbacho,44,35,79.55,0,0,1,11,5,5,5,0,2,1
3825662,Pedro Mosquera Parada,37,28,75.68,0,0,1,42,4,5,7,3,1,5
3825662,Fabián Ariel Orellana Valenzuela,35,23,65.71,0,0,7,11,1,4,1,2,1,1
3825662,Lucas Pérez Martínez,16,12,75.0,1,1,1,26,1,4,3,0,2,1
3825662,Luis Carlos Correia Pinto,19,8,42.11,1,0,3,8,3,4,1,0,5,1
3825662,Sergio Álvarez Conde,34,22,64.71,0,0,0,0,0,8,0,0,0,0
3825662,Alejandro Bergantiños García,35,29,82.86,0,0,0,26,0,5,10,2,0,3
3825662,Rubén Gracia Calmache,35,19,54.29,0,0,5,8,1,5,4,2,1,1
3825662,Carles Planas Antolínez,30,25,83.33,0,0,0,6,2,2,5,1,0,0
3825662,Fayçal Fajr,15,11,73.33,0,0,0,9,1,3,2,0,0,1
3825662,John Guidetti,5,2,40.0,0,0,0,6,1,1,3,0,1,0
3825662,Laureano Sanabria Ruiz,6,4,66.67,0,0,1,3,1,3,0,0,0,0
3825662,Jonás Manuel Gutiérrez,7,3,42.86,0,0,0,2,1,2,3,0,1,1
3825888,Sofiane Feghouli,26,16,61.54,1,0,1,15,1,5,1,3,0,3
3825888,Francisco Alcácer García,18,15,83.33,3,1,0,22,1,2,5,0,0,2
3825888,Shkodran Mustafi,32,26,81.25,0,0,1,18,1,3,6,0,0,1
3825888,Aythami Artiles Oliva,57,44,77.19,0,0,0,7,1,4,1,1,2,1
3825888,Javier Varas Herrera,47,33,70.21,0,0,0,0,0,5,0,0,0,0
3825888,Dani Castellano Betancor,62,45,72.58,0,0,3,8,6,5,2,5,2,0
3825888,Jonathan Viera Ramos,55,41,74.55,3,1,4,26,0,6,4,1,5,1
3825888,Daniel Parejo Muñoz,40,29,72.5,1,0,1,28,3,2,3,2,0,2
3825888,João Pedro Cavaco Cancelo,39,29,74.36,0,0,6,28,8,5,4,1,1,5
3825888,Javier Fuego Martínez,29,26,89.66,0,0,0,21,1,0,2,1,0,4
3825888,Aymen Abdennour,36,28,77.78,1,0,0,13,5,4,2,0,0,0
3825888,José Vicente Gómez Umpiérrez,75,66,88.0,2,0,1,10,0,5,10,1,5,1
3825888,Sergio Ezequiel Araújo,32,27,84.38,2,0,5,14,0,3,12,0,0,0
3825888,Pedro Taunausú Domínguez Placeres,40,36,90.0,3,0,4,35,1,3,7,2,2,5
3825888,José Luis Gayà Peña,42,31,73.81,1,0,1,16,0,4,5,2,1,0
3825888,Santiago Mina Lorenzo,24,17,70.83,2,0,6,26,1,1,4,2,5,1
3825888,David Simón Rodríguez Santana,47,41,87.23,0,0,1,17,3,3,4,0,1,2
3825888,Jerónimo Figueroa Cabrera,45,38,84.44,3,0,6,10,0,4,4,0,0,2
3825888,Roque Mesa Quevedo,73,68,93.15,2,0,4,10,1,8,1,0,3,0
3825888,Jaume Doménech Sánchez,25,9,36.0,0,0,0,0,0,1,0,0,0,0
3825888,Pedro Bigas Rigo,75,67,89.33,1,0,0,6,0,2,2,2,0,0
3825888,André Filipe Tavares Gomes,48,40,83.33,0,0,7,32,1,6,10,0,5,4
3825888,Enzo Nicolás Pérez,18,14,77.78,0,0,2,10,0,2,0,5,1,2
3825888,Zakaria Bakkali,6,3,50.0,0,0,0,3,0,1,0,0,2,0
3825888,Rúben Miguel Nunes Vezo,12,8,66.67,0,0,0,5,2,2,0,0,0,0
3825888,Nabil El Zhar,4,3,75.0,1,0,0,1,0,2,2,0,0,2
3825888,Hernán Daniel Santana Trujillo,8,6,75.0,1,0,0,5,1,0,1,0,1,1
3825888,Juan Emmanuel Culio,10,10,100.0,0,0,1,0,0,1,0,0,0,0
3825663,Charles Días Barbosa de Oliveira,25,19,76.0,3,0,0,14,0,2,3,1,2,1
3825663,Nordin Amrabat,18,14,77.78,4,0,3,15,0,2,4,0,2,3
3825663,Pablo Fornals Malla,66,54,81.82,2,0,1,14,2,7,3,1,3,1
3825663,Marcos Alberto Angeleri,46,36,78.26,0,0,0,7,4,7,4,0,1,0
3825663,Felipe Salvador Caicedo Corozo,21,16,76.19,0,0,5,13,0,3,3,4,3,0
3825663,Roberto José Rosales Altuve,55,40,72.73,0,0,0,9,4,6,4,2,0,2
3825663,Víctor Sánchez Mata,30,28,93.33,1,0,0,31,2,6,7,2,0,5
3825663,Víctor Guillermo Álvarez Delgado,16,5,31.25,0,0,1,10,1,3,0,3,1,0
3825663,Sérgio Paulo Barbosa Valente,60,35,58.33,2,0,4,10,1,6,5,1,2,0
3825663,Juan Rafael Fuentes Hernández,13,9,69.23,0,0,0,9,0,1,2,1,2,1
3825663,Enzo Pablo Roco Roco,24,17,70.83,2,0,0,9,3,2,1,3,1,2
3825663,Álvaro González Soberón,31,19,61.29,0,0,0,6,1,2,5,2,0,2
3825663,Pau López Sabata,26,10,38.46,0,0,0,0,0,5,0,0,1,0
3825663,Papa Kouly Diop,45,38,84.44,0,0,0,9,1,8,5,7,0,3
3825663,Marco Asensio Willemsen,40,31,77.5,1,0,3,16,1,7,3,3,2,2
3825663,Javier López Rodríguez,38,25,65.79,1,0,1,14,3,2,6,2,1,1
3825663,Weligton Róbson Pena de Oliveira,37,29,78.38,0,0,0,7,1,5,2,0,0,3
3825663,Juan Carlos Pérez López,36,29,80.56,1,0,1,11,0,2,6,2,2,1
3825663,Fernando Damián Tissone,75,61,81.33,0,0,2,13,1,6,1,3,3,2
3825663,Arthur Etienne Boka,25,21,84.0,0,0,1,5,1,2,2,2,2,1
3825663,Hernán Arsenio Pérez González,37,18,48.65,3,2,10,18,1,9,0,3,3,4
3825663,Idriss Carlos Kameni,18,15,83.33,0,0,0,0,0,4,0,0,0,0
3825663,Javier Ontiveros Parra,30,22,73.33,1,0,2,13,1,8,3,1,0,4
3825663,Rubén Duarte Sánchez,26,14,53.85,0,0,2,7,0,2,1,2,1,1
3825663,Ricardo Jorge Luz Horta,15,11,73.33,1,0,2,6,0,3,0,0,0,1
3825663,Jorge Franco Alviz,11,7,63.64,0,0,0,2,0,1,0,0,2,0
3825663,Adnane Tighadouini,7,6,85.71,1,0,2,5,0,1,0,1,1,0
3825663,Gerard Moreno Balaguero,3,2,66.67,0,0,1,0,0,1,0,0,0,0
3825659,Beñat Etxebarria Urkiaga,46,25,54.35,0,0,2,27,2,7,4,2,4,5
3825659,Raúl García Escudero,30,20,66.67,2,1,2,28,3,3,10,2,2,4
3825659,Carlos Gurpegi Nausia,35,27,77.14,1,0,0,10,4,3,4,1,4,1
3825659,Felipe Salvador Caicedo Corozo,19,15,78.95,1,0,5,7,0,2,3,1,0,3
3825659,Víctor Sánchez Mata,39,24,61.54,1,0,2,21,1,7,7,2,5,2
3825659,Víctor Guillermo Álvarez Delgado,18,6,33.33,0,0,2,14,0,3,4,2,1,1
3825659,Óscar de Marcos Arana,32,22,68.75,0,0,0,15,2,5,6,3,2,0
3825659,Juan Rafael Fuentes Hernández,43,32,74.42,0,0,0,6,0,2,1,2,0,2
3825659,Iñaki Williams Arthuer,13,6,46.15,2,1,4,16,1,3,4,2,3,0
3825659,Marco Asensio Willemsen,49,35,71.43,0,0,7,19,0,8,3,1,3,2
3825659,Xabier Etxeita Gorritxategi,22,16,72.73,0,0,0,7,0,4,6,1,1,0
3825659,Aritz Aduriz Zubeldia,24,14,58.33,1,0,5,10,0,2,8,1,3,3
3825659,Sabin Merino Zuloaga,12,4,33.33,0,0,2,6,0,5,3,0,0,1
3825659,Javier López Rodríguez,46,36,78.26,0,0,3,15,0,6,7,2,3,3
3825659,Papa Kouly Diop,52,39,75.0,0,0,0,10,1,3,9,1,1,1
3825659,Gorka Iraizoz Moreno,41,20,48.78,0,0,0,0,0,4,0,0,0,0
3825659,Enzo Pablo Roco Roco,32,27,84.38,0,0,1,6,1,5,7,3,0,2
3825659,Pau López Sabata,27,17,62.96,0,0,0,0,0,6,0,0,0,0
3825659,Hernán Arsenio Pérez González,35,22,62.86,3,1,6,19,0,3,5,1,2,8
3825659,Álvaro González Soberón,48,44,91.67,0,0,0,6,2,4,6,1,1,1
3825659,Mikel San José Domínguez,38,27,71.05,1,0,0,13,6,2,3,0,3,1
3825659,Mikel Balenziaga Oruesagasti,37,29,78.38,0,0,1,11,2,4,1,3,3,0
3825659,Markel Susaeta Laskurain,4,3,75.0,1,0,1,13,1,2,5,1,1,1
3825659,Jorge Franco Alviz,9,9,100.0,0,0,1,1,0,1,2,0,0,0
3825659,Eneko Bóveda Altube,6,4,66.67,0,0,0,6,0,2,2,0,1,1
3825659,Mamadou Sylla Diallo,3,0,0.0,0,0,1,1,0,1,1,0,1,2
3825659,Gorka Elustondo Urkola,3,1,33.33,0,0,0,2,0,0,0,0,0,0
3825659,Abraham González Casanova,1,0,0.0,0,0,0,0,0,1,1,0,0,0
3825658,Jackson Arley Martínez Valencia,34,26,76.47,2,0,1,9,2,2,7,2,5,3
3825658,Jorge Resurrección Merodio,56,44,78.57,2,0,2,10,0,2,3,0,1,1
3825658,Tiago Cardoso Mendes,86,63,73.26,1,0,0,13,2,2,7,1,2,2
3825658,Miguel Ángel Guerrero Martín,4,1,25.0,1,0,1,5,0,0,2,0,0,1
3825658,Filipe Luís Kasmirski,92,76,82.61,0,0,4,14,6,9,5,1,2,2
3825658,Alen Halilović,9,4,44.44,1,0,3,6,0,5,4,0,3,0
3825658,Antoine Griezmann,50,37,74.0,4,1,2,10,1,4,7,2,1,0
3825658,Sergio Álvarez Díaz,7,3,42.86,0,0,0,2,0,2,0,1,0,0
3825658,Gabriel Fernández Arenas,108,86,79.63,1,0,0,14,1,8,6,1,0,0
3825658,Diego Roberto Godín Leal,56,46,82.14,1,0,1,5,3,4,9,1,0,2
3825658,Alberto Lora Ramos,23,11,47.83,0,0,0,7,1,7,4,2,0,1
3825658,Yannick Ferreira Carrasco,48,35,72.92,3,0,8,10,1,7,3,2,3,1
3825658,Pablo Pérez Rodríguez,26,13,50.0,2,0,2,4,2,3,13,1,1,5
3825658,Luis Hernández Rodríguez,40,20,50.0,0,0,0,1,2,7,2,3,1,3
3825658,Juan Francisco Torres Belén,30,22,73.33,0,0,0,1,0,2,0,0,1,0
3825658,Jonathan Rodríguez Menéndez,18,10,55.56,2,0,5,9,2,5,2,3,0,1
3825658,Stefan Savić,52,42,80.77,0,0,0,17,4,3,4,1,0,2
3825658,Jan Oblak,20,14,70.0,0,0,0,0,0,4,0,0,0,0
3825658,Bernardo José Espinosa Zúñiga,42,23,54.76,1,0,0,2,1,5,7,4,2,2
3825658,Omar Mascarell González,26,18,69.23,0,0,1,7,4,2,3,2,0,2
3825658,Alejandro Menéndez Díez,37,20,54.05,2,0,1,5,3,11,1,4,0,1
3825658,Iván Cuéllar Sacristán,44,18,40.91,0,0,0,0,0,6,0,0,1,0
3825658,Ignacio Cases Mora,16,9,56.25,0,0,1,7,1,5,4,2,3,1
3825658,Carlos Castro García,8,7,87.5,0,0,5,2,0,2,10,0,2,1
3825658,Jesús Gámez Duarte,44,29,65.91,1,0,2,13,0,5,6,2,2,1
3825658,Ángel Martín Correa,11,9,81.82,0,0,0,6,1,0,1,0,0,0
3825658,Óliver Torres Muñoz,14,10,71.43,0,0,0,4,0,0,2,0,0,0
3825658,Hugo Fraile Martín,3,1,33.33,0,0,1,4,0,2,0,0,0,0
3825660,Neymar da Silva Santos Junior,72,54,75.0,4,2,5,14,2,5,2,1,5,2
3825660,Luis Alberto Suárez Díaz,26,19,73.08,7,1,1,9,0,2,1,2,3,1
3825660,Sergio Busquets i Burgos,94,85,90.43,0,0,0,20,5,6,4,3,5,2
3825660,Andrés Iniesta Luján,71,57,80.28,2,0,3,23,2,5,3,0,4,0
3825660,Jérémy Mathieu,60,53,88.33,2,0,0,11,0,2,4,1,0,2
3825660,Gerard Piqué Bernabéu,58,52,89.66,0,0,0,6,3,3,1,1,0,1
3825660,Jordi Alba Ramos,93,84,90.32,0,0,0,8,7,3,3,2,0,1
3825660,Mario Gaspar Pérez Martínez,48,31,64.58,1,0,1,8,0,8,2,2,0,1
3825660,Bruno Soriano Llido,55,42,76.36,1,0,1,6,2,2,3,2,1,1
3825660,Daniele Bonera,36,29,80.56,0,0,0,3,1,0,1,2,1,1
3825660,Tomás Pina Isla,25,17,68.0,0,0,0,11,1,1,4,3,2,4
3825660,Samuel Castillejo Azuaga,27,15,55.56,1,0,6,11,2,5,4,2,1,1
3825660,Roberto Soldado Rillo,31,21,67.74,1,0,2,13,0,4,3,0,4,4
3825660,Daniel Alves da Silva,83,71,85.54,2,0,3,11,3,9,0,2,3,3
3825660,Denis Suárez Fernández,23,17,73.91,1,0,3,19,3,2,2,0,5,1
3825660,Sergi Roberto Carnicer,65,57,87.69,2,0,3,13,0,5,0,1,1,3
3825660,Munir El Haddadi Mohamed,31,23,74.19,1,0,1,6,1,3,4,0,2,0
3825660,Jaume Vicent Costa Jordá,28,23,82.14,0,0,0,6,3,0,1,1,0,2
3825660,Víctor Ruíz Torre,32,21,65.62,0,0,0,8,3,2,1,2,0,4
3825660,Jonathan dos Santos Ramírez,57,48,84.21,0,0,1,24,2,5,5,3,0,4
3825660,Alphonse Areola,26,15,57.69,0,0,0,0,0,5,0,0,0,0
3825660,Claudio Andrés Bravo Muñoz,23,22,95.65,0,0,1,0,0,0,0,0,0,0
3825660,Cédric Bakambu,5,3,60.0,0,0,0,8,0,0,1,0,0,0
3825660,Samuel García Sánchez,8,7,87.5,0,0,0,5,1,1,2,0,0,2
3825660,Marc Bartra Aregall,8,6,75.0,0,0,0,0,0,0,0,0,1,0
3825660,Sandro Ramírez Castillo,3,2,66.67,0,0,0,0,0,0,0,0,0,0
3825661,Gareth Frank Bale,46,35,76.09,8,0,4,11,0,4,2,0,1,1
3825661,Francisco Román Alarcón Suárez,52,49,94.23,1,0,5,7,1,5,2,0,4,1
3825661,Sergio Ramos García,29,26,89.66,1,1,0,1,0,1,1,1,2,0
3825661,Cristiano Ronaldo dos Santos Aveiro,32,25,78.12,5,0,5,3,0,0,6,1,0,0
3825661,Mariano Ferreira Filho,64,44,68.75,2,0,1,8,1,6,5,2,0,0
3825661,Víctor Machín Pérez,62,52,83.87,0,0,5,24,1,5,4,3,1,3
3825661,Ciro Immobile,7,7,100.0,3,1,1,24,0,1,3,2,1,5
3825661,Carlos Henrique Casimiro,57,50,87.72,3,0,1,21,3,3,4,1,1,3
3825661,Francisco Casilla Cortés,21,14,66.67,0,0,0,0,0,5,0,0,0,0
3825661,José Ignacio Fernández Iglesias,58,49,84.48,1,0,2,8,5,5,1,3,4,1
3825661,Luka Modrić,80,68,85.0,3,0,2,11,3,3,1,2,0,1
3825661,Steven N''Kemboanza Mike Christopher Nzonzi,60,51,85.0,0,0,1,18,1,3,0,3,0,0
3825661,Kléper Laveran Lima Ferreira,46,43,93.48,0,0,0,6,0,4,2,2,0,1
3825661,Toni Kroos,68,65,95.59,2,0,0,18,0,3,1,2,1,1
3825661,Danilo Luiz da Silva,61,55,90.16,0,0,0,15,0,5,0,3,2,2
3825661,Marco Andreolli,24,24,100.0,0,0,0,9,0,1,2,2,0,0
3825661,Sergio Rico González,30,23,76.67,0,0,0,0,0,3,0,0,1,0
3825661,Adil Rami,38,33,86.84,0,0,0,3,0,1,1,2,0,0
3825661,Grzegorz Krychowiak,41,37,90.24,1,0,0,16,3,7,4,1,1,3
3825661,Yevhen Konoplyanka,41,35,85.37,3,0,7,11,1,4,3,1,3,3
3825661,Éver Maximiliano David Banega,29,24,82.76,3,1,4,27,0,6,3,1,2,1
3825661,Benoît Trémoulinas,60,49,81.67,2,0,0,2,1,2,3,2,1,0
3825661,Raphaël Varane,31,27,87.1,1,0,0,3,2,5,3,0,0,0
3825661,James David Rodríguez Rubio,25,22,88.0,3,1,0,2,0,0,0,0,0,1
3825661,Fernando Llorente Torres,7,7,100.0,1,1,0,6,1,1,1,0,0,0
3825661,Michael Krohn-Dehli,24,23,95.83,0,0,1,5,0,0,0,0,1,0
3825661,Jesé Rodríguez Ruiz,6,5,83.33,0,0,1,2,0,2,0,0,0,1
3825661,Timothée Kolodziejczak,14,14,100.0,0,0,0,1,0,0,0,0,0,0
3825656,Roger Martí Salvador,15,12,80.0,3,0,1,11,0,3,3,0,1,1
3825656,Zouhair Feddal,54,46,85.19,1,0,1,4,3,4,3,1,0,1
3825656,David Navarro Pedrós,45,33,73.33,2,0,0,5,1,4,3,0,0,0
3825656,Lucas Pérez Martínez,17,15,88.24,3,1,3,9,0,1,4,1,1,0
3825656,Alejandro Arribas Garrido,40,27,67.5,0,0,1,9,5,2,2,1,1,0
3825656,Rubén García Santos,54,33,61.11,1,0,5,18,0,8,8,4,0,2
3825656,Sidnei Rechel da Silva Júnior,44,31,70.45,0,0,0,2,3,8,5,1,1,0
3825656,Pedro López Muñoz,64,51,79.69,0,0,1,15,3,3,2,2,2,1
3825656,Rubén Iván Martínez Andrade,24,14,58.33,0,0,0,0,0,5,0,0,1,0
3825656,Antonio García Aranda,53,42,79.25,0,0,2,10,2,9,2,1,1,3
3825656,Federico Nicolás Cartabia,13,6,46.15,2,0,0,9,1,3,4,4,1,0
3825656,José Luis Morales Nogales,35,25,71.43,4,0,7,16,1,4,5,2,2,0
3825656,Fernando Navarro i Corbacho,45,30,66.67,0,0,0,11,1,4,3,3,1,2
3825656,Víctor Camarasa Ferrando,49,40,81.63,1,1,2,12,0,7,1,0,3,0
3825656,Celso Borges Mora,35,30,85.71,0,0,0,12,1,3,7,1,1,2
3825656,Jefferson Andrés Lerma Solís,15,10,66.67,2,0,1,9,1,4,2,1,1,0
3825656,Laureano Sanabria Ruiz,35,25,71.43,0,0,0,2,2,5,2,4,0,1
3825656,Germán Darío Lux,33,8,24.24,0,0,0,1,0,1,0,0,0,0
3825656,Jonás Manuel Gutiérrez,23,9,39.13,0,0,1,9,1,5,5,0,1,1
3825656,Fayçal Fajr,47,33,70.21,0,0,1,12,1,2,4,3,2,0
3825656,Simão Mate,56,39,69.64,0,0,1,13,5,5,5,1,0,3
3825656,Pedro Mosquera Parada,58,44,75.86,2,0,0,16,1,7,6,5,1,3
3825656,Víctor Casadesús Castaño,27,15,55.56,1,0,2,7,0,3,4,1,0,3
3825656,Juan Francisco Moreno Fuertes,20,16,80.0,1,0,1,3,0,4,3,0,3,0
3825656,Oriol Riera Magem,13,9,69.23,1,0,0,2,0,1,1,1,2,2
3825656,Nabil Ghilas,1,0,0.0,1,0,0,7,0,0,1,1,0,1
3825656,José Antonio García Rabasco,9,7,77.78,1,0,0,6,0,1,0,2,0,0
3825656,Rubén Gracia Calmache,3,3,100.0,0,0,0,0,0,0,0,1,0,0
3825657,Rafael van der Vaart,37,18,48.65,2,0,0,22,2,3,7,2,4,2
3825657,Rubén Castro Martín,29,20,68.97,4,1,2,5,0,3,3,0,1,0
3825657,Joaquín Sánchez Rodríguez,39,26,66.67,0,0,3,16,1,4,4,4,1,1
3825657,Sérgio Paulo Barbosa Valente,63,34,53.97,1,0,5,16,2,11,3,2,4,1
3825657,Bruno González Cabrera,27,22,81.48,0,0,1,7,2,4,3,2,1,1
3825657,Adnane Tighadouini,30,19,63.33,3,0,5,12,0,3,5,1,0,1
3825657,Cristiano Piccini,37,27,72.97,0,0,4,16,0,7,1,3,0,5
3825657,Juan Carlos Pérez López,22,20,90.91,2,0,0,11,1,4,7,1,1,0
3825657,Petros Matheus dos Santos Araújo,33,25,75.76,0,0,0,21,0,4,7,2,2,1
3825657,Álvaro Cejudo Carmona,28,22,78.57,1,0,3,14,3,6,4,2,7,4
3825657,Weligton Róbson Pena de Oliveira,53,36,67.92,1,0,0,9,3,8,2,2,1,0
3825657,Charles Días Barbosa de Oliveira,26,21,80.77,4,0,1,13,0,1,7,1,0,4
3825657,José Luis García del Pozo,41,33,80.49,0,0,5,22,2,8,5,2,1,5
3825657,Didier Digard,17,13,76.47,0,0,2,4,0,3,3,0,2,0
3825657,Fernando Damián Tissone,59,42,71.19,0,0,2,23,2,9,4,0,1,4
3825657,Roberto José Rosales Altuve,62,39,62.9,0,0,3,19,0,6,5,1,2,2
3825657,Marcos Alberto Angeleri,39,31,79.49,1,0,1,12,2,6,3,2,0,3
3825657,Francisco Miguel Varela Martín,40,31,77.5,0,0,0,7,3,2,3,4,1,1
3825657,Heiko Westermann,32,24,75.0,0,0,1,8,5,2,2,1,2,0
3825657,Antonio Adán Garrido,32,7,21.88,0,0,0,0,0,6,0,0,0,0
3825657,Idriss Carlos Kameni,25,20,80.0,0,0,0,0,0,4,0,0,0,0
3825657,Arthur Etienne Boka,56,43,76.79,0,0,0,15,1,6,3,3,4,2
3825657,Xavier Torres Buigues,15,9,60.0,0,0,0,7,0,2,1,2,2,0
3825657,Daniel Ceballos Fernández,5,5,100.0,0,0,1,7,0,1,3,1,0,2
3825657,Duje Čop,10,6,60.0,0,0,0,2,0,1,0,1,2,0
3825657,Ricardo Jorge Luz Horta,3,3,100.0,0,0,0,0,0,0,0,0,0,0
3825657,Francisco José Molinero Calderón,2,0,0.0,0,0,0,1,0,0,2,1,0,0
3825657,Hachim Mastour,2,1,50.0,0,0,0,2,0,0,1,1,0,1
3825657,Ricky van Wolfswinkel,0,0,0.0,0,0,0,0,0,0,0,0,0,0
3825652,Pedro Taunausú Domínguez Placeres,41,31,75.61,1,0,4,36,1,6,5,3,4,2
3825652,Sergio Ezequiel Araújo,25,20,80.0,2,1,2,13,0,5,10,0,2,3
3825652,Aythami Artiles Oliva,34,20,58.82,0,0,0,11,5,3,3,2,1,1
3825652,Javier Varas Herrera,43,14,32.56,0,0,1,0,0,6,0,0,0,0
3825652,Markel Bergara Larrañaga,54,41,75.93,0,0,0,18,5,8,2,2,1,4
3825652,Roque Mesa Quevedo,46,38,82.61,1,0,4,19,0,5,3,0,0,0
3825652,David Simón Rodríguez Santana,55,39,70.91,0,0,1,23,0,10,4,7,0,3
3825652,Nabil El Zhar,25,18,72.0,0,0,6,21,0,6,2,1,0,5
3825652,Yuri Berchiche Izeta,57,41,71.93,1,0,1,11,3,8,9,4,6,1
3825652,Imanol Agirretxe Arruti,24,18,75.0,5,0,1,4,0,3,3,0,2,0
3825652,Gonzalo Castro Irizábal,31,21,67.74,0,0,3,3,1,6,3,1,1,1
3825652,Xabier Prieto Argarate,48,32,66.67,0,0,0,4,0,7,1,2,2,1
3825652,Javier Garrido Behovide,48,37,77.08,0,0,0,11,0,2,3,2,0,1
3825652,Jonathan Viera Ramos,24,16,66.67,4,1,1,16,0,4,5,0,2,0
3825652,Diego Antonio Reyes Rosales,46,31,67.39,1,0,2,4,2,3,1,1,0,0
3825652,Íñigo Martínez Berridi,43,37,86.05,0,0,1,4,2,4,3,1,1,2
3825652,Carlos Alberto Vela Garrido,23,16,69.57,0,0,2,7,0,1,1,0,3,3
3825652,Pedro Bigas Rigo,34,29,85.29,0,0,2,15,3,4,3,4,3,1
3825652,Carlos Martínez Díez,53,34,64.15,0,0,1,9,3,6,0,3,0,0
3825652,Gerónimo Rulli,25,17,68.0,0,0,0,0,0,4,0,0,0,0
3825652,Asier Illarramendi Andonegi,59,49,83.05,1,0,0,16,2,3,2,1,1,2
3825652,José Vicente Gómez Umpiérrez,55,47,85.45,0,0,1,23,1,10,7,1,3,2
3825652,Armindo Tué Na Bangna,20,18,90.0,0,0,3,1,2,1,1,1,1,1
3825652,Sergio Canales Madrazo,21,15,71.43,3,0,4,6,0,6,3,2,1,1
3825652,Jerónimo Figueroa Cabrera,12,10,83.33,0,0,3,7,1,2,0,0,0,1
3825652,Rubén Pardo Gutiérrez,16,14,87.5,0,0,0,3,0,1,1,0,0,0
3825652,Willian José da Silva,10,8,80.0,1,0,0,0,1,1,3,0,0,0
3825652,Juan Carlos Valerón Santana,8,8,100.0,0,0,1,0,0,0,1,0,0,0
3825623,Francisco Alcácer García,12,8,66.67,1,0,1,10,0,4,6,0,1,1
3825623,Santiago Mina Lorenzo,25,17,68.0,1,0,4,23,3,2,9,1,1,3
3825623,Javier Fuego Martínez,50,42,84.0,1,0,0,32,3,10,3,2,2,3
3825623,Aderllan Leandro de Jesus Santos,37,30,81.08,0,0,1,12,2,2,4,1,2,1
3825623,Shkodran Mustafi,54,45,83.33,0,0,0,10,9,6,5,1,0,1
3825623,Weligton Róbson Pena de Oliveira,35,23,65.71,1,0,0,5,5,7,2,2,1,2
3825623,Juan Carlos Pérez López,22,18,81.82,1,0,2,3,0,3,5,0,0,0
3825623,Daniel Parejo Muñoz,43,37,86.05,2,1,3,44,2,6,7,3,4,1
3825623,Miguel Torres Gómez,52,36,69.23,0,0,0,17,3,2,2,3,1,2
3825623,Ignacio Camacho Barnola,60,46,76.67,1,0,1,21,3,3,8,4,3,3
3825623,André Filipe Tavares Gomes,42,34,80.95,1,1,8,28,2,6,2,2,2,3
3825623,Pablo Fornals Malla,59,48,81.36,3,0,0,22,5,11,5,1,1,1
3825623,Sérgio Paulo Barbosa Valente,63,36,57.14,1,0,5,16,2,4,4,0,6,4
3825623,João Pedro Cavaco Cancelo,55,43,78.18,0,0,4,21,2,7,5,0,3,3
3825623,Jaume Doménech Sánchez,32,17,53.12,0,0,0,0,0,4,0,0,1,0
3825623,José Luis Gayà Peña,63,43,68.25,0,0,4,10,1,2,2,1,0,1
3825623,Pablo Daniel Piatti,30,20,66.67,0,0,6,22,4,3,5,4,3,2
3825623,Marcos Alberto Angeleri,7,6,85.71,0,0,0,4,0,0,2,0,0,1
3825623,Idriss Carlos Kameni,23,17,73.91,0,0,0,0,0,3,0,0,0,0
3825623,Roberto José Rosales Altuve,48,33,68.75,0,0,3,17,3,8,7,3,1,1
3825623,Charles Días Barbosa de Oliveira,15,13,86.67,1,0,2,18,0,1,7,2,0,1
3825623,Ricardo Jorge Luz Horta,14,11,78.57,0,0,1,7,1,1,0,0,1,1
3825623,Raúl Albentosa Redal,20,14,70.0,1,0,1,5,3,1,2,0,1,2
3825623,Duje Čop,26,19,73.08,1,0,2,17,1,2,3,1,1,2
3825623,Zakaria Bakkali,7,5,71.43,1,0,2,7,0,2,2,1,0,0
3825623,Adnane Tighadouini,17,11,64.71,0,0,4,3,0,2,1,0,2,0
3825623,Sofiane Feghouli,7,3,42.86,0,0,0,3,1,1,0,0,0,1
3825623,Danilo Barbosa da Silva,2,2,100.0,0,0,3,6,0,1,2,1,1,0
3825626,Rubén Castro Martín,36,29,80.56,6,0,1,6,1,3,2,0,3,1
3825626,Joaquín Sánchez Rodríguez,55,41,74.55,2,0,5,14,1,8,4,2,2,0
3825626,Heiko Westermann,44,32,72.73,1,0,0,11,3,4,5,2,1,2
3825626,Álvaro González Soberón,29,18,62.07,1,0,0,6,2,2,1,4,1,0
3825626,Francisco Portillo Soler,53,42,79.25,1,0,6,16,1,6,2,1,4,3
3825626,Víctor Sánchez Mata,36,29,80.56,1,1,2,36,1,3,9,0,0,7
3825626,Felipe Salvador Caicedo Corozo,20,14,70.0,4,1,4,11,1,4,12,2,3,4
3825626,Bruno González Cabrera,44,38,86.36,0,0,1,12,1,7,6,2,1,0
3825626,Hernán Arsenio Pérez González,24,17,70.83,2,0,4,11,2,6,3,1,2,3
3825626,Marco Asensio Willemsen,37,27,72.97,1,0,2,17,1,1,0,0,1,0
3825626,Cristiano Piccini,50,37,74.0,0,0,5,18,4,9,6,1,0,6
3825626,Álvaro Cejudo Carmona,10,9,90.0,0,0,3,7,0,2,3,2,2,0
3825626,Petros Matheus dos Santos Araújo,34,30,88.24,1,0,0,14,2,3,4,1,2,2
3825626,Francisco Miguel Varela Martín,73,56,76.71,1,0,2,12,1,6,2,3,2,1
3825626,Alfred John Momar N''Diaye,45,35,77.78,3,0,0,20,1,8,3,2,2,3
3825626,Víctor Guillermo Álvarez Delgado,25,15,60.0,1,0,1,18,0,5,2,2,5,2
3825626,José Alberto Cañas Ruiz Herrera,31,24,77.42,0,0,0,19,0,2,5,4,0,2
3825626,Enzo Pablo Roco Roco,25,19,76.0,1,1,2,6,2,5,1,1,2,2
3825626,Antonio Adán Garrido,18,10,55.56,0,0,0,1,0,3,0,0,0,0
3825626,Anaitz Arbilla Zabala,53,39,73.58,0,0,0,11,2,3,5,3,0,1
3825626,Juan Rafael Fuentes Hernández,41,31,75.61,0,0,0,13,2,1,5,5,2,0
3825626,Pau López Sabata,29,8,27.59,0,0,0,0,0,6,0,1,1,0
3825626,Daniel Ceballos Fernández,39,31,79.49,1,0,2,10,1,4,4,0,2,0
3825626,Ricky van Wolfswinkel,10,7,70.0,2,0,1,14,1,1,1,3,0,0
3825626,Vincenzo Renato Rennella,9,6,66.67,3,1,1,4,0,5,2,0,2,2
3825626,Francisco Montañés Claverías,4,3,75.0,1,0,1,4,1,2,0,0,2,0
3825626,Javier López Rodríguez,3,2,66.67,0,0,0,2,0,1,0,0,1,2
3825626,Salvador Sevilla López,7,6,85.71,0,0,0,0,0,0,0,0,0,0
3825616,Imanol Agirretxe Arruti,24,17,70.83,8,1,0,9,0,4,9,0,1,1
3825616,Carlos Alberto Vela Garrido,52,43,82.69,3,0,2,7,0,8,0,0,4,1
3825616,Íñigo Martínez Berridi,57,47,82.46,0,0,0,6,3,7,3,3,2,1
3825616,Miguel Torres Gómez,28,21,75.0,0,0,0,15,2,0,4,0,0,1
3825616,Aritz Elustondo Irribaria,47,38,80.85,0,0,2,13,6,5,4,0,0,2
3825616,Rubén Pardo Gutiérrez,67,52,77.61,0,0,1,13,2,3,4,1,0,1
3825616,Sergio Canales Madrazo,48,42,87.5,0,0,0,10,2,4,4,0,1,0
3825616,Fernando Damián Tissone,34,26,76.47,1,0,0,10,6,3,4,1,0,2
3825616,José Luis García del Pozo,39,33,84.62,1,0,3,19,0,4,1,2,1,1
3825616,Juan Carlos Pérez López,34,23,67.65,1,0,2,19,3,2,5,2,3,3
3825616,Sérgio Paulo Barbosa Valente,34,22,64.71,3,0,4,16,3,3,3,3,4,1
3825616,Duje Čop,22,11,50.0,1,0,0,17,0,2,3,1,0,1
3825616,Charles Días Barbosa de Oliveira,15,13,86.67,3,3,0,17,1,2,3,3,3,5
3825616,Diego Antonio Reyes Rosales,59,48,81.36,0,0,1,13,2,3,6,0,0,4
3825616,Marcos Alberto Angeleri,28,18,64.29,0,0,0,5,1,1,5,1,2,1
3825616,Alberto De La Bella Madureño,74,57,77.03,0,0,1,11,1,4,2,4,1,4
3825616,David Zurutuza Veillet,39,33,84.62,1,0,1,10,1,3,4,2,3,1
3825616,Roberto José Rosales Altuve,42,28,66.67,0,0,1,22,3,5,9,3,2,1
3825616,Asier Illarramendi Andonegi,76,62,81.58,0,0,3,24,3,10,1,2,4,0
3825616,Gerónimo Rulli,29,20,68.97,0,0,0,1,0,7,0,0,0,1
3825616,Weligton Róbson Pena de Oliveira,33,25,75.76,0,0,0,7,3,4,1,0,1,1
3825616,Idriss Carlos Kameni,35,17,48.57,0,0,0,0,0,4,0,0,0,0
3825616,Juan Pablo Añor Acosta,6,6,100.0,1,0,3,8,1,3,0,2,0,0
3825616,Jonathas Cristian de Jesus,6,4,66.67,1,0,0,3,0,0,0,0,0,0
3825616,Pablo Fornals Malla,8,7,87.5,0,0,1,4,1,0,3,0,0,0
3825616,Xabier Prieto Argarate,20,14,70.0,0,0,0,3,0,0,2,1,0,0
3825616,Armindo Tué Na Bangna,11,9,81.82,0,0,2,3,0,2,2,0,0,1
3825616,Adnane Tighadouini,0,0,0.0,0,0,0,1,0,0,0,0,0,0
3825608,Théo Bongonda Mbul''Ofeko Batombo,12,7,58.33,2,0,4,9,0,0,3,1,2,1
3825608,Fabián Ariel Orellana Valenzuela,53,38,71.7,1,0,5,10,0,7,3,2,4,1
3825608,Pedro Pablo Hernández,23,15,65.22,1,0,0,14,0,3,7,1,2,2
3825608,Gustavo Daniel Cabral Cáceres,85,76,89.41,0,0,1,13,2,9,2,1,2,2
3825608,Aleksandar Pantić,23,8,34.78,1,0,0,10,3,4,4,0,0,2
3825608,Takashi Inui,18,12,66.67,1,0,1,17,2,3,7,3,2,2
3825608,Jonathan Castro Otto,56,46,82.14,0,0,5,12,2,5,5,2,1,1
3825608,David Juncà Reñé,24,19,79.17,0,0,5,11,0,4,5,1,2,1
3825608,Adrián González Morales,41,27,65.85,3,0,2,21,2,8,8,4,0,5
3825608,Saúl Berjón Pérez,36,24,66.67,0,0,1,9,0,3,5,2,2,1
3825608,Daniel García Carrillo,37,20,54.05,1,0,0,17,3,9,7,3,3,2
3825608,Carles Planas Antolínez,73,56,76.71,0,0,0,18,1,4,3,2,2,0
3825608,Mauro Javier Dos Santos,26,13,50.0,1,0,0,14,1,9,5,4,2,0
3825608,Sergi Gómez Solà,76,69,90.79,0,0,1,9,2,5,2,3,0,1
3825608,Borja González Tomás,20,15,75.0,3,1,1,27,0,3,5,2,3,2
3825608,Manuel Agudo Durán,42,22,52.38,4,0,4,13,0,3,5,3,5,3
3825608,Sergio Enrich Ametller,41,26,63.41,1,0,3,17,2,4,12,2,2,3
3825608,Nemanja Radoja,43,35,81.4,0,0,0,13,2,11,7,1,1,2
3825608,Augusto Matías Fernández,87,74,85.06,0,0,1,26,3,12,5,5,1,3
3825608,Ander Capa Rodríguez,45,22,48.89,0,0,0,10,2,10,1,7,1,4
3825608,Sergio Álvarez Conde,36,27,75.0,0,0,0,0,0,4,0,0,0,0
3825608,Asier Riesgo Unamuno,27,12,44.44,0,0,0,0,0,9,0,0,0,0
3825608,Iago Aspas Juncal,18,13,72.22,1,1,1,3,0,2,0,2,2,0
3825608,Daniel Wass,33,27,81.82,0,0,1,2,2,1,0,1,2,1
3825608,Eddy Silvestre Pascual İsrafilov,7,4,57.14,0,0,0,10,1,0,2,1,1,2
3825608,Dejan Dražić,6,6,100.0,0,0,1,4,0,1,0,0,0,1
3825608,Simone Verdi,2,2,100.0,0,0,2,8,1,0,0,1,0,0
3825608,Mikel Arruabarrena Aranbide,0,0,0.0,0,0,0,0,0,0,0,0,0,0
3825601,Jozabed Sánchez Ruiz,39,26,66.67,2,0,1,14,1,4,4,2,1,1
3825601,Javier Guerra Rodríguez,26,21,80.77,3,1,5,12,1,1,7,1,4,0
3825601,Roberto Trashorras Gayoso,84,78,92.86,2,1,1,11,1,6,4,1,1,1
3825601,Răzvan Dincă Raț,68,39,57.35,1,0,0,11,2,4,1,0,0,3
3825601,Diego Javier Llorente Ríos,44,41,93.18,0,0,3,7,4,1,2,1,2,0
3825601,Miguel Ángel Guerrero Martín,15,11,73.33,0,0,2,32,1,1,12,1,1,3
3825601,Antonio Amaya Carazo,47,34,72.34,0,0,0,3,2,1,1,1,1,1
3825601,José Ignacio Martínez García,64,54,84.38,1,0,0,8,1,3,3,1,2,2
3825601,Antonio Rodríguez Martínez,35,23,65.71,0,0,0,0,0,9,0,0,1,0
3825601,Omar Mascarell González,30,17,56.67,1,0,0,23,1,3,6,2,1,4
3825601,Jorge Meré Pérez,32,20,62.5,0,0,0,17,5,1,2,0,0,0
3825601,Tiago Manuel Dias Correia,21,15,71.43,3,0,8,11,0,3,1,1,0,1
3825601,Roberto Canella Suárez,27,13,48.15,0,0,0,17,2,2,7,2,3,2
3825601,Alberto García Cabrera,30,10,33.33,0,0,0,0,0,3,0,0,0,0
3825601,Arnaldo Antonio Sanabria Ayala,8,6,75.0,1,0,1,1,0,1,2,1,1,0
3825601,José Raúl Baena Urdiales,40,32,80.0,1,0,2,16,1,4,4,2,1,2
3825601,Pablo Hernández Domínguez,19,15,78.95,0,0,1,5,0,6,0,0,0,0
3825601,Rachid Aït-Atmane,27,22,81.48,0,0,1,26,0,6,3,1,0,2
3825601,Alen Halilović,30,22,73.33,1,0,5,16,0,1,2,3,3,2
3825601,Luis Hernández Rodríguez,57,33,57.89,0,0,0,5,2,3,3,1,1,1
3825601,Bernardo José Espinosa Zúñiga,7,5,71.43,0,0,0,5,0,0,1,2,0,2
3825601,Jonathan Rodríguez Menéndez,29,15,51.72,2,1,5,19,1,2,1,0,2,1
3825601,Adrián Embarba Blázquez,33,28,84.85,3,0,4,13,1,5,4,1,1,3
3825601,Alberto Lora Ramos,20,19,95.0,0,0,0,7,2,0,3,1,1,1
3825601,Sergio Álvarez Díaz,19,13,68.42,0,0,0,8,0,0,5,0,1,1
3825601,Alhassane Bangoura,10,9,90.0,1,0,3,6,0,1,0,0,0,0
3825601,Alberto Mateus Contreiras Gonçalves,7,6,85.71,1,0,0,5,0,0,1,0,2,1
3825601,Carlos Castro García,4,4,100.0,1,0,0,2,0,0,2,0,1,0
3825899,Álvaro Vázquez García,18,8,44.44,2,0,1,12,0,4,0,1,1,1
3825899,Moisés Gómez Bordonado,32,26,81.25,2,0,3,26,2,8,2,1,1,2
3825899,Mehdi Lacen,54,45,83.33,0,0,1,19,6,6,3,1,2,2
3825899,Damián Nicolás Suárez Suárez,46,34,73.91,0,0,1,17,2,4,3,0,0,3
3825899,Rodrigo Moreno Machado,30,22,73.33,0,0,3,11,0,2,1,1,3,0
3825899,Francisco Alcácer García,16,12,75.0,3,1,0,8,0,1,0,1,1,1
3825899,Vicente Guaita Panadero,22,14,63.64,0,0,0,0,0,3,0,0,0,0
3825899,Pedro León Sánchez Gil,24,13,54.17,2,0,2,9,0,3,4,1,2,0
3825899,Guilherme Magdalena Siqueira,49,44,89.8,0,0,4,13,1,0,5,2,1,3
3825899,André Filipe Tavares Gomes,52,43,82.69,1,0,4,28,1,6,2,0,1,4
3825899,Javier Fuego Martínez,66,62,93.94,0,0,1,32,4,5,5,1,2,3
3825899,Aymen Abdennour,59,53,89.83,0,0,0,17,7,4,3,0,1,1
3825899,Enzo Nicolás Pérez,35,31,88.57,0,0,2,5,0,3,1,1,1,1
3825899,Antonio Barragán Fernández,30,25,83.33,0,0,0,6,0,0,1,1,1,0
3825899,Shkodran Mustafi,65,61,93.85,0,0,0,5,1,5,3,3,1,0
3825899,Pablo Sarabia García,50,33,66.0,3,0,1,29,2,9,1,1,3,1
3825899,Daniel Parejo Muñoz,70,56,80.0,1,1,2,29,0,2,3,0,2,1
3825899,Álvaro Medrán Just,20,19,95.0,5,1,2,23,2,7,7,1,0,3
3825899,Diego Alves Carreira,35,26,74.29,0,0,0,0,0,5,0,0,0,0
3825899,Miguel Ángel Muñoz Alonso,23,18,78.26,0,0,0,16,0,0,2,0,0,0
3825899,Santiago Vergini,28,25,89.29,2,0,0,3,2,3,1,2,0,1
3825899,Carlos Martín Vigaray,26,22,84.62,0,0,0,8,0,4,3,0,1,1
3825899,Santiago Mina Lorenzo,9,5,55.56,0,0,1,11,0,1,1,0,1,1
3825899,João Pedro Cavaco Cancelo,14,12,85.71,0,0,4,8,3,0,2,1,0,0
3825899,Abdoul Karim Yoda,18,15,83.33,1,0,2,5,1,5,1,0,1,0
3825899,Stefan Šćepović,6,5,83.33,1,1,3,3,1,2,3,0,3,0
3825899,Álvaro Negredo Sánchez,6,3,50.0,0,0,3,3,1,0,1,0,0,0
3825899,Víctor Rodríguez Romero,3,2,66.67,0,0,4,2,0,1,0,0,1,1
3825852,Miguel Ángel Guerrero Martín,22,20,90.91,2,0,1,25,2,2,5,0,0,4
3825852,Arnaldo Antonio Sanabria Ayala,21,18,85.71,1,0,1,28,0,1,5,0,0,1
3825852,Omar Mascarell González,55,39,70.91,2,0,2,32,0,4,4,2,0,3
3825852,Sergio Ezequiel Araújo,14,10,71.43,1,0,2,19,0,2,6,2,0,1
3825852,Jonathan Rodríguez Menéndez,31,16,51.61,2,1,2,8,0,6,1,1,1,5
3825852,Ismael López Blanco,44,30,68.18,1,0,2,24,1,1,8,0,2,2
3825852,Jorge Meré Pérez,35,27,77.14,1,0,1,7,1,3,2,0,0,1
3825852,Luis Hernández Rodríguez,49,42,85.71,1,0,0,11,3,6,2,1,1,0
3825852,Sergio Álvarez Díaz,46,34,73.91,0,0,0,47,2,3,10,1,1,5
3825852,José Vicente Gómez Umpiérrez,45,40,88.89,0,0,1,24,0,2,13,2,5,0
3825852,David García Santana,45,37,82.22,0,0,0,8,3,3,6,3,2,0
3825852,Nabil El Zhar,20,20,100.0,1,0,1,8,3,2,1,0,1,1
3825852,Pedro Taunausú Domínguez Placeres,60,52,86.67,2,0,2,20,0,3,6,1,3,0
3825852,Pablo Pérez Rodríguez,10,8,80.0,0,0,1,16,0,1,2,1,2,1
3825852,Javier Varas Herrera,44,27,61.36,0,0,0,0,0,3,0,0,0,0
3825852,Mauricio Lemos Merladet,46,36,78.26,1,0,1,5,4,4,4,2,0,1
3825852,Roque Mesa Quevedo,64,59,92.19,1,0,2,11,0,9,0,0,2,0
3825852,Dani Castellano Betancor,49,41,83.67,0,0,1,19,4,2,5,4,0,3
3825852,Jonathan Viera Ramos,68,51,75.0,2,0,3,17,0,5,1,2,7,6
3825852,Alberto Lora Ramos,33,22,66.67,0,0,0,12,5,1,3,2,1,1
3825852,Pedro Bigas Rigo,61,53,86.89,1,1,0,7,3,3,3,2,2,0
3825852,Iván Cuéllar Sacristán,27,19,70.37,0,0,0,0,0,3,0,0,0,0
3825852,Alen Halilović,29,23,79.31,2,0,5,7,2,4,1,0,2,0
3825852,Ognjen Vranješ,20,14,70.0,0,0,0,7,0,2,0,1,1,2
3825852,Willian José da Silva,10,7,70.0,1,0,1,10,0,1,3,0,1,0
3825852,Jerónimo Figueroa Cabrera,19,18,94.74,0,0,1,3,1,2,2,1,2,0
3825852,Carlos Castro García,7,4,57.14,0,0,0,8,0,0,1,0,0,0
3825852,Ángel Montoro Sánchez,12,9,75.0,0,0,0,9,2,2,3,1,0,0
3825647,Roger Martí Salvador,6,6,100.0,2,0,1,16,0,1,6,1,0,3
3825647,Juan Francisco García García,33,16,48.48,1,0,0,2,1,4,1,1,1,0
3825647,David Navarro Pedrós,28,21,75.0,0,0,0,3,1,0,3,1,0,2
3825647,Rubén García Santos,24,16,66.67,0,0,3,9,0,3,1,3,3,6
3825647,João Pedro Cavaco Cancelo,33,21,63.64,0,0,0,18,1,2,6,3,3,3
3825647,André Filipe Tavares Gomes,52,43,82.69,3,0,4,13,0,6,9,0,1,2
3825647,Víctor Camarasa Ferrando,29,26,89.66,0,0,1,8,2,6,7,2,1,1
3825647,Simão Mate,28,22,78.57,0,0,0,14,1,4,3,3,1,1
3825647,Enzo Nicolás Pérez,31,29,93.55,1,0,1,21,1,6,2,0,3,1
3825647,Sofiane Feghouli,35,19,54.29,3,1,3,9,2,6,1,2,2,3
3825647,Aderllan Leandro de Jesus Santos,46,40,86.96,0,0,1,4,2,2,1,0,0,0
3825647,Francisco Alcácer García,12,11,91.67,3,1,0,13,0,2,1,0,1,0
3825647,Jefferson Andrés Lerma Solís,24,19,79.17,1,0,0,16,1,5,3,2,0,1
3825647,Pablo Daniel Piatti,20,10,50.0,1,0,0,11,0,3,2,1,3,2
3825647,José Luis Gayà Peña,67,52,77.61,0,0,4,19,2,5,7,1,0,2
3825647,José Luis Morales Nogales,31,17,54.84,3,0,11,11,2,13,0,2,2,1
3825647,Pedro López Muñoz,49,39,79.59,1,0,1,15,1,5,3,5,4,2
3825647,Rúben Miguel Nunes Vezo,50,41,82.0,0,0,2,8,2,2,5,2,0,1
3825647,Javier Fuego Martínez,54,52,96.3,0,0,1,26,1,6,4,2,2,3
3825647,Antonio García Aranda,46,35,76.09,1,0,2,3,0,3,3,2,3,1
3825647,Jaume Doménech Sánchez,28,16,57.14,0,0,0,0,0,6,0,0,1,0
3825647,Rubén Iván Martínez Andrade,27,8,29.63,0,0,0,0,0,4,0,0,0,1
3825647,Zakaria Bakkali,33,25,75.76,2,1,5,7,1,1,0,1,2,1
3825647,Daniel Parejo Muñoz,19,16,84.21,1,0,0,6,1,2,1,1,1,0
3825647,Nabil Ghilas,9,7,77.78,0,0,0,4,0,1,0,0,1,0
3825647,Víctor Casadesús Castaño,10,8,80.0,0,0,0,2,0,1,2,0,0,0
3825647,Jordi Xumetra Feliu,7,5,71.43,1,0,0,2,0,0,0,1,0,2
3825647,Antonio Barragán Fernández,9,7,77.78,0,0,0,2,1,0,0,0,1,1
3825637,Luis Alberto Suárez Díaz,26,19,73.08,6,3,4,9,0,6,4,1,4,1
3825637,Neymar da Silva Santos Junior,55,41,74.55,2,0,10,10,0,2,2,3,8,3
3825637,Javier Alejandro Mascherano,65,57,87.69,0,0,1,15,1,3,7,3,1,1
3825637,Simone Verdi,15,14,93.33,1,0,1,12,0,5,2,4,2,0
3825637,Jordi Alba Ramos,82,70,85.37,0,0,2,8,4,8,3,2,0,0
3825637,Marc Bartra Aregall,48,43,89.58,1,0,3,6,5,6,2,1,1,1
3825637,Gerard Piqué Bernabéu,62,59,95.16,0,0,0,4,4,6,0,0,1,2
3825637,Claudio Andrés Bravo Muñoz,33,32,96.97,0,0,0,1,0,4,0,0,0,0
3825637,Sergio Gontán Gallardo,27,19,70.37,2,0,5,27,0,9,6,1,2,6
3825637,Daniel Alves da Silva,84,70,83.33,1,0,4,16,3,7,5,1,1,1
3825637,Aleksandar Pantić,19,8,42.11,0,0,0,2,2,2,1,1,0,1
3825637,Daniel García Carrillo,18,15,83.33,0,0,0,2,3,0,1,0,0,0
3825637,Ivan Rakitić,59,46,77.97,2,0,1,16,2,3,2,3,2,2
3825637,Sandro Ramírez Castillo,14,11,78.57,2,0,2,6,0,1,0,0,0,1
3825637,David Juncà Reñé,39,24,61.54,0,0,1,11,2,3,5,3,2,1
3825637,Gonzalo Escalante,31,18,58.06,0,0,0,18,1,4,8,1,2,3
3825637,Sergio Busquets i Burgos,58,49,84.48,0,0,1,12,4,6,4,1,4,0
3825637,Mauro Javier Dos Santos,21,9,42.86,0,0,1,8,2,4,3,0,0,4
3825637,Borja González Tomás,30,20,66.67,2,1,0,23,0,5,8,0,0,1
3825637,Asier Riesgo Unamuno,33,17,51.52,0,0,0,0,0,2,0,0,0,0
3825637,Ander Capa Rodríguez,37,24,64.86,1,0,1,13,2,3,4,1,2,3
3825637,Takashi Inui,12,8,66.67,0,0,1,12,1,1,1,1,1,1
3825637,Eddy Silvestre Pascual İsrafilov,13,9,69.23,1,0,0,9,0,4,3,5,1,4
3825637,Jérémy Mathieu,27,23,85.19,0,0,1,1,3,0,0,0,0,1
3825637,Sergio Enrich Ametller,15,7,46.67,0,0,1,7,0,3,2,0,2,0
3825637,Munir El Haddadi Mohamed,13,10,76.92,0,0,1,5,2,1,1,0,0,1
3825637,Saúl Berjón Pérez,4,2,50.0,0,0,0,1,0,0,0,0,0,0
3825628,Álvaro Vázquez García,14,11,78.57,2,0,7,9,0,4,8,3,6,1
3825628,Pedro León Sánchez Gil,24,19,79.17,2,0,1,9,1,1,2,0,1,2
3825628,Pablo Sarabia García,43,29,67.44,1,1,1,14,0,2,2,2,3,5
3825628,Sergio Ezequiel Araújo,22,19,86.36,0,0,1,8,0,1,0,1,1,1
3825628,Roberto Lago Soto,39,31,79.49,0,0,1,4,2,1,1,2,2,0
3825628,Santiago Vergini,23,23,100.0,2,0,0,3,3,1,4,1,0,1
3825628,Juan Emmanuel Culio,67,60,89.55,2,0,4,19,3,9,7,1,1,4
3825628,Javier Garrido Behovide,43,32,74.42,1,0,0,6,1,3,1,0,0,0
3825628,Damián Nicolás Suárez Suárez,56,47,83.93,0,0,1,7,2,4,5,2,3,1
3825628,Javier Varas Herrera,30,22,73.33,0,0,0,0,0,5,0,0,0,0
3825628,Alexis Ruano Delgado,36,33,91.67,0,0,2,5,3,8,0,2,1,3
3825628,Vicente Guaita Panadero,32,15,46.88,0,0,0,0,0,6,0,0,0,0
3825628,Pedro Bigas Rigo,51,49,96.08,1,0,0,5,2,2,3,3,2,1
3825628,Mubarak Wakaso,48,46,95.83,1,0,1,14,2,6,1,0,1,5
3825628,David Simón Rodríguez Santana,63,54,85.71,0,0,1,13,0,3,3,3,0,2
3825628,Aythami Artiles Oliva,64,57,89.06,0,0,0,9,0,4,5,4,1,2
3825628,Nauzet Alemán Viera,36,29,80.56,1,0,1,14,1,1,1,1,0,3
3825628,Víctor Rodríguez Romero,43,35,81.4,2,1,1,9,1,2,1,0,1,3
3825628,Roque Mesa Quevedo,78,74,94.87,3,0,1,21,2,8,0,1,0,0
3825628,Mehdi Lacen,41,35,85.37,0,0,1,20,3,4,5,1,1,2
3825628,Jonathan Viera Ramos,55,42,76.36,4,0,6,20,1,5,1,2,7,0
3825628,Juan Antonio Rodríguez Villamuela,49,44,89.8,0,0,0,12,2,2,3,4,0,3
3825628,Willian José da Silva,16,13,81.25,2,0,1,7,0,2,1,0,4,0
3825628,Nabil El Zhar,9,6,66.67,1,0,0,7,0,0,1,0,1,0
3825628,Juan Carlos Valerón Santana,22,19,86.36,0,0,3,1,0,1,0,2,3,0
3825628,Moisés Gómez Bordonado,12,11,91.67,2,0,1,0,1,3,0,0,0,0
3825628,Stefan Šćepović,8,7,87.5,2,2,0,0,0,0,0,1,0,0
3825628,Emiliano Buendía,8,7,87.5,1,0,0,4,0,2,3,0,0,1
3825619,Samuel García Sánchez,33,19,57.58,0,0,2,17,0,3,7,4,0,4
3825619,Roberto Soldado Rillo,23,19,82.61,0,0,2,11,1,0,4,2,3,5
3825619,Manuel Trigueros Muñoz,49,35,71.43,1,0,1,14,0,6,1,2,1,0
3825619,Matías Nahuel Leiva Esquivel,22,14,63.64,0,0,2,6,0,5,1,1,0,0
3825619,Eric Bertrand Bailly,56,51,91.07,1,0,1,11,2,5,1,6,2,2
3825619,Víctor Ruíz Torre,61,47,77.05,0,0,0,5,2,3,4,2,0,1
3825619,Bojan Jokić,31,26,83.87,0,0,0,4,2,3,0,2,0,3
3825619,Alfonso Pedraza Sag,8,4,50.0,0,0,3,11,0,2,0,1,0,1
3825619,Simão Mate,36,30,83.33,0,0,0,6,2,6,2,2,1,0
3825619,Iván López Mendoza,16,11,68.75,0,0,0,6,2,2,2,0,2,0
3825619,Tomás Pina Isla,41,32,78.05,0,0,0,14,3,3,4,1,3,1
3825619,Deyverson Brum Silva Acosta,24,10,41.67,3,1,2,15,1,7,6,1,6,2
3825619,José María Martín-Bejarano Serrano,39,33,84.62,1,0,0,8,3,6,3,1,2,1
3825619,Jefferson Andrés Lerma Solís,45,31,68.89,2,0,1,6,0,5,6,1,1,2
3825619,Antonio García Aranda,63,48,76.19,0,0,5,16,3,6,3,4,2,5
3825619,Mario Gaspar Pérez Martínez,61,47,77.05,1,0,0,13,3,4,8,2,2,3
3825619,José Luis Morales Nogales,44,34,77.27,2,0,9,16,1,9,1,1,2,2
3825619,Rubén Iván Martínez Andrade,22,11,50.0,0,0,0,0,0,5,0,0,0,0
3825619,Zouhair Feddal,34,25,73.53,2,0,0,6,1,4,1,0,0,0
3825619,Roger Martí Salvador,14,5,35.71,2,0,0,14,1,4,4,1,1,0
3825619,Juan Francisco García García,40,27,67.5,0,0,0,6,4,5,3,1,2,1
3825619,Alphonse Areola,30,16,53.33,0,0,0,0,0,6,0,0,1,0
3825619,Víctor Camarasa Ferrando,30,25,83.33,2,0,0,10,0,5,4,2,0,1
3825619,Jaume Vicent Costa Jordá,27,22,81.48,0,0,0,3,2,1,1,1,0,2
3825619,Samuel Castillejo Azuaga,21,17,80.95,0,0,0,11,0,2,1,2,2,0
3825619,Jonathan dos Santos Ramírez,17,16,94.12,0,0,0,10,0,1,1,1,0,0
3825619,Nabil Ghilas,6,2,33.33,0,0,0,1,0,1,1,1,1,2
3825619,Víctor Casadesús Castaño,2,2,100.0,0,0,0,0,0,0,2,1,0,1
3825618,Sergio Ezequiel Araújo,27,20,74.07,1,0,3,12,1,4,6,1,1,0
3825618,Jonathan Viera Ramos,69,55,79.71,5,0,8,13,0,7,2,0,5,0
3825618,Juan Emmanuel Culio,41,37,90.24,0,0,3,14,2,6,2,1,2,1
3825618,Pedro Bigas Rigo,60,52,86.67,1,0,6,11,4,4,5,1,0,0
3825618,David García Santana,63,50,79.37,0,0,0,11,3,7,6,2,0,0
3825618,Aythami Artiles Oliva,68,49,72.06,0,0,0,7,2,4,4,1,0,0
3825618,Dani Castellano Betancor,34,27,79.41,0,0,2,8,2,5,2,1,1,0
3825618,Ander Capa Rodríguez,32,18,56.25,0,0,1,17,4,4,4,1,0,0
3825618,Saúl Berjón Pérez,38,25,65.79,4,1,2,22,0,6,7,1,1,1
3825618,Borja González Tomás,26,15,57.69,1,1,0,27,0,2,13,2,0,0
3825618,Adrián González Morales,40,21,52.5,1,0,1,20,1,8,4,1,0,2
3825618,Javier Varas Herrera,21,13,61.9,0,0,0,0,0,5,0,0,0,0
3825618,David Simón Rodríguez Santana,54,49,90.74,0,0,9,29,2,10,7,3,1,1
3825618,David Juncà Reñé,51,32,62.75,1,0,0,13,2,3,6,3,0,2
3825618,Takashi Inui,35,29,82.86,1,0,2,18,1,9,4,0,0,1
3825618,Mubarak Wakaso,80,70,87.5,4,0,5,23,2,9,8,5,3,2
3825618,Gonzalo Escalante,32,24,75.0,0,0,1,41,0,5,9,3,0,3
3825618,Roque Mesa Quevedo,26,23,88.46,2,0,3,12,3,3,5,2,2,2
3825618,Daniel García Carrillo,45,35,77.78,0,0,2,27,1,6,5,6,1,4
3825618,Aleksandar Pantić,25,18,72.0,0,0,0,8,2,5,5,1,0,0
3825618,Mauro Javier Dos Santos,17,11,64.71,0,0,0,8,2,1,6,1,0,1
3825618,Asier Riesgo Unamuno,26,9,34.62,0,0,0,0,0,4,0,0,1,0
3825618,Nabil El Zhar,20,14,70.0,1,0,4,2,0,1,3,1,0,1
3825618,Sergio Enrich Ametller,10,6,60.0,1,0,1,7,0,3,6,1,1,0
3825618,Juan Carlos Valerón Santana,42,35,83.33,0,0,0,2,0,2,0,0,1,0
3825618,Eddy Silvestre Pascual İsrafilov,7,4,57.14,0,0,0,9,2,1,2,1,0,2
3825618,Willian José da Silva,16,10,62.5,4,0,1,0,0,2,1,1,0,0
3825618,Sergio Gontán Gallardo,1,0,0.0,0,0,0,4,1,0,0,1,0,0
3825611,Gerard Moreno Balaguero,27,24,88.89,3,0,6,8,1,3,4,1,0,1
3825611,Felipe Salvador Caicedo Corozo,12,10,83.33,0,0,0,7,0,0,3,2,1,0
3825611,Álvaro González Soberón,58,52,89.66,0,0,0,6,5,3,1,1,2,0
3825611,Sidnei Rechel da Silva Júnior,49,40,81.63,0,0,0,9,4,3,3,2,1,0
3825611,Luis Alberto Romero Alconchel,41,30,73.17,2,0,2,19,1,4,3,2,1,1
3825611,Marco Asensio Willemsen,46,32,69.57,3,0,3,12,0,4,2,1,2,1
3825611,Roberto Antonio Correa Silva,58,48,82.76,0,0,2,15,1,9,3,3,2,0
3825611,Fernando Navarro i Corbacho,20,16,80.0,0,0,0,10,2,3,3,2,0,1
3825611,Víctor Sánchez Mata,34,25,73.53,0,0,3,12,0,4,3,0,1,2
3825611,Celso Borges Mora,47,42,89.36,0,0,1,10,1,5,5,1,0,0
3825611,Lucas Pérez Martínez,20,15,75.0,3,2,1,8,0,5,1,1,3,0
3825611,Oriol Riera Magem,22,19,86.36,4,0,1,22,0,2,7,2,3,4
3825611,Fayçal Fajr,55,38,69.09,2,0,1,16,1,7,5,1,1,1
3825611,Pedro Mosquera Parada,37,32,86.49,0,0,0,11,0,5,3,1,0,1
3825611,Germán Darío Lux,24,12,50.0,0,0,0,0,0,4,0,0,0,0
3825611,Rubén Duarte Sánchez,59,46,77.97,0,0,1,20,2,3,5,3,1,2
3825611,Enzo Pablo Roco Roco,56,49,87.5,0,0,0,7,1,2,3,2,0,3
3825611,Alberto Lopo García,34,26,76.47,0,0,0,3,2,0,4,3,0,1
3825611,Pau López Sabata,36,28,77.78,0,0,0,0,0,4,0,0,0,0
3825611,Papa Kouly Diop,51,45,88.24,1,0,0,9,3,4,3,0,0,4
3825611,Víctor Guillermo Álvarez Delgado,18,12,66.67,0,0,4,2,1,0,2,0,2,0
3825611,Juan Francisco Moreno Fuertes,45,30,66.67,0,0,2,10,5,3,3,2,0,1
3825611,Hernán Arsenio Pérez González,14,13,92.86,0,0,2,11,1,1,2,2,1,1
3825611,Jorge Franco Alviz,13,9,69.23,0,0,0,4,2,0,0,2,0,0
3825611,Laureano Sanabria Ruiz,26,25,96.15,0,0,0,5,2,0,2,0,0,1
3825611,Mamadou Sylla Diallo,4,2,50.0,0,0,2,9,0,0,3,0,1,0
3825611,Alejandro Bergantiños García,24,23,95.83,0,0,1,6,0,2,0,1,0,1
3825611,Federico Nicolás Cartabia,19,17,89.47,3,0,0,3,0,1,0,0,4,1
3825609,Sergio Canales Madrazo,22,17,77.27,5,0,0,11,0,0,6,2,2,2
3825609,Imanol Agirretxe Arruti,27,16,59.26,1,0,0,10,0,0,11,1,2,0
3825609,Íñigo Martínez Berridi,43,24,55.81,1,0,1,7,2,6,3,5,2,2
3825609,Mikel Balenziaga Oruesagasti,40,28,70.0,0,0,0,26,0,2,7,1,0,2
3825609,Aymeric Laporte,55,39,70.91,0,0,1,5,2,6,2,3,1,0
3825609,Markel Susaeta Laskurain,40,29,72.5,0,0,8,20,2,7,2,2,5,1
3825609,David Zurutuza Veillet,35,25,71.43,2,0,3,12,4,2,6,0,2,0
3825609,Beñat Etxebarria Urkiaga,51,36,70.59,2,0,2,17,0,6,4,2,2,3
3825609,Rubén Pardo Gutiérrez,50,33,66.0,2,0,3,9,2,7,5,2,0,3
3825609,Aritz Aduriz Zubeldia,20,16,80.0,4,0,1,15,0,3,10,2,2,6
3825609,Diego Antonio Reyes Rosales,42,30,71.43,0,0,0,12,2,4,9,2,1,1
3825609,Gerónimo Rulli,28,17,60.71,0,0,0,0,0,4,0,0,0,0
3825609,Mikel San José Domínguez,42,32,76.19,0,0,0,26,3,3,2,2,0,2
3825609,Alberto De La Bella Madureño,46,27,58.7,0,0,0,13,1,3,10,1,0,2
3825609,Óscar de Marcos Arana,78,57,73.08,0,0,0,23,4,6,5,6,0,1
3825609,Asier Illarramendi Andonegi,38,24,63.16,0,0,3,34,1,14,10,5,5,4
3825609,Raúl García Escudero,34,19,55.88,3,0,0,21,2,4,14,1,3,2
3825609,Aritz Elustondo Irribaria,40,25,62.5,0,0,2,7,3,3,4,2,1,2
3825609,Carlos Alberto Vela Garrido,31,19,61.29,1,0,4,14,3,4,4,1,5,1
3825609,Sabin Merino Zuloaga,21,13,61.9,1,0,1,10,1,6,3,3,0,1
3825609,Gorka Iraizoz Moreno,43,22,51.16,0,0,0,0,0,2,0,0,0,0
3825609,Xabier Etxeita Gorritxategi,37,32,86.49,0,0,0,12,4,5,2,6,1,3
3825609,Armindo Tué Na Bangna,9,4,44.44,0,0,2,2,0,5,0,0,2,0
3825609,Iñaki Williams Arthuer,3,2,66.67,0,0,1,6,0,1,0,1,1,1
3825609,Xabier Prieto Argarate,9,9,100.0,1,0,0,2,1,1,2,0,0,0
3825609,Ander Iturraspe Derteano,5,5,100.0,0,0,0,2,0,0,0,0,0,1
3825609,Jonathas Cristian de Jesus,2,1,50.0,2,0,0,3,0,2,0,0,1,0
3825609,Íñigo Lekue Martínez,4,1,25.0,0,0,0,0,0,0,0,0,0,0
3825598,Fernando José Torres Sanz,12,8,66.67,0,0,2,4,0,1,0,0,1,2
3825598,Gabriel Fernández Arenas,69,57,82.61,1,0,4,23,2,5,4,2,1,1
3825598,Saúl Ñíguez Esclapez,63,55,87.3,2,0,1,30,2,8,14,3,0,0
3825598,Guilherme Magdalena Siqueira,60,46,76.67,0,0,4,11,0,3,3,0,2,2
3825598,Antoine Griezmann,51,43,84.31,3,2,1,20,0,3,5,1,2,1
3825598,Vicente Guaita Panadero,48,27,56.25,0,0,0,0,0,8,0,0,0,0
3825598,Pedro León Sánchez Gil,30,21,70.0,1,0,7,17,1,4,3,2,2,2
3825598,Juan Antonio Rodríguez Villamuela,30,23,76.67,0,0,2,18,3,1,4,1,0,1
3825598,Juan Francisco Torres Belén,63,55,87.3,0,0,4,9,2,3,2,4,1,1
3825598,Stefan Savić,45,37,82.22,0,0,0,3,2,3,2,1,1,0
3825598,Diego Roberto Godín Leal,42,35,83.33,0,0,0,7,1,5,2,2,0,3
3825598,Víctor Rodríguez Romero,42,35,83.33,0,0,3,24,2,4,3,1,3,1
3825598,Óliver Torres Muñoz,30,23,76.67,0,0,0,12,0,1,2,1,1,0
3825598,Damián Nicolás Suárez Suárez,68,59,86.76,0,0,2,18,1,1,3,2,1,0
3825598,Yannick Ferreira Carrasco,27,19,70.37,1,0,0,7,1,3,1,0,1,1
3825598,Santiago Vergini,63,56,88.89,0,0,2,13,3,5,6,0,1,1
3825598,Stefan Šćepović,23,12,52.17,2,0,4,8,1,2,8,0,2,0
3825598,Alexis Ruano Delgado,48,41,85.42,0,0,0,0,3,2,1,2,2,1
3825598,Carlos Martín Vigaray,37,28,75.68,0,0,1,14,0,4,4,1,4,0
3825598,Álvaro Medrán Just,43,36,83.72,1,0,2,18,6,9,2,0,0,1
3825598,Ángel Lafita Castillo,17,7,41.18,1,0,4,7,0,4,3,1,1,5
3825598,Jan Oblak,20,13,65.0,0,0,0,0,0,3,0,0,0,0
3825598,Ángel Martín Correa,22,19,86.36,2,0,5,19,0,3,2,0,0,2
3825598,Jackson Arley Martínez Valencia,17,14,82.35,2,0,3,8,1,1,3,0,1,3
3825598,Tiago Cardoso Mendes,22,21,95.45,0,0,0,6,1,3,1,1,0,1
3825598,Wanderson Maciel Sousa Campos,11,8,72.73,1,0,3,3,0,3,0,0,0,0
3825598,Álvaro Vázquez García,2,2,100.0,0,0,0,2,0,1,2,0,0,0
3825598,Bernard Mensah,10,10,100.0,0,0,0,2,0,1,1,0,1,0
3825584,Youssef El-Arabi,22,16,72.73,2,0,0,18,0,3,2,1,1,2
3825584,Javier Márquez Moreno,37,27,72.97,3,0,1,4,1,2,2,1,2,0
3825584,Cédric Bakambu,28,22,78.57,1,1,1,14,0,3,4,2,2,3
3825584,Isaac Ajayi Success,35,18,51.43,2,0,3,7,0,1,2,0,9,2
3825584,Jaume Vicent Costa Jordá,46,38,82.61,0,0,0,12,4,3,7,8,3,2
3825584,David Rodríguez Lombán,28,25,89.29,0,0,0,10,3,2,2,5,2,2
3825584,Roberto Soldado Rillo,23,16,69.57,1,0,2,20,1,2,8,5,3,0
3825584,Matías Nahuel Leiva Esquivel,25,12,48.0,0,0,2,10,2,0,2,0,1,2
3825584,Rubén Rochina Naixes,60,39,65.0,2,0,2,14,4,8,4,2,3,1
3825584,Mario Gaspar Pérez Martínez,30,22,73.33,0,0,0,8,1,1,1,4,0,1
3825584,Cristiano Biraghi,44,31,70.45,0,0,1,7,2,5,1,3,1,1
3825584,Rene Krhin,40,38,95.0,1,0,0,21,0,2,3,2,0,2
3825584,Eric Bertrand Bailly,32,25,78.12,0,0,0,6,2,5,3,1,0,2
3825584,Víctor Ruíz Torre,34,29,85.29,0,0,0,2,1,1,4,1,1,0
3825584,Alphonse Areola,25,14,56.0,0,0,0,0,0,7,0,0,0,0
3825584,Manuel Trigueros Muñoz,30,20,66.67,1,1,0,16,2,3,6,2,1,3
3825584,Rubén Salvador Pérez Del Mármol,15,14,93.33,0,0,0,4,0,0,1,1,1,1
3825584,Hugo Miguel Almeida Costa Lopes,43,35,81.4,0,0,1,8,0,3,3,1,1,1
3825584,Samuel Castillejo Azuaga,29,19,65.52,2,0,4,16,1,4,1,1,3,4
3825584,Jean-Sylvain Claude Babin,31,25,80.65,0,0,0,7,4,1,2,2,0,2
3825584,Andrés Eduardo Fernández Moreno,27,21,77.78,0,0,0,0,0,3,0,0,0,0
3825584,Tomás Pina Isla,34,21,61.76,0,0,0,19,0,7,6,3,1,3
3825584,Francisco Manuel Rico Castro,42,37,88.1,1,1,1,9,2,4,1,2,0,3
3825584,Denis Suárez Fernández,22,12,54.55,1,0,3,15,1,4,2,2,2,1
3825584,Robert Ibáñez Castro,20,16,80.0,3,0,0,4,0,4,1,0,0,0
3825584,Samuel García Sánchez,6,3,50.0,2,1,1,8,2,1,2,0,1,0
3825584,Thievy Guivane Bifouma Koulossa,8,5,62.5,0,0,4,4,0,2,2,0,1,1
3825584,Adrián López Álvarez,6,5,83.33,1,0,2,1,0,1,0,0,0,0
3825570,Youssef El-Arabi,21,15,71.43,2,0,0,12,0,2,10,0,2,1
3825570,Francisco Medina Luna,19,10,52.63,2,0,0,9,1,4,1,0,2,0
3825570,Antonio Manuel Luna Rodríguez,40,27,67.5,0,0,0,14,2,2,7,1,0,1
3825570,Robert Ibáñez Castro,13,11,84.62,1,0,3,13,1,5,3,3,2,0
3825570,Iván Ramis Barrios,32,25,78.12,0,0,0,6,1,1,2,1,0,2
3825570,Rubén Rochina Naixes,46,31,67.39,4,1,3,9,0,4,3,0,4,0
3825570,Saúl Berjón Pérez,34,23,67.65,2,0,2,18,3,5,2,3,1,3
3825570,Javier Márquez Moreno,71,53,74.65,1,0,0,13,4,4,6,4,4,1
3825570,Jean-Sylvain Claude Babin,69,59,85.51,1,0,0,7,2,2,3,0,0,0
3825570,Rubén Salvador Pérez Del Mármol,76,62,81.58,0,0,0,21,1,5,5,3,2,0
3825570,Sergio Enrich Ametller,25,15,60.0,0,0,2,25,0,4,10,1,1,3
3825570,Dimitri Foulquier,25,16,64.0,0,0,2,4,1,3,2,0,0,1
3825570,Adrián González Morales,18,15,83.33,2,1,1,18,2,0,0,1,0,2
3825570,Sergio Gontán Gallardo,31,16,51.61,2,0,3,30,0,1,8,3,1,3
3825570,Daniel García Carrillo,46,40,86.96,0,0,0,18,3,7,3,4,3,1
3825570,Andrés Eduardo Fernández Moreno,36,25,69.44,0,0,0,1,0,4,0,0,1,0
3825570,Gonzalo Escalante,40,32,80.0,1,1,4,36,2,11,7,3,0,7
3825570,Salvador Ruiz Rodríguez,35,32,91.43,0,0,2,4,2,3,2,0,1,1
3825570,Diego Mainz García,66,56,84.85,0,0,0,7,2,2,5,1,3,2
3825570,Xabier Iruretagoiena Aranzamendi,27,8,29.63,0,0,0,1,0,3,0,0,0,0
3825570,Ander Capa Rodríguez,59,31,52.54,1,0,1,12,1,8,6,4,0,1
3825570,Mauro Javier Dos Santos,22,17,77.27,0,0,1,8,0,2,2,1,0,1
3825570,Hugo Miguel Almeida Costa Lopes,36,25,69.44,1,0,0,8,1,3,4,1,1,0
3825570,Isaac Ajayi Success,11,7,63.64,0,0,2,11,0,1,2,0,2,0
3825570,Mikel Arruabarrena Aranbide,13,12,92.31,1,1,0,6,0,1,1,0,0,1
3825570,Edgar Antonio Méndez Ortega,6,1,16.67,1,0,0,4,0,2,2,0,1,0
3825570,David Juncà Reñé,11,8,72.73,0,0,0,1,0,0,1,0,0,0
3825570,Borja González Tomás,7,5,71.43,1,0,0,5,0,0,2,0,0,0
3825562,Duje Čop,22,16,72.73,2,0,0,3,1,3,3,1,1,0
3825562,Charles Días Barbosa de Oliveira,23,17,73.91,1,0,0,5,1,1,2,0,3,1
3825562,Sergi Darder Moll,40,34,85.0,3,0,3,14,1,3,5,0,1,1
3825562,Arthur Etienne Boka,46,40,86.96,3,0,4,8,2,12,6,1,0,1
3825562,Raúl Albentosa Redal,44,36,81.82,0,0,0,5,2,3,1,0,1,0
3825562,Ricardo Jorge Luz Horta,27,20,74.07,3,0,4,15,1,4,3,0,1,4
3825562,Grzegorz Krychowiak,29,24,82.76,1,0,0,8,1,2,1,1,2,1
3825562,António Alberto Bastos Pimparel,34,19,55.88,0,0,0,0,0,3,0,0,0,0
3825562,Víctor Machín Pérez,26,15,57.69,2,0,2,23,1,1,5,3,3,2
3825562,Steven N''Kemboanza Mike Christopher Nzonzi,30,28,93.33,0,0,1,10,1,3,3,2,1,3
3825562,Jorge Andújar Moreno,37,22,59.46,0,0,0,7,0,0,2,2,0,0
3825562,Adil Rami,28,21,75.0,1,0,0,8,1,2,1,0,1,0
3825562,Nordin Amrabat,32,23,71.88,6,0,4,13,3,3,6,2,1,2
3825562,Benoît Trémoulinas,38,30,78.95,0,0,1,8,0,1,1,3,1,0
3825562,Idriss Carlos Kameni,24,16,66.67,0,0,0,0,0,6,0,0,0,0
3825562,Marcos Alberto Angeleri,45,30,66.67,0,0,0,6,2,6,1,1,1,2
3825562,Fernando Damián Tissone,47,39,82.98,2,0,3,13,4,7,5,2,1,6
3825562,Kevin Gameiro,12,9,75.0,3,0,1,19,0,3,1,1,1,1
3825562,Vicente Iborra De La Fuente,31,24,77.42,0,0,1,22,3,3,3,2,1,1
3825562,José Antonio Reyes Calderón,30,14,46.67,2,0,3,13,3,6,2,4,3,0
3825562,Roberto José Rosales Altuve,52,41,78.85,3,0,0,9,1,6,4,1,0,3
3825562,Éver Maximiliano David Banega,33,25,75.76,1,0,3,13,0,4,2,0,3,1
3825562,Yevhen Konoplyanka,1,1,100.0,0,0,0,4,1,1,1,0,1,0
3825562,Sérgio Paulo Barbosa Valente,16,12,75.0,1,0,1,0,0,0,0,0,1,0
3825562,Mariano Ferreira Filho,12,7,58.33,0,0,0,7,1,2,2,1,1,2
3825562,Juan Carlos Pérez López,4,2,50.0,1,0,0,0,0,0,0,1,1,0
3825562,Ciro Immobile,3,2,66.67,0,0,0,4,0,1,1,0,1,1
3825562,Juan Pablo Añor Acosta,5,5,100.0,1,0,0,1,0,0,1,0,0,1
3825904,José Ignacio Peleteiro Ramallo,15,10,66.67,0,0,3,25,0,1,1,2,0,2
3825904,Borja González Tomás,23,15,65.22,2,0,0,22,0,5,2,3,0,2
3825904,Daniel García Carrillo,71,58,81.69,0,0,1,20,2,8,5,0,1,0
3825904,David Juncà Reñé,76,54,71.05,2,0,1,12,0,4,2,2,2,2
3825904,Germán Alejandro Pezzella,31,18,58.06,0,0,0,9,2,1,1,3,1,1
3825904,Iván Ramis Barrios,81,67,82.72,1,0,0,9,3,7,2,0,2,1
3825904,Mauro Javier Dos Santos,61,49,80.33,1,0,0,12,0,6,2,1,1,2
3825904,Sergio Gontán Gallardo,61,41,67.21,2,0,6,30,1,10,5,3,5,1
3825904,Martín Montoya Torralbo,49,36,73.47,0,0,1,28,7,2,6,3,1,1
3825904,Ander Capa Rodríguez,75,62,82.67,2,0,3,11,4,6,4,0,0,2
3825904,Francisco Portillo Soler,35,30,85.71,0,0,1,16,0,4,4,3,0,2
3825904,Alfred John Momar N''Diaye,48,41,85.42,1,0,2,11,5,6,2,7,0,0
3825904,Joaquín Sánchez Rodríguez,42,35,83.33,1,0,3,14,0,3,7,1,2,1
3825904,Xabier Iruretagoiena Aranzamendi,20,13,65.0,0,0,0,0,0,4,0,0,0,0
3825904,Adrián González Morales,57,42,73.68,5,0,2,15,1,4,4,2,1,2
3825904,Josip Radošević,33,29,87.88,1,0,1,13,2,4,5,1,0,2
3825904,Petros Matheus dos Santos Araújo,43,35,81.4,0,0,1,20,1,5,2,2,3,2
3825904,Xavier Torres Buigues,41,28,68.29,1,0,0,24,1,3,1,5,1,1
3825904,Charly Musonda Junior,19,12,63.16,0,0,7,26,1,3,4,1,6,1
3825904,Antonio Adán Garrido,47,17,36.17,0,0,0,1,0,6,0,0,0,0
3825904,Álvaro Cejudo Carmona,48,31,64.58,0,0,1,22,7,4,8,5,0,2
3825904,Rubén Castro Martín,24,18,75.0,3,1,2,9,1,2,3,0,0,1
3825904,Sergio Enrich Ametller,14,10,71.43,3,1,1,10,0,2,3,0,0,0
3825904,Saúl Berjón Pérez,25,17,68.0,3,0,0,4,0,2,2,1,0,0
3825904,Francisco José Molinero Calderón,5,3,60.0,0,0,0,1,0,0,0,2,0,0
3825904,Ricky van Wolfswinkel,4,2,50.0,0,0,0,2,0,0,0,1,0,0
3825904,Francisco Miguel Varela Martín,0,0,0.0,0,0,0,1,0,0,0,0,0,0
3825901,Francisco Alcácer García,16,13,81.25,3,0,0,17,1,2,4,2,2,0
3825901,Daniel Parejo Muñoz,97,91,93.81,2,0,4,22,1,10,2,1,2,2
3825901,Enzo Nicolás Pérez,61,58,95.08,0,0,1,15,3,3,4,2,2,2
3825901,Shkodran Mustafi,66,60,90.91,2,0,0,5,4,3,2,2,0,1
3825901,Karim Benzema,24,15,62.5,5,1,0,12,0,5,2,1,0,0
3825901,João Pedro Cavaco Cancelo,20,13,65.0,1,0,1,12,1,3,1,0,2,1
3825901,Carlos Henrique Casimiro,57,49,85.96,3,0,1,21,3,2,7,2,2,3
3825901,Marcelo Vieira da Silva Júnior,75,60,80.0,0,0,1,6,3,7,4,2,1,0
3825901,Javier Fuego Martínez,79,74,93.67,0,0,1,20,3,3,1,1,1,1
3825901,Toni Kroos,78,72,92.31,0,0,1,27,0,6,2,0,0,1
3825901,Sergio Ramos García,63,57,90.48,1,0,0,9,2,0,4,0,0,3
3825901,James David Rodríguez Rubio,61,55,90.16,0,0,2,17,0,5,1,1,3,0
3825901,Raphaël Varane,45,42,93.33,0,0,0,6,2,2,1,2,0,0
3825901,Rodrigo Moreno Machado,42,32,76.19,4,1,3,9,1,4,3,1,1,1
3825901,Guilherme Magdalena Siqueira,69,64,92.75,0,0,2,11,2,2,3,0,1,1
3825901,Danilo Luiz da Silva,61,52,85.25,0,0,2,10,0,3,3,1,3,1
3825901,Lucas Vázquez Iglesias,36,29,80.56,3,0,3,19,0,4,5,2,2,2
3825901,Cristiano Ronaldo dos Santos Aveiro,23,18,78.26,3,2,0,3,0,5,1,1,1,0
3825901,Diego Alves Carreira,25,20,80.0,0,0,0,0,0,4,0,0,0,0
3825901,Aymen Abdennour,20,18,90.0,0,0,0,5,1,0,3,1,0,1
3825901,Antonio Barragán Fernández,61,56,91.8,0,0,2,5,6,3,0,0,0,1
3825901,Francisco Casilla Cortés,24,13,54.17,0,0,0,0,0,4,0,0,0,0
3825901,André Filipe Tavares Gomes,40,36,90.0,4,1,3,10,1,4,2,0,0,1
3825901,Santiago Mina Lorenzo,34,26,76.47,1,0,2,15,1,0,0,1,0,2
3825901,Mateo Kovačić,11,8,72.73,0,0,0,9,0,2,3,0,0,1
3825901,Jesé Rodríguez Ruiz,6,4,66.67,0,0,0,3,0,0,0,0,0,1
3825901,Álvaro Arbeloa Coca,8,7,87.5,0,0,0,6,1,0,3,2,0,0
3825901,Pablo Daniel Piatti,6,5,83.33,0,0,1,1,0,0,0,0,0,0
3825898,Iago Aspas Juncal,33,23,69.7,2,0,0,8,1,3,3,1,2,5
3825898,Fabián Ariel Orellana Valenzuela,51,39,76.47,2,0,2,15,1,5,2,4,2,0
3825898,Manuel Agudo Durán,53,30,56.6,5,1,6,12,3,5,3,0,3,2
3825898,Nemanja Radoja,68,54,79.41,0,0,5,16,3,9,6,0,0,1
3825898,Théo Bongonda Mbul''Ofeko Batombo,15,13,86.67,0,0,5,4,1,5,0,1,0,0
3825898,Fayçal Fajr,47,36,76.6,0,0,1,14,2,7,1,0,0,1
3825898,Pedro Mosquera Parada,42,26,61.9,0,0,0,22,4,2,8,2,1,1
3825898,Gustavo Daniel Cabral Cáceres,66,56,84.85,0,0,0,20,3,5,8,0,0,3
3825898,Luis Alberto Romero Alconchel,28,17,60.71,2,0,1,12,0,6,8,0,1,0
3825898,Lucas Pérez Martínez,29,23,79.31,2,0,2,24,1,3,2,0,5,0
3825898,Federico Nicolás Cartabia,37,29,78.38,0,0,1,21,5,4,2,2,2,2
3825898,Juan Francisco Moreno Fuertes,35,23,65.71,1,0,1,5,4,4,3,2,0,0
3825898,Jonathan Castro Otto,60,48,80.0,0,0,2,17,3,2,2,1,1,1
3825898,Sergio Álvarez Conde,27,17,62.96,0,0,0,0,0,3,0,0,0,0
3825898,Hugo Mallo Novegil,75,59,78.67,0,0,1,8,3,6,2,1,0,0
3825898,Sergi Gómez Solà,64,57,89.06,0,0,0,8,1,5,2,1,0,1
3825898,Daniel Wass,55,41,74.55,0,0,0,9,1,3,9,1,0,2
3825898,Fernando Navarro i Corbacho,38,26,68.42,0,0,1,12,2,2,7,3,3,0
3825898,Alejandro Arribas Garrido,16,10,62.5,0,0,0,9,2,2,2,1,2,2
3825898,Germán Darío Lux,13,6,46.15,0,0,0,0,0,1,0,0,0,0
3825898,Celso Borges Mora,36,26,72.22,1,1,0,12,2,7,5,4,1,1
3825898,Sidnei Rechel da Silva Júnior,22,12,54.55,1,0,0,9,1,3,2,2,0,0
3825898,Manuel Fernández Muñíz,18,7,38.89,0,0,0,0,0,2,0,0,0,0
3825898,John Guidetti,4,3,75.0,0,0,1,2,0,0,1,0,0,0
3825898,Luis Carlos Correia Pinto,4,2,50.0,0,0,0,5,0,0,1,1,0,1
3825898,Alberto Lopo García,1,0,0.0,0,0,0,0,1,0,0,0,0,0
3825898,Pedro Pablo Hernández,7,6,85.71,0,0,0,0,0,0,0,1,0,1
3825893,Karim Benzema,42,34,80.95,4,1,1,11,0,1,3,0,0,0
3825893,Cristiano Ronaldo dos Santos Aveiro,41,30,73.17,6,0,5,8,0,1,2,1,1,2
3825893,Carlos Henrique Casimiro,78,72,92.31,0,0,0,19,1,6,2,4,4,5
3825893,Toni Kroos,103,92,89.32,1,0,2,8,0,7,2,0,1,0
3825893,Danilo Luiz da Silva,80,68,85.0,0,0,0,9,3,1,3,1,1,3
3825893,Lucas Vázquez Iglesias,60,48,80.0,3,1,1,4,0,5,2,3,0,0
3825893,Raphaël Varane,47,43,91.49,1,0,0,6,4,4,2,3,0,0
3825893,Sergio Ramos García,67,63,94.03,0,0,0,5,3,0,1,1,1,0
3825893,Marcelo Vieira da Silva Júnior,94,73,77.66,1,0,3,4,1,5,1,1,2,0
3825893,Denis Suárez Fernández,38,31,81.58,3,0,2,19,3,0,3,3,4,1
3825893,Bruno Soriano Llido,65,59,90.77,0,0,1,15,1,4,2,3,2,0
3825893,Adrián López Álvarez,21,12,57.14,0,0,0,17,1,0,1,1,0,0
3825893,Keylor Navas Gamboa,29,20,68.97,0,0,0,0,0,6,0,0,0,0
3825893,Cédric Bakambu,22,17,77.27,0,0,3,27,0,2,1,1,0,3
3825893,Mario Gaspar Pérez Martínez,66,51,77.27,0,0,0,16,4,7,5,2,0,2
3825893,Eric Bertrand Bailly,28,27,96.43,0,0,0,7,3,3,4,2,1,0
3825893,Daniele Bonera,36,28,77.78,0,0,0,8,2,0,2,4,0,0
3825893,Antonio Rukavina,57,48,84.21,0,0,1,8,3,4,1,3,0,0
3825893,Luka Modrić,70,64,91.43,3,1,2,9,5,11,0,0,1,0
3825893,Jonathan dos Santos Ramírez,30,23,76.67,1,0,2,20,1,4,2,2,1,1
3825893,Manuel Trigueros Muñoz,45,37,82.22,0,0,1,22,1,3,1,0,1,2
3825893,Sergio Asenjo Andrés,27,19,70.37,0,0,0,0,0,1,0,0,0,0
3825893,Samuel García Sánchez,19,13,68.42,1,0,0,9,1,1,1,0,0,0
3825893,Leonardo Carrilho Baptistão,12,8,66.67,0,0,3,9,0,1,2,2,1,2
3825893,Francisco Román Alarcón Suárez,15,14,93.33,1,0,1,9,0,2,1,0,0,1
3825893,Rodrigo Hernández Cascante,23,19,82.61,0,0,0,5,1,3,2,1,1,0
3825893,James David Rodríguez Rubio,16,15,93.75,0,0,0,2,0,0,0,0,0,0
3825893,Jesé Rodríguez Ruiz,4,2,50.0,0,0,0,0,0,0,0,0,0,0
3825892,Imanol Agirretxe Arruti,31,20,64.52,4,3,4,12,1,0,7,1,3,1
3825892,Íñigo Martínez Berridi,43,32,74.42,0,0,0,8,1,0,10,1,1,2
3825892,Carlos Alberto Vela Garrido,21,14,66.67,0,0,2,6,0,4,1,2,3,4
3825892,Cristiano Biraghi,59,40,67.8,0,0,4,5,1,6,3,3,3,0
3825892,Matheus Dória Macedo,21,15,71.43,0,0,0,2,0,2,4,0,0,1
3825892,Rene Krhin,40,36,90.0,0,0,2,12,0,10,3,0,0,4
3825892,Jean-Sylvain Claude Babin,37,27,72.97,0,0,0,9,1,3,2,1,1,2
3825892,Andrés Eduardo Fernández Moreno,34,21,61.76,0,0,0,0,0,5,0,0,0,0
3825892,Youssef El-Arabi,33,22,66.67,3,0,4,12,0,5,12,1,2,2
3825892,Asier Illarramendi Andonegi,49,32,65.31,1,0,2,22,4,7,5,3,4,2
3825892,Sergio Canales Madrazo,27,20,74.07,1,0,0,12,0,1,3,0,1,2
3825892,Isaac Ajayi Success,23,17,73.91,1,0,5,10,0,3,6,1,1,1
3825892,Alberto De La Bella Madureño,38,28,73.68,0,0,1,8,2,1,1,2,1,1
3825892,Oier Olazábal Paredes,37,19,51.35,0,0,0,0,0,10,0,0,1,0
3825892,Diego Antonio Reyes Rosales,28,19,67.86,0,0,0,6,2,2,1,1,1,0
3825892,Esteban Félix Granero Molina,20,15,75.0,0,0,2,24,0,2,5,3,2,3
3825892,Edgar Antonio Méndez Ortega,15,8,53.33,1,0,2,12,1,3,8,1,2,2
3825892,Aritz Elustondo Irribaria,39,22,56.41,0,0,0,13,3,2,4,4,0,0
3825892,Javier Márquez Moreno,45,30,66.67,5,0,1,16,0,6,3,2,4,4
3825892,David Zurutuza Veillet,49,36,73.47,0,0,1,15,0,4,7,2,3,2
3825892,Hugo Miguel Almeida Costa Lopes,58,40,68.97,0,0,7,15,0,6,5,2,0,5
3825892,Rubén Rochina Naixes,30,19,63.33,0,0,1,5,0,2,5,0,3,0
3825892,Rubén Pardo Gutiérrez,22,17,77.27,1,0,0,5,1,1,1,2,0,2
3825892,Nicolás Federico López Alonso,22,12,54.55,0,0,1,1,1,6,1,0,0,1
3825892,Thievy Guivane Bifouma Koulossa,19,14,73.68,1,0,0,4,0,0,4,1,1,0
3825892,Xabier Prieto Argarate,26,21,80.77,0,0,1,2,1,2,2,0,0,0
3825892,Robert Ibáñez Castro,8,5,62.5,0,0,0,1,0,2,0,0,2,0
3825892,Armindo Tué Na Bangna,9,5,55.56,1,0,1,5,0,1,1,1,1,0
3825886,Nicolás Ladislao Fedor Flores,25,20,80.0,2,1,2,35,1,7,10,3,0,3
3825886,Pablo Hernández Domínguez,23,17,73.91,0,0,0,15,1,5,0,1,0,0
3825886,Jozabed Sánchez Ruiz,33,23,69.7,1,0,1,14,1,3,2,1,1,1
3825886,José Ángel Crespo Rincón,33,24,72.73,1,0,0,19,3,0,5,0,0,3
3825886,Tiago Manuel Dias Correia,28,17,60.71,3,0,7,18,1,7,4,1,1,1
3825886,Danilo Luiz da Silva,57,48,84.21,0,0,0,11,1,6,3,1,0,0
3825886,Keylor Navas Gamboa,29,18,62.07,0,0,0,0,0,6,0,0,0,0
3825886,Karim Benzema,11,9,81.82,2,0,1,5,0,0,1,0,0,0
3825886,Antonio Amaya Carazo,37,27,72.97,0,0,1,19,4,1,5,3,2,3
3825886,Adrián Embarba Blázquez,23,13,56.52,3,1,2,25,3,1,1,1,0,0
3825886,Marcelo Vieira da Silva Júnior,74,61,82.43,2,0,5,12,0,9,2,4,1,0
3825886,Francisco Román Alarcón Suárez,68,54,79.41,1,0,15,16,3,8,4,1,4,3
3825886,Jesé Rodríguez Ruiz,21,18,85.71,1,0,1,8,0,5,2,0,1,2
3825886,Joaquín José Marín Ruiz,41,24,58.54,0,0,2,21,3,8,7,3,2,1
3825886,Toni Kroos,69,61,88.41,0,0,0,21,1,2,3,4,1,0
3825886,Roberto Trashorras Gayoso,52,46,88.46,1,0,1,24,1,5,9,1,2,1
3825886,Mateo Kovačić,41,34,82.93,1,0,1,12,1,8,0,0,1,2
3825886,Gareth Frank Bale,51,36,70.59,6,2,1,9,2,3,4,1,2,0
3825886,Raphaël Varane,49,45,91.84,0,0,1,7,4,4,2,4,0,0
3825886,Juan Carlos Martín Corral,36,15,41.67,0,0,0,0,0,9,0,0,0,0
3825886,Roberto Román Triguero,27,22,81.48,0,0,1,11,2,3,1,3,0,2
3825886,Kléper Laveran Lima Ferreira,59,50,84.75,1,0,2,12,0,4,4,4,2,1
3825886,Lucas Vázquez Iglesias,29,23,79.31,2,1,2,10,0,2,3,0,4,0
3825886,Javier Guerra Rodríguez,8,5,62.5,0,0,1,10,0,2,7,0,1,0
3825886,Manuel Rolando Iturra Urrutia,12,7,58.33,0,0,0,16,2,0,0,1,1,2
3825886,Luka Modrić,21,16,76.19,0,0,1,8,0,2,1,1,1,2
3825886,Răzvan Dincă Raț,9,6,66.67,0,0,0,1,2,2,0,0,0,1
3825886,James David Rodríguez Rubio,10,6,60.0,0,0,0,0,0,3,0,0,0,0
3825885,Álvaro Vázquez García,19,15,78.95,2,0,2,13,2,1,4,0,1,0
3825885,Pablo Sarabia García,42,27,64.29,3,0,3,26,0,6,2,3,3,1
3825885,Mehdi Lacen,15,8,53.33,0,0,0,13,1,1,3,0,0,1
3825885,Roberto Lago Soto,46,40,86.96,0,0,3,14,1,6,7,0,0,1
3825885,Joaquín José Marín Ruiz,35,26,74.29,1,0,2,22,1,4,5,5,0,3
3825885,Santiago Vergini,39,26,66.67,0,0,2,9,4,10,2,0,1,0
3825885,Víctor Rodríguez Romero,16,12,75.0,0,0,1,23,1,2,2,4,2,1
3825885,Tiago Manuel Dias Correia,42,24,57.14,4,0,0,10,1,6,5,2,1,0
3825885,Álvaro Medrán Just,31,18,58.06,3,0,1,17,0,7,5,2,2,0
3825885,Pablo Hernández Domínguez,52,37,71.15,2,0,3,19,2,7,5,3,1,2
3825885,Roberto Trashorras Gayoso,67,46,68.66,0,0,8,11,2,5,4,0,2,1
3825885,Diego Javier Llorente Ríos,21,17,80.95,1,0,0,21,1,4,5,0,1,1
3825885,Roberto Román Triguero,37,22,59.46,0,0,1,13,2,0,1,6,0,1
3825885,Juan Carlos Martín Corral,32,21,65.62,0,0,1,0,0,6,0,0,0,0
3825885,Javier Guerra Rodríguez,24,16,66.67,1,1,0,9,0,1,9,2,2,1
3825885,Juan Antonio Rodríguez Villamuela,28,19,67.86,3,0,0,10,0,4,5,2,1,1
3825885,Nicolás Ladislao Fedor Flores,17,14,82.35,5,1,0,16,1,6,11,2,0,1
3825885,Juan Torres Ruiz,27,16,59.26,1,0,1,9,1,4,2,1,1,1
3825885,Carlos Martín Vigaray,40,29,72.5,0,0,1,19,1,4,7,5,0,2
3825885,Vicente Guaita Panadero,37,23,62.16,0,0,0,1,0,7,0,0,0,0
3825885,José Ángel Crespo Rincón,34,25,73.53,0,0,0,13,2,3,3,2,0,0
3825885,José Raúl Baena Urdiales,38,31,81.58,1,0,0,19,2,3,4,4,3,2
3825885,Yoel Rodríguez Oterino,0,0,0.0,0,0,0,0,0,0,0,0,0,0
3825885,Henok Goitom,11,8,72.73,0,0,1,2,0,0,3,1,1,2
3825885,Wanderson Maciel Sousa Campos,3,3,100.0,2,0,2,3,0,2,2,0,0,0
3825885,Alberto Mateus Contreiras Gonçalves,5,2,40.0,0,0,1,5,0,1,1,0,0,0
3825885,Emiliano Buendía,9,7,77.78,1,0,0,5,0,1,2,0,0,1
3825885,Jonhatan Montiel Caballero,8,5,62.5,0,0,0,1,0,4,0,0,0,0
3825885,Antonio Amaya Carazo,0,0,0.0,0,0,0,0,0,0,1,2,0,0
3825881,Gerard Moreno Balaguero,20,17,85.0,3,0,2,8,0,2,6,1,4,2
3825881,Álvaro González Soberón,56,50,89.29,2,0,1,4,1,3,3,2,1,0
3825881,Ricardo Miguel Moreira da Costa,30,27,90.0,1,0,0,11,0,1,2,3,0,1
3825881,Isaac Ajayi Success,21,14,66.67,2,0,8,17,0,3,6,2,4,3
3825881,Youssef El-Arabi,23,16,69.57,2,0,2,14,1,3,12,0,3,0
3825881,Javier López Rodríguez,57,40,70.18,0,0,1,19,2,5,8,1,2,3
3825881,Marco Asensio Willemsen,46,32,69.57,0,0,2,8,0,5,1,0,0,0
3825881,Cristiano Biraghi,49,35,71.43,0,0,0,6,2,5,6,2,1,1
3825881,David Rodríguez Lombán,37,24,64.86,0,0,1,7,2,4,2,3,0,1
3825881,Hernán Arsenio Pérez González,34,18,52.94,0,0,6,17,0,6,5,1,3,7
3825881,Óscar Esau Duarte Gaitán,45,37,82.22,1,0,0,24,2,6,3,2,0,5
3825881,David Barral Torres,13,9,69.23,0,0,1,4,0,3,1,0,2,2
3825881,Pau López Sabata,17,10,58.82,0,0,0,0,0,2,0,0,0,0
3825881,Andrés Eduardo Fernández Moreno,36,19,52.78,0,0,0,0,0,7,0,0,2,0
3825881,Abraham González Casanova,41,29,70.73,0,0,0,11,0,3,3,1,0,0
3825881,Rubén Rochina Naixes,34,17,50.0,2,1,5,13,1,10,3,4,8,2
3825881,Rubén Duarte Sánchez,65,49,75.38,1,0,0,14,0,6,5,0,1,4
3825881,Rubén Salvador Pérez Del Mármol,33,25,75.76,1,0,1,18,1,7,4,2,1,2
3825881,Hugo Miguel Almeida Costa Lopes,28,20,71.43,0,0,1,7,0,5,4,3,1,0
3825881,Abdoulaye Doucouré,35,28,80.0,0,0,2,16,3,10,3,1,1,0
3825881,Jorge Franco Alviz,36,23,63.89,2,0,6,3,1,3,1,0,0,0
3825881,Enzo Pablo Roco Roco,50,41,82.0,0,0,0,10,2,1,4,1,0,2
3825881,Mamadou Sylla Diallo,8,3,37.5,1,0,1,5,0,2,0,0,0,0
3825881,Edgar Antonio Méndez Ortega,5,3,60.0,0,0,1,3,0,2,2,0,0,0
3825881,Salvador Sevilla López,3,2,66.67,0,0,0,0,0,0,0,0,0,0
3825880,Lucas Pérez Martínez,28,18,64.29,4,0,1,18,0,3,5,2,2,1
3825880,Luis Alberto Romero Alconchel,31,23,74.19,2,1,5,31,1,6,4,4,0,1
3825880,Rubén Gracia Calmache,40,27,67.5,1,0,5,16,3,3,1,1,0,0
3825880,José Antonio García Rabasco,64,50,78.12,2,0,1,25,2,5,5,5,2,0
3825880,Jefferson Andrés Lerma Solís,55,46,83.64,0,0,0,11,2,5,1,1,0,1
3825880,Carl Medjani,41,29,70.73,1,0,0,5,0,3,1,0,0,0
3825880,Alejandro Arribas Garrido,29,24,82.76,0,0,0,7,2,2,1,1,2,1
3825880,Deyverson Brum Silva Acosta,30,13,43.33,0,0,1,33,0,0,8,1,2,4
3825880,José Luis Morales Nogales,30,17,56.67,1,0,4,24,2,5,2,2,0,0
3825880,Celso Borges Mora,49,42,85.71,1,0,0,13,0,6,5,2,2,1
3825880,Luis Carlos Correia Pinto,57,40,70.18,0,0,1,6,2,1,2,1,1,1
3825880,Fayçal Fajr,59,48,81.36,4,0,2,18,1,1,2,1,2,0
3825880,Juan Francisco Moreno Fuertes,63,47,74.6,0,0,4,5,7,6,2,2,1,0
3825880,Juan Francisco García García,41,27,65.85,0,0,2,17,0,3,4,2,0,1
3825880,Joan Verdú Fernández,35,28,80.0,1,0,2,24,1,3,2,1,1,0
3825880,Pedro Mosquera Parada,42,40,95.24,0,0,0,25,2,3,1,2,2,1
3825880,Fernando Navarro i Corbacho,40,29,72.5,0,0,0,11,0,4,5,1,1,0
3825880,Giuseppe Rossi,21,16,76.19,1,1,6,18,0,1,3,4,0,1
3825880,Simão Mate,46,38,82.61,1,0,1,9,3,7,4,3,2,2
3825880,Zouhair Feddal,27,19,70.37,0,0,0,3,2,1,3,0,0,2
3825880,Germán Darío Lux,35,17,48.57,0,0,0,0,0,6,0,0,0,0
3825880,Diego Mariño Villar,35,24,68.57,0,0,0,0,0,4,0,1,1,0
3825880,Federico Nicolás Cartabia,17,15,88.24,2,0,2,3,1,4,1,0,2,0
3825880,Víctor Casadesús Castaño,2,2,100.0,0,0,0,5,0,0,2,0,0,2
3825880,Rubén García Santos,5,3,60.0,0,0,0,4,0,1,1,2,0,2
3825880,Oriol Riera Magem,3,1,33.33,0,0,0,4,0,0,1,0,0,2
3825880,Mauricio Andrés Cuero Castillo,3,0,0.0,0,0,1,0,0,0,0,0,0,0
3825880,Alejandro Bergantiños García,1,1,100.0,0,0,0,2,1,0,0,0,0,0
3825879,Willian José da Silva,28,21,75.0,3,1,1,20,0,2,0,0,2,1
3825879,Jonathan Viera Ramos,64,54,84.38,2,0,2,36,1,5,3,3,0,2
3825879,Roque Mesa Quevedo,69,60,86.96,1,0,2,18,2,8,2,1,0,0
3825879,Javier Garrido Behovide,32,28,87.5,0,0,0,8,0,1,0,1,0,2
3825879,Jerónimo Figueroa Cabrera,62,52,83.87,2,0,2,16,1,5,1,2,4,0
3825879,Pedro Bigas Rigo,56,48,85.71,3,0,0,6,1,2,2,1,0,1
3825879,Mauricio Lemos Merladet,42,33,78.57,0,0,0,2,0,6,1,1,0,0
3825879,Keylor Navas Gamboa,19,7,36.84,0,0,0,0,0,5,0,0,0,1
3825879,Álvaro Arbeloa Coca,42,38,90.48,0,0,0,17,3,4,5,2,0,2
3825879,David García Santana,45,31,68.89,1,0,0,6,2,7,2,1,1,0
3825879,Gareth Frank Bale,24,13,54.17,3,0,4,12,3,0,3,3,0,0
3825879,Francisco Román Alarcón Suárez,41,38,92.68,1,0,1,14,0,2,2,2,0,1
3825879,Carlos Henrique Casimiro,70,61,87.14,1,1,0,28,2,6,4,5,2,2
3825879,Luka Modrić,90,82,91.11,0,0,2,10,5,6,0,1,0,0
3825879,Sergio Ramos García,40,34,85.0,2,1,1,6,1,3,3,3,1,1
3825879,Kléper Laveran Lima Ferreira,57,47,82.46,0,0,0,12,1,2,5,3,0,1
3825879,Francisco José Perdomo Borges,19,13,68.42,1,0,4,18,5,3,3,2,1,2
3825879,Lucas Vázquez Iglesias,49,41,83.67,0,0,4,25,2,2,1,0,4,3
3825879,Cristiano Ronaldo dos Santos Aveiro,18,16,88.89,4,0,1,11,0,0,1,0,0,1
3825879,Javier Varas Herrera,36,26,72.22,0,0,0,0,0,2,0,0,0,0
3825879,Ángel Montoro Sánchez,59,54,91.53,0,0,0,13,2,5,1,1,3,2
3825879,Daniel Carvajal Ramos,61,50,81.97,1,0,1,16,5,4,2,1,3,3
3825879,Dani Castellano Betancor,38,29,76.32,0,0,1,8,2,2,0,0,1,1
3825879,Mateo Kovačić,27,25,92.59,0,0,1,11,0,2,0,1,1,0
3825879,Nabil El Zhar,9,9,100.0,0,0,0,4,0,2,1,0,0,0
3825879,Jesé Rodríguez Ruiz,7,6,85.71,0,0,0,0,1,1,0,0,0,0
3825879,Sergio Ezequiel Araújo,2,1,50.0,2,0,0,3,0,1,0,0,0,0
3825879,Marcelo Vieira da Silva Júnior,0,0,0.0,0,0,0,0,0,0,1,0,0,0
3825878,Luciano Vietto,10,8,80.0,1,0,4,9,0,3,3,1,2,0
3825878,Ángel Martín Correa,25,14,56.0,3,0,9,26,0,9,11,2,1,2
3825878,Gabriel Fernández Arenas,31,21,67.74,0,0,0,19,2,6,8,1,1,1
3825878,Jesús Gámez Duarte,40,26,65.0,0,0,2,16,2,1,3,2,0,0
3825878,Joaquín José Marín Ruiz,57,37,64.91,2,0,3,23,4,3,6,0,0,2
3825878,Óliver Torres Muñoz,19,10,52.63,1,0,0,18,0,3,7,4,0,3
3825878,Diego Javier Llorente Ríos,69,61,88.41,0,0,2,25,4,8,8,3,1,1
3825878,José Ángel Crespo Rincón,62,52,83.87,0,0,1,15,4,3,5,0,0,0
3825878,Antonio Amaya Carazo,35,23,65.71,1,0,0,9,0,2,0,1,0,1
3825878,Thomas Teye Partey,25,15,60.0,1,0,4,21,1,4,8,1,2,0
3825878,Tiago Manuel Dias Correia,22,14,63.64,0,0,3,18,1,6,1,1,0,1
3825878,Juan Francisco Torres Belén,36,24,66.67,0,0,1,10,3,6,2,3,1,3
3825878,Nicolás Ladislao Fedor Flores,31,22,70.97,1,0,6,26,1,8,5,2,4,2
3825878,José María Giménez de Vargas,34,23,67.65,0,0,0,9,2,2,5,0,1,1
3825878,Roberto Román Triguero,62,48,77.42,1,0,1,22,2,7,2,6,5,1
3825878,Jozabed Sánchez Ruiz,70,56,80.0,2,0,0,21,1,8,2,1,1,1
3825878,Javier Guerra Rodríguez,29,23,79.31,3,0,1,21,1,1,6,0,1,2
3825878,Lucas Hernández Pi,31,18,58.06,0,0,2,10,3,4,2,6,1,1
3825878,Claudio Matías Kranevitter,25,17,68.0,0,0,0,11,0,1,3,4,1,2
3825878,Adrián Embarba Blázquez,33,17,51.52,2,0,4,21,4,4,6,2,1,1
3825878,Juan Carlos Martín Corral,46,37,80.43,0,0,0,0,0,2,0,0,0,0
3825878,Jan Oblak,35,16,45.71,0,0,0,0,0,6,0,0,1,0
3825878,Jorge Resurrección Merodio,19,12,63.16,1,0,1,8,1,4,3,3,0,0
3825878,Antoine Griezmann,13,10,76.92,2,1,1,11,2,0,3,3,0,1
3825878,Fernando José Torres Sanz,12,6,50.0,3,0,2,8,0,6,3,2,2,2
3825878,Francisco Medina Luna,16,10,62.5,1,0,3,7,1,3,2,1,1,1
3825878,Alberto Mateus Contreiras Gonçalves,6,5,83.33,0,0,0,3,1,0,3,0,0,1
3825878,Jonhatan Montiel Caballero,9,7,77.78,0,0,0,2,0,2,0,0,1,0
3825877,Adalberto Peñaranda Maestre,11,10,90.91,1,1,2,28,0,2,4,5,5,2
3825877,Youssef El-Arabi,26,14,53.85,3,0,5,17,2,5,8,1,1,3
3825877,Raúl García Escudero,43,28,65.12,0,0,3,26,0,7,3,1,3,3
3825877,Rubén Salvador Pérez Del Mármol,39,25,64.1,0,0,2,25,1,3,6,3,1,1
3825877,Aritz Aduriz Zubeldia,27,18,66.67,3,0,3,9,0,5,2,0,2,1
3825877,Dimitri Foulquier,42,32,76.19,1,0,3,22,4,5,6,1,0,2
3825877,Sabin Merino Zuloaga,2,1,50.0,0,0,0,1,0,0,0,0,1,0
3825877,Carlos Gurpegi Nausia,38,33,86.84,0,0,0,7,1,2,2,1,0,1
3825877,Xabier Etxeita Gorritxategi,58,47,81.03,0,0,1,6,1,2,2,1,0,2
3825877,Mikel Balenziaga Oruesagasti,38,32,84.21,0,0,2,14,3,7,3,3,3,2
3825877,Javier Márquez Moreno,17,12,70.59,0,0,0,8,0,0,1,2,0,0
3825877,David Rodríguez Lombán,47,38,80.85,0,0,0,10,0,4,3,2,0,1
3825877,Abdoulaye Doucouré,45,34,75.56,1,0,1,29,2,5,12,3,1,2
3825877,Beñat Etxebarria Urkiaga,81,63,77.78,0,0,2,16,1,6,1,1,1,2
3825877,Mikel San José Domínguez,47,37,78.72,1,0,0,15,1,4,8,4,0,2
3825877,Andrés Eduardo Fernández Moreno,40,27,67.5,0,0,1,0,0,8,0,0,1,0
3825877,Markel Susaeta Laskurain,30,26,86.67,0,0,4,16,1,3,2,3,0,1
3825877,Cristiano Biraghi,48,36,75.0,0,0,1,8,3,0,3,3,0,0
3825877,Jean-Sylvain Claude Babin,52,46,88.46,0,0,0,7,0,0,5,2,2,0
3825877,Gorka Iraizoz Moreno,31,20,64.52,0,0,0,0,0,3,0,0,0,0
3825877,Óscar de Marcos Arana,57,46,80.7,0,0,3,14,2,1,3,1,0,0
3825877,Juan Isaac Cuenca López,16,13,81.25,1,0,4,20,1,5,5,1,0,0
3825877,Íñigo Lekue Martínez,32,26,81.25,3,1,6,11,2,4,2,3,0,0
3825877,Robert Ibáñez Castro,10,7,70.0,1,0,0,5,0,2,2,0,4,0
3825877,Francisco Manuel Rico Castro,15,10,66.67,0,0,0,8,1,1,1,1,0,4
3825877,Mikel Rico Moreno,11,7,63.64,0,0,1,6,1,0,3,0,0,3
3825877,Iñaki Williams Arthuer,0,0,0.0,1,0,2,1,0,1,0,0,2,0
3825877,David Barral Torres,6,4,66.67,1,0,0,1,0,1,1,0,0,0
3825874,Pablo Sarabia García,19,14,73.68,1,0,4,9,0,4,1,0,4,2
3825874,Stefan Šćepović,25,18,72.0,0,0,0,8,0,1,5,0,2,1
3825874,Alexis Ruano Delgado,38,33,86.84,0,0,0,1,1,5,0,1,0,0
3825874,Pedro León Sánchez Gil,16,5,31.25,2,0,1,10,0,3,0,1,0,2
3825874,Vicente Iborra De La Fuente,17,15,88.24,0,0,1,10,1,1,2,2,0,2
3825874,Víctor Machín Pérez,43,36,83.72,2,0,6,21,3,5,2,1,3,5
3825874,Mariano Ferreira Filho,45,30,66.67,0,0,4,6,3,7,1,2,1,0
3825874,Víctor Rodríguez Romero,24,21,87.5,2,0,1,13,1,1,2,1,0,0
3825874,Sergio Rico González,24,23,95.83,0,0,0,0,1,5,0,0,0,0
3825874,Timothée Kolodziejczak,50,44,88.0,0,0,0,2,2,4,1,2,0,2
3825874,Grzegorz Krychowiak,54,48,88.89,0,0,1,7,3,3,3,2,1,1
3825874,Éver Maximiliano David Banega,49,39,79.59,4,1,3,13,2,6,3,2,7,3
3825874,Adil Rami,51,46,90.2,0,0,0,3,2,5,0,1,0,1
3825874,Benoît Trémoulinas,45,39,86.67,2,0,0,2,2,2,3,0,0,0
3825874,Juan Antonio Rodríguez Villamuela,29,24,82.76,0,0,0,18,2,2,6,0,3,3
3825874,Kevin Gameiro,18,12,66.67,7,3,3,7,0,3,3,0,1,1
3825874,Carlos Martín Vigaray,23,15,65.22,0,0,1,18,0,2,3,4,0,4
3825874,Yevhen Konoplyanka,43,34,79.07,5,1,5,7,0,5,4,1,3,0
3825874,Mehdi Lacen,54,43,79.63,0,0,0,19,1,6,2,0,3,2
3825874,Santiago Vergini,37,31,83.78,0,0,0,10,3,5,2,1,0,0
3825874,Vicente Guaita Panadero,34,19,55.88,0,0,0,0,0,5,0,0,0,0
3825874,Roberto Lago Soto,40,33,82.5,1,0,1,14,2,0,3,0,3,0
3825874,Wanderson Maciel Sousa Campos,16,14,87.5,0,0,2,14,0,2,2,1,2,1
3825874,Emiliano Buendía,13,10,76.92,0,0,2,11,0,3,0,0,1,1
3825874,Damián Nicolás Suárez Suárez,17,13,76.47,0,0,0,3,0,1,1,0,0,0
3825874,Steven N''Kemboanza Mike Christopher Nzonzi,34,33,97.06,0,0,0,2,0,1,1,1,0,0
3825874,Michael Krohn-Dehli,25,21,84.0,1,0,2,2,0,3,1,1,0,3
3825874,Fernando Llorente Torres,3,2,66.67,1,0,0,2,0,1,2,1,0,0
3825873,Daniel Parejo Muñoz,102,83,81.37,1,0,5,30,3,4,1,0,4,2
3825873,Shkodran Mustafi,49,45,91.84,1,0,0,15,3,2,1,5,0,2
3825873,Santiago Mina Lorenzo,25,21,84.0,0,0,1,17,1,2,2,1,3,0
3825873,Mateo Pablo Musacchio,22,19,86.36,0,0,0,7,0,0,1,1,0,1
3825873,Guilherme Magdalena Siqueira,81,71,87.65,0,0,3,15,2,6,2,2,0,0
3825873,Samuel García Sánchez,42,32,76.19,1,1,2,27,0,5,6,1,4,3
3825873,Roberto Soldado Rillo,32,24,75.0,2,0,5,14,0,6,5,0,3,3
3825873,Antonio Rukavina,45,37,82.22,0,0,2,15,1,2,1,2,0,2
3825873,Manuel Trigueros Muñoz,74,63,85.14,1,0,1,19,2,6,3,1,0,0
3825873,Álvaro Negredo Sánchez,24,16,66.67,1,0,0,7,0,4,0,0,0,2
3825873,André Filipe Tavares Gomes,61,50,81.97,1,0,2,23,0,5,1,2,1,1
3825873,Adrián López Álvarez,45,33,73.33,1,1,4,15,0,4,3,0,3,2
3825873,Samuel Castillejo Azuaga,46,34,73.91,1,0,4,15,2,4,4,2,3,0
3825873,Rodrigo Moreno Machado,53,47,88.68,1,0,4,14,0,3,2,2,1,2
3825873,Javier Fuego Martínez,55,48,87.27,1,0,0,19,3,4,3,1,2,1
3825873,Rodrigo Hernández Cascante,40,38,95.0,2,0,1,13,1,7,4,1,0,1
3825873,João Pedro Cavaco Cancelo,67,50,74.63,0,0,7,13,5,5,3,3,0,3
3825873,Daniele Bonera,26,25,96.15,0,0,0,10,2,2,1,2,1,0
3825873,Aderllan Leandro de Jesus Santos,38,36,94.74,1,0,3,16,5,8,5,3,1,3
3825873,Adrián Marín Gómez,46,35,76.09,0,0,2,8,2,5,5,2,0,1
3825873,Diego Alves Carreira,21,18,85.71,0,0,0,0,0,3,0,0,0,0
3825873,Alphonse Areola,34,19,55.88,0,0,0,0,0,3,0,0,1,0
3825873,Denis Cheryshev,12,9,75.0,0,0,0,2,0,2,0,0,0,0
3825873,Bruno Soriano Llido,23,21,91.3,0,0,0,3,0,1,2,1,0,0
3825873,Mario Gaspar Pérez Martínez,17,16,94.12,0,0,0,1,0,0,1,3,0,0
3825873,Enzo Nicolás Pérez,27,23,85.19,0,0,1,4,0,0,0,0,0,0
3825873,Víctor Ruíz Torre,12,11,91.67,0,0,0,4,1,0,1,1,1,0
3825873,Francisco Alcácer García,1,0,0.0,0,0,0,3,0,0,0,1,0,1
3825872,Rubén Castro Martín,34,24,70.59,1,1,2,3,1,4,3,0,3,1
3825872,Charly Musonda Junior,23,19,82.61,1,0,1,15,3,4,1,1,2,0
3825872,Germán Alejandro Pezzella,45,39,86.67,1,0,0,9,3,4,1,1,0,2
3825872,Álvaro Cejudo Carmona,23,17,73.91,1,0,6,24,5,1,3,3,2,0
3825872,Jorge Resurrección Merodio,62,49,79.03,0,0,2,23,1,4,6,1,3,1
3825872,Heiko Westermann,43,38,88.37,2,0,0,10,1,7,3,3,0,0
3825872,Antonio Adán Garrido,38,24,63.16,0,0,0,0,0,6,0,0,0,0
3825872,Martín Montoya Torralbo,54,46,85.19,0,0,1,16,2,3,5,3,1,0
3825872,Fernando José Torres Sanz,14,11,78.57,4,1,3,12,0,3,6,1,2,1
3825872,Francisco José Molinero Calderón,73,57,78.08,0,0,4,11,3,8,3,1,0,2
3825872,Antoine Griezmann,29,23,79.31,8,2,1,21,2,2,5,1,0,1
3825872,Saúl Ñíguez Esclapez,36,25,69.44,1,0,3,27,1,7,6,4,0,2
3825872,Jan Oblak,17,8,47.06,0,0,0,0,0,5,0,1,0,0
3825872,Lucas Hernández Pi,34,28,82.35,0,0,0,8,2,1,4,1,0,0
3825872,Gabriel Fernández Arenas,66,49,74.24,0,0,6,24,1,6,7,0,2,5
3825872,Juan Francisco Torres Belén,52,34,65.38,2,1,2,10,1,9,2,0,0,0
3825872,Alfred John Momar N''Diaye,45,33,73.33,0,0,2,22,3,5,4,4,1,4
3825872,Fabián Ruiz Peña,24,19,79.17,0,0,1,8,2,2,2,3,0,0
3825872,Augusto Matías Fernández,37,33,89.19,0,0,0,23,0,7,7,2,0,2
3825872,Filipe Luís Kasmirski,70,52,74.29,0,0,6,21,4,6,6,5,4,1
3825872,Daniel Ceballos Fernández,54,46,85.19,1,0,3,21,2,5,3,1,3,1
3825872,Ignacio Monsalve Vicente,32,26,81.25,0,0,0,4,1,0,1,1,0,1
3825872,Foued Kadir,22,18,81.82,0,0,2,9,0,3,2,1,0,1
3825872,Leandro Damião da Silva dos Santos,6,5,83.33,0,0,0,9,0,0,1,0,1,1
3825872,Ángel Martín Correa,14,11,78.57,0,0,1,3,0,4,0,0,1,0
3825872,Thomas Teye Partey,10,9,90.0,2,1,1,3,0,1,1,0,0,1
3825872,Xavier Torres Buigues,20,19,95.0,1,0,0,2,0,4,2,0,1,1
3825872,Claudio Matías Kranevitter,8,8,100.0,0,0,0,4,1,1,1,0,0,1
3825870,Beñat Etxebarria Urkiaga,82,65,79.27,2,0,2,10,4,4,5,0,4,0
3825870,Mikel San José Domínguez,63,49,77.78,0,0,0,11,3,3,5,0,1,0
3825870,Xabier Etxeita Gorritxategi,30,23,76.67,0,0,0,3,0,3,1,0,0,0
3825870,Hugo Mallo Novegil,50,34,68.0,0,0,0,10,1,5,3,0,1,1
3825870,Gustavo Daniel Cabral Cáceres,25,18,72.0,0,0,0,7,1,4,3,0,1,2
3825870,Fabián Ariel Orellana Valenzuela,37,29,78.38,3,1,9,14,2,6,5,4,4,1
3825870,Mikel Balenziaga Oruesagasti,42,31,73.81,0,0,0,19,2,1,2,2,1,2
3825870,Aritz Aduriz Zubeldia,20,12,60.0,1,1,1,13,0,1,5,1,2,2
3825870,Marcelo Alfonso Díaz Rojas,30,24,80.0,0,0,1,13,3,7,2,0,0,2
3825870,Raúl García Escudero,30,12,40.0,5,1,0,29,1,6,8,1,4,5
3825870,Iker Muniain Goñi,26,18,69.23,1,0,1,8,2,2,2,0,2,1
3825870,Iago Aspas Juncal,23,20,86.96,0,0,0,12,0,1,5,0,0,0
3825870,Óscar de Marcos Arana,48,29,60.42,0,0,0,10,3,3,1,1,1,0
3825870,Manuel Agudo Durán,42,22,52.38,0,0,7,13,1,9,5,2,2,1
3825870,Pedro Pablo Hernández,33,16,48.48,0,0,1,16,3,6,9,3,4,3
3825870,Gorka Iraizoz Moreno,32,22,68.75,0,0,0,0,0,3,0,0,0,0
3825870,Sergi Gómez Solà,38,26,68.42,0,0,0,15,4,10,5,4,1,4
3825870,Eneko Bóveda Altube,65,54,83.08,0,0,1,13,2,6,2,2,0,1
3825870,Jonathan Castro Otto,36,23,63.89,0,0,1,6,3,7,3,3,0,1
3825870,Markel Susaeta Laskurain,32,17,53.12,1,0,3,18,3,4,3,2,2,0
3825870,Sergio Álvarez Conde,39,18,46.15,0,0,0,0,0,6,0,0,0,0
3825870,Daniel Wass,28,17,60.71,1,0,1,9,0,2,4,0,0,4
3825870,Nemanja Radoja,4,3,75.0,0,0,0,7,3,1,1,1,0,0
3825870,Ander Iturraspe Derteano,23,18,78.26,1,0,0,6,0,4,4,0,0,3
3825870,Iñaki Williams Arthuer,7,1,14.29,0,0,0,5,0,0,1,0,1,0
3825870,Carles Planas Antolínez,9,6,66.67,0,0,0,1,1,0,0,1,0,0
3825870,Borja Viguera Manzanares,0,0,0.0,0,0,0,1,0,0,2,1,0,0
3825870,John Guidetti,1,0,0.0,1,0,0,0,0,0,1,0,0,0
3825868,Adalberto Peñaranda Maestre,19,11,57.89,2,0,7,9,1,1,7,0,3,3
3825868,Youssef El-Arabi,23,14,60.87,3,1,2,20,0,6,6,3,2,3
3825868,Jean-Sylvain Claude Babin,28,18,64.29,1,0,0,13,4,4,3,3,1,2
3825868,Sergi Gómez Solà,57,49,85.96,1,0,0,14,3,3,8,1,0,1
3825868,Fabián Ariel Orellana Valenzuela,67,58,86.57,3,0,3,8,2,7,5,1,1,0
3825868,Pedro Pablo Hernández,63,51,80.95,1,0,3,19,1,9,7,1,6,2
3825868,Abdoulaye Doucouré,39,35,89.74,1,0,2,30,1,10,4,1,0,3
3825868,Rubén Rochina Naixes,28,14,50.0,0,0,1,10,2,3,3,0,2,1
3825868,Manuel Agudo Durán,44,30,68.18,2,0,2,11,1,6,5,1,5,1
3825868,Carles Planas Antolínez,53,42,79.25,0,0,1,17,1,0,2,3,1,1
3825868,Gustavo Daniel Cabral Cáceres,65,54,83.08,0,0,0,15,2,6,8,4,1,0
3825868,Hugo Mallo Novegil,69,60,86.96,1,0,0,22,1,3,3,1,0,4
3825868,Iago Aspas Juncal,51,41,80.39,5,2,1,19,0,5,4,1,2,2
3825868,Rene Krhin,16,12,75.0,0,0,0,20,1,0,1,0,0,2
3825868,Marcelo Alfonso Díaz Rojas,60,54,90.0,1,0,1,16,3,5,2,0,1,2
3825868,David Rodríguez Lombán,38,30,78.95,1,0,0,6,2,3,2,5,0,2
3825868,Andrés Eduardo Fernández Moreno,32,16,50.0,0,0,0,0,0,9,0,0,0,0
3825868,Hugo Miguel Almeida Costa Lopes,43,37,86.05,0,0,0,7,4,1,4,0,1,2
3825868,John Guidetti,20,15,75.0,1,0,0,17,1,1,2,1,4,0
3825868,Cristiano Biraghi,47,27,57.45,0,0,0,7,1,4,6,2,0,1
3825868,Juan Isaac Cuenca López,29,24,82.76,2,0,1,13,1,5,4,2,2,1
3825868,Rubén Blanco Veiga,33,20,60.61,0,0,0,0,0,7,0,0,0,0
3825868,Francisco Manuel Rico Castro,15,5,33.33,2,0,1,5,0,3,4,2,0,1
3825868,Daniel Wass,10,6,60.0,1,0,0,4,0,1,1,0,0,0
3825868,Robert Ibáñez Castro,7,4,57.14,0,0,0,3,0,2,2,0,0,1
3825868,David Barral Torres,1,1,100.0,0,0,0,3,0,1,0,0,1,0
3825868,Jonathan Castro Otto,2,2,100.0,0,0,0,3,0,1,0,0,0,1
3825868,Nemanja Radoja,2,2,100.0,0,0,0,0,0,0,0,0,0,0
3825866,Aritz Aduriz Zubeldia,14,10,71.43,3,0,2,17,0,3,3,1,0,4
3825866,Gorka Elustondo Urkola,47,37,78.72,0,0,0,10,7,5,5,0,0,0
3825866,Dani Castellano Betancor,70,60,85.71,0,0,3,16,1,1,5,5,3,1
3825866,Jonathan Viera Ramos,53,39,73.58,2,0,8,23,3,4,2,0,1,0
3825866,Óscar de Marcos Arana,28,20,71.43,0,0,1,26,0,4,1,4,0,2
3825866,Iñaki Williams Arthuer,17,5,29.41,0,0,2,13,0,3,3,0,1,0
3825866,Hernán Daniel Santana Trujillo,67,56,83.58,0,0,3,27,2,6,3,1,2,3
3825866,Raúl García Escudero,27,17,62.96,1,0,0,16,1,3,5,0,2,3
3825866,José Vicente Gómez Umpiérrez,69,64,92.75,1,0,3,11,2,1,3,0,4,2
3825866,Aythami Artiles Oliva,83,74,89.16,0,0,0,9,1,2,5,1,1,0
3825866,David García Santana,73,59,80.82,0,0,2,5,3,3,2,1,1,0
3825866,Raúl Lizoáin Cruz,41,30,73.17,0,0,0,1,0,9,0,0,0,0
3825866,Pedro Bigas Rigo,69,64,92.75,0,0,1,7,3,4,2,2,3,0
3825866,Willian José da Silva,24,18,75.0,1,0,0,18,0,0,4,0,2,1
3825866,Eneko Bóveda Altube,47,37,78.72,0,0,0,19,3,1,5,0,1,3
3825866,Mikel San José Domínguez,45,37,82.22,2,0,1,22,1,6,4,2,0,5
3825866,Juan Carlos Valerón Santana,52,44,84.62,0,0,7,11,2,4,1,0,3,0
3825866,Gorka Iraizoz Moreno,41,24,58.54,0,0,0,0,0,8,0,0,1,0
3825866,Beñat Etxebarria Urkiaga,57,41,71.93,1,0,0,16,3,7,4,2,1,1
3825866,Iker Muniain Goñi,45,36,80.0,0,0,4,12,2,8,2,0,4,1
3825866,Pedro Taunausú Domínguez Placeres,35,27,77.14,0,0,1,16,1,2,0,1,1,1
3825866,Mikel Balenziaga Oruesagasti,40,29,72.5,0,0,1,14,2,4,3,2,0,2
3825866,Carlos Gurpegi Nausia,15,12,80.0,0,0,0,2,0,1,1,0,0,0
3825866,Markel Susaeta Laskurain,24,18,75.0,1,0,4,10,0,2,2,0,1,0
3825866,Jerónimo Figueroa Cabrera,22,18,81.82,0,0,1,5,0,3,1,0,0,2
3825866,Ángel Domingo López Ruano,22,20,90.91,0,0,0,8,0,2,0,2,0,2
3825866,Ander Iturraspe Derteano,11,7,63.64,1,0,1,6,0,3,1,1,1,0
3825866,Nauzet Alemán Viera,7,5,71.43,0,0,0,5,1,0,0,1,0,0
3825865,Alen Halilović,18,14,77.78,1,0,1,8,0,4,3,0,2,0
3825865,Carlos Carmona Bonet,22,17,77.27,0,0,1,16,2,2,6,1,1,1
3825865,Sergio Álvarez Díaz,39,24,61.54,1,1,3,30,0,5,9,6,2,4
3825865,Arnaldo Antonio Sanabria Ayala,20,16,80.0,2,0,4,12,2,1,7,1,3,1
3825865,Santiago Vergini,45,32,71.11,1,0,1,11,5,5,3,0,0,2
3825865,Moisés Gómez Bordonado,26,21,80.77,0,0,2,11,0,5,1,1,0,0
3825865,Damián Nicolás Suárez Suárez,68,54,79.41,0,0,2,16,3,5,4,1,3,1
3825865,Jonathan Rodríguez Menéndez,30,15,50.0,3,0,7,15,3,1,2,4,3,0
3825865,Álvaro Medrán Just,44,36,81.82,3,0,4,19,0,4,2,0,5,3
3825865,Álvaro Vázquez García,17,12,70.59,1,0,2,16,1,2,6,1,1,2
3825865,Ismael López Blanco,50,32,64.0,2,0,1,23,1,9,4,8,0,0
3825865,Jorge Meré Pérez,20,17,85.0,0,0,1,10,1,2,7,0,0,0
3825865,Pedro León Sánchez Gil,47,30,63.83,9,0,15,12,0,9,1,2,1,0
3825865,Iván Cuéllar Sacristán,38,15,39.47,0,0,0,0,0,3,0,0,0,0
3825865,Luis Hernández Rodríguez,29,21,72.41,0,0,0,7,3,3,1,0,1,1
3825865,Alberto Lora Ramos,40,24,60.0,0,0,0,21,3,4,6,2,0,2
3825865,Pablo Sarabia García,45,25,55.56,2,0,5,15,1,2,1,0,3,2
3825865,Juan Torres Ruiz,27,19,70.37,0,0,0,7,1,3,4,1,0,1
3825865,Ignacio Cases Mora,10,6,60.0,0,0,0,16,1,2,1,0,0,3
3825865,Vicente Guaita Panadero,25,18,72.0,0,0,0,0,0,7,0,0,0,0
3825865,Carlos Martín Vigaray,24,17,70.83,0,0,0,14,2,0,3,4,0,1
3825865,Mehdi Lacen,55,48,87.27,0,0,0,17,0,12,2,0,0,2
3825865,Stefan Šćepović,12,12,100.0,2,1,0,4,0,1,1,1,0,0
3825865,Rachid Aït-Atmane,16,14,87.5,0,0,0,10,2,5,0,1,1,1
3825865,Emiliano Buendía,23,19,82.61,1,0,1,3,0,2,0,1,1,0
3825865,Alejandro Menéndez Díez,4,3,75.0,0,0,0,8,0,0,1,0,0,1
3825865,Abdoul Karim Yoda,6,4,66.67,0,0,1,4,0,3,0,0,1,1
3825865,Miguel Ángel Guerrero Martín,1,1,100.0,0,0,0,5,0,0,0,0,0,1
3825864,Borja Mayoral Moya,12,9,75.0,0,0,0,17,0,0,5,1,0,1
3825864,Carlos Henrique Casimiro,64,55,85.94,1,0,2,21,1,5,6,6,3,2
3825864,Danilo Luiz da Silva,56,39,69.64,2,0,1,7,0,4,1,3,0,0
3825864,Raphaël Varane,52,43,82.69,1,0,0,8,0,4,0,2,0,1
3825864,Mikel Oyarzabal Ugarte,31,25,80.65,1,0,2,19,1,3,9,0,2,0
3825864,James David Rodríguez Rubio,62,49,79.03,4,0,3,13,1,4,3,1,1,0
3825864,José Ignacio Fernández Iglesias,38,35,92.11,1,0,1,24,0,4,2,2,1,4
3825864,Lucas Vázquez Iglesias,39,29,74.36,0,0,3,19,1,3,1,3,4,2
3825864,Markel Bergara Larrañaga,24,17,70.83,0,0,0,12,1,1,4,1,1,3
3825864,Asier Illarramendi Andonegi,60,41,68.33,0,0,0,22,2,4,6,3,2,2
3825864,Joseba Zaldúa Bengoetxea,39,28,71.79,1,0,3,27,2,2,5,2,2,5
3825864,Aritz Elustondo Irribaria,45,35,77.78,0,0,0,6,2,1,4,1,1,0
3825864,Gerónimo Rulli,34,23,67.65,0,0,0,0,0,3,0,0,1,0
3825864,Yuri Berchiche Izeta,53,36,67.92,0,0,1,13,2,7,2,2,3,3
3825864,Gareth Frank Bale,38,30,78.95,6,1,3,7,1,6,2,0,4,2
3825864,Mikel González de Martín Martínez,42,34,80.95,2,0,0,14,1,2,8,4,0,1
3825864,Luka Modrić,55,44,80.0,0,0,6,15,1,7,3,2,3,2
3825864,Sergio Ramos García,71,61,85.92,1,0,0,9,3,7,3,2,3,2
3825864,Armindo Tué Na Bangna,30,21,70.0,2,0,3,14,2,8,2,2,1,0
3825864,Keylor Navas Gamboa,29,16,55.17,0,0,0,0,0,4,0,0,0,0
3825864,David Zurutuza Veillet,41,38,92.68,4,0,5,21,2,8,4,1,1,2
3825864,Xabier Prieto Argarate,36,21,58.33,1,0,3,11,1,2,3,0,4,3
3825864,Jesé Rodríguez Ruiz,5,3,60.0,2,0,3,7,0,0,1,1,0,2
3825864,Diego Antonio Reyes Rosales,15,12,80.0,0,0,0,6,0,3,3,0,0,0
3825864,Francisco Román Alarcón Suárez,13,11,84.62,0,0,1,5,0,2,1,0,0,0
3825864,Jon Bautista Orgilles,3,2,66.67,0,0,1,2,0,0,1,0,0,0
3825864,Héctor Hernández Ortega,8,4,50.0,0,0,0,0,0,1,0,1,0,0
3825864,Mateo Kovačić,0,0,0.0,0,0,0,3,0,0,0,1,0,0
3825862,Gerard Moreno Balaguero,22,13,59.09,0,0,8,24,0,1,12,1,1,1
3825862,Marco Asensio Willemsen,44,32,72.73,3,1,5,25,0,10,4,2,2,0
3825862,Papa Kouly Diop,45,34,75.56,1,0,0,37,5,6,14,0,3,4
3825862,Pedro Pablo Hernández,64,54,84.38,0,0,1,15,3,7,10,4,7,5
3825862,Álvaro González Soberón,46,27,58.7,0,0,0,11,0,4,2,1,0,3
3825862,Iago Aspas Juncal,23,13,56.52,1,1,2,17,1,2,4,1,1,2
3825862,Hernán Arsenio Pérez González,39,29,74.36,1,0,6,19,0,2,5,0,3,3
3825862,Carles Planas Antolínez,77,65,84.42,0,0,0,22,2,3,7,1,0,1
3825862,Sergi Gómez Solà,55,49,89.09,0,0,0,25,10,3,5,0,0,2
3825862,Nemanja Radoja,61,47,77.05,0,0,1,22,2,11,6,3,2,3
3825862,Sergio Álvarez Conde,28,15,53.57,0,0,0,0,0,5,0,0,0,0
3825862,Óscar Esau Duarte Gaitán,29,20,68.97,0,0,0,7,3,2,1,2,0,2
3825862,Jonathan Castro Otto,72,62,86.11,0,0,3,13,0,6,2,3,0,1
3825862,Gustavo Daniel Cabral Cáceres,79,66,83.54,0,0,0,13,1,8,13,2,0,1
3825862,Marcelo Alfonso Díaz Rojas,93,79,84.95,0,0,1,10,0,9,1,3,1,0
3825862,Abraham González Casanova,37,24,64.86,4,0,0,13,2,7,1,2,0,1
3825862,Manuel Agudo Durán,50,37,74.0,2,0,5,18,0,3,6,1,4,2
3825862,Javier López Rodríguez,59,40,67.8,0,0,1,16,7,8,5,1,1,2
3825862,Víctor Sánchez Mata,35,27,77.14,0,0,4,36,6,9,6,3,5,2
3825862,Fabián Ariel Orellana Valenzuela,59,41,69.49,0,0,9,10,1,12,4,0,1,0
3825862,Rubén Duarte Sánchez,43,33,76.74,0,0,0,22,4,6,9,2,0,0
3825862,Pau López Sabata,23,10,43.48,0,0,0,0,0,4,0,0,0,0
3825862,Felipe Salvador Caicedo Corozo,11,7,63.64,0,0,0,3,0,0,6,0,1,0
3825862,Enzo Pablo Roco Roco,10,7,70.0,0,0,0,3,1,0,0,0,0,0
3825862,John Guidetti,5,4,80.0,0,0,1,10,0,1,1,0,2,2
3825862,Jorge Franco Alviz,4,3,75.0,0,0,1,5,0,0,1,1,1,0
3825861,Pablo Hernández Domínguez,84,63,75.0,2,0,2,10,2,10,0,1,0,0
3825861,Nicolás Ladislao Fedor Flores,31,21,67.74,2,0,1,18,0,4,14,3,1,2
3825861,Jozabed Sánchez Ruiz,22,19,86.36,1,0,0,6,0,3,3,0,0,0
3825861,Alberto De La Bella Madureño,33,25,75.76,0,0,2,12,5,4,7,2,1,0
3825861,Adrián Embarba Blázquez,65,40,61.54,3,0,2,20,4,11,4,6,0,2
3825861,Diego Antonio Reyes Rosales,22,15,68.18,1,0,2,7,2,2,6,3,1,1
3825861,Gerónimo Rulli,49,21,42.86,0,0,0,0,0,8,0,0,0,0
3825861,Xabier Prieto Argarate,43,32,74.42,0,0,1,16,0,5,3,3,1,1
3825861,Tiago Manuel Dias Correia,19,13,68.42,2,0,2,7,2,2,1,1,0,1
3825861,Asier Illarramendi Andonegi,32,26,81.25,1,0,0,25,1,3,6,1,3,0
3825861,Roberto Román Triguero,55,41,74.55,1,0,0,16,2,5,6,3,0,1
3825861,Aritz Elustondo Irribaria,32,20,62.5,0,0,1,16,4,5,2,4,1,0
3825861,Carlos Alberto Vela Garrido,9,8,88.89,1,0,2,7,1,0,1,0,0,1
3825861,Mikel González de Martín Martínez,14,10,71.43,0,0,0,6,1,1,4,3,1,0
3825861,Mikel Oyarzabal Ugarte,29,20,68.97,3,1,5,33,0,9,5,3,2,1
3825861,José Ángel Crespo Rincón,41,32,78.05,0,0,0,14,1,4,5,0,1,4
3825861,Diego Javier Llorente Ríos,62,50,80.65,0,0,0,14,0,8,11,2,1,1
3825861,Joaquín José Marín Ruiz,63,40,63.49,1,0,2,17,3,7,6,1,0,2
3825861,David Zurutuza Veillet,35,20,57.14,2,0,3,20,0,8,4,4,0,1
3825861,Roberto Trashorras Gayoso,90,77,85.56,0,0,2,8,3,7,1,2,4,1
3825861,Esteban Félix Granero Molina,32,23,71.88,0,0,3,26,1,2,4,0,2,2
3825861,Juan Carlos Martín Corral,25,19,76.0,0,0,0,1,0,4,0,0,0,0
3825861,Jon Bautista Orgilles,17,12,70.59,3,1,0,13,0,1,2,0,2,1
3825861,Javier Guerra Rodríguez,18,14,77.78,4,1,1,4,1,1,7,1,1,0
3825861,Alberto Mateus Contreiras Gonçalves,5,3,60.0,1,0,0,4,0,0,1,0,0,1
3825861,Rubén Pardo Gutiérrez,7,3,42.86,0,0,0,5,0,1,1,0,0,0
3825861,Armindo Tué Na Bangna,3,2,66.67,1,0,1,3,0,2,1,0,1,0
3825861,Jonhatan Montiel Caballero,10,8,80.0,0,0,1,1,0,1,0,0,0,2
3825859,Sergio Ezequiel Araújo,22,20,90.91,5,0,1,5,0,4,3,1,2,0
3825859,Jonathan Viera Ramos,76,63,82.89,4,2,1,11,0,6,4,4,1,2
3825859,Roque Mesa Quevedo,71,62,87.32,0,0,1,8,2,2,2,1,0,2
3825859,Youssef El-Arabi,25,17,68.0,3,1,4,17,1,3,6,2,4,2
3825859,Javier Garrido Behovide,77,67,87.01,0,0,0,8,2,4,1,1,0,0
3825859,Mubarak Wakaso,46,39,84.78,1,0,1,15,0,8,4,1,1,3
3825859,Adalberto Peñaranda Maestre,15,8,53.33,1,0,2,13,0,5,1,1,1,1
3825859,Pedro Bigas Rigo,43,38,88.37,0,0,0,10,4,1,3,5,1,1
3825859,Raúl Lizoáin Cruz,43,26,60.47,0,0,0,0,0,13,0,0,1,0
3825859,Abdoulaye Doucouré,48,35,72.92,2,0,0,29,0,7,2,3,1,1
3825859,Rubén Rochina Naixes,44,29,65.91,5,1,4,15,2,4,3,0,2,0
3825859,Ángel Montoro Sánchez,72,61,84.72,0,0,2,14,3,5,4,1,0,0
3825859,Ricardo Miguel Moreira da Costa,32,27,84.38,1,1,0,9,1,2,3,2,0,2
3825859,David Rodríguez Lombán,26,20,76.92,1,0,0,8,3,7,0,1,0,0
3825859,Andrés Eduardo Fernández Moreno,26,14,53.85,0,0,0,0,0,5,0,0,0,0
3825859,Aythami Artiles Oliva,54,45,83.33,0,0,0,15,0,2,8,2,2,2
3825859,David Simón Rodríguez Santana,47,35,74.47,0,0,1,10,1,2,3,2,0,0
3825859,Juan Isaac Cuenca López,32,24,75.0,0,0,1,15,1,5,1,2,0,2
3825859,Cristiano Biraghi,37,28,75.68,0,0,0,3,0,2,1,0,0,0
3825859,Pedro Taunausú Domínguez Placeres,57,47,82.46,1,0,3,19,1,8,3,1,3,1
3825859,Rubén Salvador Pérez Del Mármol,46,30,65.22,0,0,1,27,1,4,5,0,0,2
3825859,Hugo Miguel Almeida Costa Lopes,39,31,79.49,1,0,0,11,2,3,2,1,0,0
3825859,David Barral Torres,8,6,75.0,0,0,0,9,0,3,1,0,2,2
3825859,Hernán Daniel Santana Trujillo,18,14,77.78,0,0,0,2,0,2,1,0,1,0
3825859,Francisco Manuel Rico Castro,10,8,80.0,0,0,1,3,0,0,0,0,0,0
3825859,Jerónimo Figueroa Cabrera,11,7,63.64,0,0,0,3,1,1,0,0,0,0
3825859,Ángel Domingo López Ruano,5,5,100.0,0,0,0,0,0,0,0,0,0,0
3825859,Rene Krhin,1,0,0.0,0,0,0,0,2,0,0,1,0,0
3825856,Sergio Enrich Ametller,20,16,80.0,1,0,3,20,0,4,15,2,2,1
3825856,Adrián González Morales,16,10,62.5,0,0,1,9,1,0,2,0,1,1
3825856,Aleksandar Pantić,26,15,57.69,1,0,0,7,1,3,2,1,0,2
3825856,Jesé Rodríguez Ruiz,30,22,73.33,1,1,2,22,0,8,4,1,1,0
3825856,Carlos Henrique Casimiro,40,36,90.0,0,0,0,11,3,7,1,3,2,2
3825856,Álvaro Arbeloa Coca,70,59,84.29,0,0,1,17,2,6,7,1,1,1
3825856,Francisco Casilla Cortés,23,14,60.87,0,0,0,0,0,4,0,0,0,0
3825856,Daniel Carvajal Ramos,45,38,84.44,0,0,0,12,0,5,3,2,1,0
3825856,José Ignacio Peleteiro Ramallo,11,6,54.55,1,0,2,14,0,3,1,2,0,1
3825856,Kléper Laveran Lima Ferreira,51,44,86.27,1,0,0,8,2,4,1,0,0,1
3825856,José Ignacio Fernández Iglesias,39,32,82.05,0,0,0,11,6,1,5,2,2,2
3825856,Sergio Gontán Gallardo,18,11,61.11,1,0,1,41,0,8,8,0,3,4
3825856,Ander Capa Rodríguez,47,34,72.34,0,0,3,12,3,2,4,2,0,1
3825856,Gonzalo Escalante,49,35,71.43,1,0,1,28,1,8,7,3,3,2
3825856,James David Rodríguez Rubio,69,55,79.71,2,1,4,22,3,8,6,1,2,3
3825856,Iván Ramis Barrios,24,21,87.5,0,0,1,3,3,4,1,3,0,1
3825856,Lucas Vázquez Iglesias,49,43,87.76,1,1,1,20,2,3,6,0,2,0
3825856,Antonio Manuel Luna Rodríguez,35,28,80.0,0,0,2,12,1,4,2,3,2,0
3825856,Daniel García Carrillo,43,33,76.74,0,0,2,18,1,3,0,0,0,1
3825856,Cristiano Ronaldo dos Santos Aveiro,35,25,71.43,7,1,2,4,0,2,1,2,2,1
3825856,Asier Riesgo Unamuno,33,12,36.36,0,0,0,0,0,6,0,0,1,0
3825856,Francisco Román Alarcón Suárez,72,66,91.67,1,0,11,8,0,6,4,3,2,1
3825856,Borja González Tomás,13,9,69.23,2,0,2,14,0,2,5,4,2,1
3825856,David Juncà Reñé,25,18,72.0,2,0,0,7,3,2,1,0,0,0
3825856,Mateo Kovačić,38,32,84.21,1,0,1,6,0,1,1,0,1,0
3825856,Danilo Luiz da Silva,17,13,76.47,1,0,1,3,1,1,1,1,0,3
3825856,Izet Hajrović,14,13,92.86,0,0,0,2,0,0,1,0,0,1
3825856,Borja Mayoral Moya,4,3,75.0,0,0,0,4,0,0,2,0,0,0
3825854,Alen Halilović,23,18,78.26,0,0,2,8,0,1,0,1,1,0
3825854,Sergio Álvarez Díaz,47,31,65.96,0,0,1,26,1,11,8,1,3,3
3825854,Jonathan Rodríguez Menéndez,35,22,62.86,2,1,4,20,1,1,3,1,2,1
3825854,Ander Capa Rodríguez,60,45,75.0,2,0,3,6,5,6,5,1,3,0
3825854,Ismael López Blanco,59,45,76.27,0,0,1,19,3,4,4,2,2,1
3825854,Ignacio Cases Mora,49,38,77.55,0,0,4,27,1,6,4,3,2,2
3825854,José Ignacio Peleteiro Ramallo,31,27,87.1,2,0,10,21,0,8,6,3,0,1
3825854,Carlos Carmona Bonet,26,16,61.54,1,1,2,12,2,5,4,1,0,1
3825854,Luis Hernández Rodríguez,36,28,77.78,0,0,0,6,6,4,2,2,1,1
3825854,Sergio Enrich Ametller,32,22,68.75,2,0,3,25,0,3,9,0,6,2
3825854,Adrián González Morales,49,40,81.63,3,0,1,15,0,2,3,0,4,2
3825854,Gonzalo Escalante,40,27,67.5,0,0,2,21,2,2,4,2,1,4
3825854,Mauro Javier Dos Santos,51,42,82.35,0,0,3,12,5,6,1,2,0,5
3825854,Arnaldo Antonio Sanabria Ayala,17,13,76.47,0,0,0,14,0,2,7,0,5,2
3825854,Asier Riesgo Unamuno,34,22,64.71,0,0,0,0,0,6,0,0,0,0
3825854,Jorge Meré Pérez,32,27,84.38,0,0,0,18,3,4,7,1,1,4
3825854,Iván Cuéllar Sacristán,35,18,51.43,0,0,0,0,0,7,0,0,0,0
3825854,Antonio Manuel Luna Rodríguez,50,37,74.0,0,0,0,5,2,2,1,2,0,0
3825854,Izet Hajrović,19,12,63.16,0,0,4,4,1,1,1,0,0,1
3825854,Iván Ramis Barrios,57,50,87.72,1,0,0,2,3,1,4,2,0,1
3825854,Daniel García Carrillo,53,44,83.02,0,0,0,12,1,4,3,2,1,3
3825854,Alberto Lora Ramos,44,30,68.18,0,0,0,13,1,3,5,1,2,1
3825854,Borja González Tomás,6,5,83.33,2,0,1,2,0,1,1,0,0,0
3825854,Carlos Castro García,6,4,66.67,0,0,1,3,2,1,1,0,0,0
3825854,Alejandro Menéndez Díez,1,0,0.0,0,0,0,1,0,0,0,0,0,0
3825854,Takashi Inui,5,3,60.0,0,0,1,1,0,0,1,0,1,1
3825854,Miguel Ángel Guerrero Martín,2,1,50.0,0,0,1,4,0,0,0,0,1,1
3825854,Ander Gayoso Reina,6,4,66.67,0,0,0,0,0,1,0,0,1,0
3825853,Adalberto Peñaranda Maestre,14,11,78.57,1,0,8,26,0,2,8,1,3,3
3825853,Youssef El-Arabi,25,16,64.0,1,1,1,24,0,4,10,1,5,2
3825853,Ricardo Miguel Moreira da Costa,30,25,83.33,0,0,0,9,0,0,5,3,0,1
3825853,Jean-Sylvain Claude Babin,25,22,88.0,1,1,0,7,3,2,4,2,0,1
3825853,Nicolás Martín Pareja,55,43,78.18,0,0,1,8,0,4,7,0,1,4
3825853,Hugo Miguel Almeida Costa Lopes,42,31,73.81,2,0,1,10,2,2,3,2,1,0
3825853,Rubén Rochina Naixes,40,25,62.5,1,0,4,19,1,4,4,2,4,3
3825853,Sebastián Carlos Cristóforo Pepe,70,62,88.57,0,0,0,27,2,6,4,2,4,2
3825853,Cristiano Biraghi,26,16,61.54,1,0,0,6,1,3,3,0,0,0
3825853,António Alberto Bastos Pimparel,23,20,86.96,0,0,0,0,0,6,0,0,1,0
3825853,Timothée Kolodziejczak,58,51,87.93,0,0,1,11,2,6,1,1,0,3
3825853,Sergio Escudero Palomo,61,45,73.77,2,0,2,15,3,2,5,1,1,1
3825853,Yevhen Konoplyanka,45,31,68.89,2,0,6,12,0,2,3,0,0,1
3825853,Rubén Salvador Pérez Del Mármol,28,24,85.71,0,0,2,32,2,5,3,2,5,0
3825853,Abdoulaye Doucouré,35,28,80.0,0,0,1,21,0,3,2,2,0,1
3825853,Fernando Llorente Torres,25,18,72.0,0,0,0,5,1,0,2,1,0,1
3825853,Vicente Iborra De La Fuente,59,49,83.05,1,0,0,19,4,4,4,1,1,4
3825853,Francisco José Sánchez Rodríguez,42,32,76.19,2,0,5,16,0,5,1,2,0,4
3825853,Juan Muñoz Muñoz,15,9,60.0,3,0,0,12,0,3,1,1,1,0
3825853,Juan Isaac Cuenca López,25,21,84.0,4,2,4,15,2,5,2,4,4,1
3825853,Andrés Eduardo Fernández Moreno,41,21,51.22,0,0,0,0,0,10,0,0,0,0
3825853,Diogo José Rosário Gomes Figueiras,51,35,68.63,1,0,1,13,1,12,6,2,2,2
3825853,Carlos Fernández Luna,9,8,88.89,0,0,0,3,1,1,1,0,1,0
3825853,Diego González Polanco,3,3,100.0,1,1,0,3,0,1,2,0,0,0
3825853,David Rodríguez Lombán,3,1,33.33,0,0,0,2,0,1,1,3,0,0
3825853,Daniel Filipe Martins Carriço,6,4,66.67,0,0,0,2,0,1,0,0,0,1
3825853,Francisco Manuel Rico Castro,5,2,40.0,0,0,0,0,0,0,1,0,1,0
3825853,Rene Krhin,2,2,100.0,0,0,0,4,0,1,0,0,0,0
3825851,Leonardo Carrilho Baptistão,26,14,53.85,4,0,3,9,0,7,2,2,2,1
3825851,Adrián López Álvarez,27,20,74.07,0,0,2,3,0,1,0,1,0,0
3825851,Bruno Soriano Llido,107,97,90.65,0,0,1,3,2,6,1,0,0,0
3825851,Antonio Rukavina,62,57,91.94,0,0,0,9,2,4,2,1,0,1
3825851,Daniele Bonera,77,69,89.61,0,0,1,4,1,3,0,1,0,1
3825851,Víctor Ruíz Torre,62,55,88.71,0,0,0,5,3,3,0,2,0,2
3825851,Samuel García Sánchez,51,41,80.39,2,0,7,27,0,2,1,1,0,5
3825851,Pedro Mosquera Parada,46,41,89.13,0,0,1,16,1,3,2,1,2,0
3825851,Mario Gaspar Pérez Martínez,75,65,86.67,1,0,0,12,2,2,1,1,0,1
3825851,Manuel Trigueros Muñoz,44,42,95.45,1,0,1,16,0,3,4,1,0,1
3825851,Alejandro Bergantiños García,26,20,76.92,0,0,1,7,2,7,6,4,1,0
3825851,Juan Francisco Moreno Fuertes,43,30,69.77,0,0,0,26,3,4,6,2,2,0
3825851,Samuel Castillejo Azuaga,40,26,65.0,0,0,3,7,3,1,1,3,1,2
3825851,Sidnei Rechel da Silva Júnior,41,26,63.41,0,0,0,12,4,3,2,1,0,2
3825851,Lucas Pérez Martínez,21,14,66.67,1,1,1,16,0,1,2,0,4,1
3825851,Alejandro Arribas Garrido,29,19,65.52,0,0,0,10,0,1,4,1,0,1
3825851,Manuel Fernández Muñíz,36,14,38.89,0,0,0,0,0,6,0,0,1,0
3825851,Laureano Sanabria Ruiz,43,35,81.4,0,0,0,5,1,2,6,3,0,0
3825851,Federico Nicolás Cartabia,10,7,70.0,1,0,1,11,0,1,0,1,3,0
3825851,Luis Alberto Romero Alconchel,20,16,80.0,3,0,1,11,2,3,8,1,1,0
3825851,Mariano Damián Barbosa,16,16,100.0,0,0,0,0,0,7,0,0,0,0
3825851,Fayçal Fajr,33,29,87.88,3,1,0,18,2,4,0,1,0,0
3825851,Denis Suárez Fernández,22,16,72.73,3,0,2,6,0,2,0,0,0,0
3825851,Jonás Manuel Gutiérrez,11,7,63.64,0,0,0,6,0,3,1,2,0,0
3825851,Jonathan dos Santos Ramírez,39,36,92.31,0,0,1,3,0,4,1,0,0,0
3825851,Cédric Bakambu,4,3,75.0,0,0,0,2,0,0,0,0,1,0
3825851,Rubén Gracia Calmache,1,1,100.0,0,0,0,0,0,0,0,0,0,0
3825851,Oriol Riera Magem,0,0,0.0,0,0,0,0,0,0,0,0,0,0
3825850,Duje Čop,41,29,70.73,1,0,1,15,0,4,6,2,0,2
3825850,Charles Días Barbosa de Oliveira,35,19,54.29,0,0,1,11,0,3,5,2,3,0
3825850,Weligton Róbson Pena de Oliveira,46,35,76.09,0,0,0,10,0,9,2,0,0,2
3825850,Egor Filipenko,43,29,67.44,0,0,0,5,2,2,4,2,0,0
3825850,Marcelo Alfonso Díaz Rojas,52,47,90.38,1,0,0,12,2,8,2,2,1,1
3825850,Christian Atsu Twasam,34,28,82.35,2,0,3,15,2,2,4,2,1,1
3825850,Carles Planas Antolínez,69,51,73.91,0,0,1,20,1,7,8,1,1,0
3825850,Daniel Wass,44,33,75.0,1,0,0,10,0,3,2,1,0,1
3825850,Rubén Blanco Veiga,32,15,46.88,0,0,0,0,0,6,0,0,0,1
3825850,Pedro Pablo Hernández,45,35,77.78,2,0,1,14,1,6,6,1,0,2
3825850,Hugo Mallo Novegil,77,64,83.12,0,0,1,16,1,3,7,1,1,3
3825850,Jonathan Castro Otto,71,55,77.46,3,0,0,8,3,3,5,2,0,1
3825850,Sergi Gómez Solà,61,54,88.52,0,0,0,5,1,3,2,1,0,0
3825850,Fabián Ariel Orellana Valenzuela,48,39,81.25,1,0,1,8,2,4,4,3,1,0
3825850,José Luis García del Pozo,39,32,82.05,3,0,1,20,1,5,1,1,1,3
3825850,Manuel Agudo Durán,39,25,64.1,3,1,5,12,3,7,4,0,1,1
3825850,Iago Aspas Juncal,24,19,79.17,1,0,2,14,1,3,5,0,5,0
3825850,Miguel Torres Gómez,38,28,73.68,0,0,1,9,0,0,6,4,1,0
3825850,Francisco Guillermo Ochoa Magaña,36,24,66.67,0,0,0,0,0,10,0,0,0,0
3825850,Federico Ricca Rostagnol,50,34,68.0,0,0,1,12,1,6,6,3,0,1
3825850,Gonzalo Castro Irizábal,19,13,68.42,0,0,3,11,0,5,5,1,0,0
3825850,Ignacio Camacho Barnola,51,43,84.31,4,0,0,22,1,5,5,0,1,1
3825850,Juan Pablo Añor Acosta,24,22,91.67,1,0,3,3,0,4,1,0,2,0
3825850,Nemanja Radoja,12,8,66.67,0,0,0,5,1,1,6,0,0,1
3825850,Ikechukwu Uche,3,2,66.67,1,0,0,2,0,0,1,1,0,0
3825850,John Guidetti,5,2,40.0,0,0,0,2,0,1,2,0,0,1
3825850,Sérgio Paulo Barbosa Valente,5,2,40.0,1,0,1,2,1,1,0,0,1,0
3825850,Dejan Dražić,1,1,100.0,0,0,0,0,0,0,1,0,0,0
3825845,Fernando Llorente Torres,25,18,72.0,1,0,0,7,1,1,7,0,1,3
3825845,Timothée Kolodziejczak,35,27,77.14,0,0,1,2,2,4,2,1,0,1
3825845,Jorge Andújar Moreno,24,21,87.5,3,0,0,7,0,1,1,0,3,0
3825845,Rubén Duarte Sánchez,32,23,71.88,0,0,0,15,6,2,7,3,1,3
3825845,Diogo José Rosário Gomes Figueiras,51,36,70.59,1,0,3,10,1,9,5,3,2,1
3825845,Sebastián Carlos Cristóforo Pepe,58,49,84.48,0,0,2,26,0,9,9,4,5,5
3825845,Marco Asensio Willemsen,39,27,69.23,4,0,5,18,1,8,8,4,2,0
3825845,Federico Julián Fazio,51,40,78.43,0,0,2,4,1,3,5,2,0,0
3825845,Felipe Salvador Caicedo Corozo,17,12,70.59,1,1,0,10,0,1,8,0,0,2
3825845,Óscar Esau Duarte Gaitán,31,25,80.65,1,0,0,13,3,6,3,4,1,2
3825845,Víctor Sánchez Mata,32,24,75.0,3,0,2,30,1,2,11,0,2,2
3825845,Antonio Jesús Cotán Pérez,50,42,84.0,0,0,3,18,0,6,7,3,2,5
3825845,Sergio Rico González,31,21,67.74,0,0,0,0,0,6,0,1,0,0
3825845,José Joaquín Matos García,53,39,73.58,0,0,2,15,0,3,5,1,1,0
3825845,Hernán Arsenio Pérez González,34,23,67.65,1,0,9,19,2,5,2,1,2,2
3825845,Roberto Antonio Correa Silva,47,35,74.47,0,0,2,6,4,4,2,1,0,1
3825845,Vicente Iborra De La Fuente,21,15,71.43,1,0,0,15,1,1,4,1,1,3
3825845,Francisco José Sánchez Rodríguez,44,27,61.36,1,0,5,16,0,8,2,1,6,1
3825845,Papa Kouly Diop,30,22,73.33,1,0,2,12,3,3,5,1,4,4
3825845,Enzo Pablo Roco Roco,20,14,70.0,0,0,0,12,3,1,1,2,0,0
3825845,Álvaro González Soberón,29,17,58.62,0,0,1,10,2,3,3,0,3,2
3825845,Pau López Sabata,25,10,40.0,0,0,0,0,0,3,0,0,0,0
3825845,Nicolás Martín Pareja,37,27,72.97,0,0,0,4,2,1,2,1,2,0
3825845,Yevhen Konoplyanka,20,17,85.0,0,0,0,5,0,0,0,1,0,0
3825845,Gerard Moreno Balaguero,10,9,90.0,1,0,3,6,0,3,8,1,1,3
3825845,José Alberto Cañas Ruiz Herrera,2,0,0.0,0,0,0,2,0,0,1,0,0,1
3825845,Juan Muñoz Muñoz,2,1,50.0,0,0,0,2,0,0,0,0,0,0
3825845,Víctor Guillermo Álvarez Delgado,4,1,25.0,0,0,1,4,0,0,2,0,1,1
3825844,Raúl García Escudero,35,17,48.57,1,0,2,19,2,7,7,3,2,3
3825844,Mikel Rico Moreno,60,44,73.33,4,1,3,22,4,12,3,4,1,1
3825844,Aymeric Laporte,54,41,75.93,0,0,0,9,2,1,3,2,0,0
3825844,Sabin Merino Zuloaga,27,19,70.37,7,2,2,12,0,3,6,0,2,0
3825844,Alfred John Momar N''Diaye,61,47,77.05,0,0,2,20,2,10,5,6,0,2
3825844,Martín Montoya Torralbo,73,53,72.6,0,0,3,22,5,7,4,4,3,1
3825844,Markel Susaeta Laskurain,49,32,65.31,2,0,0,34,1,3,6,4,1,2
3825844,Antonio Adán Garrido,34,23,67.65,0,0,0,0,0,4,0,0,0,0
3825844,Rubén Castro Martín,23,17,73.91,3,1,1,3,0,2,1,1,0,0
3825844,Charly Musonda Junior,29,20,68.97,0,0,7,16,2,2,6,1,4,1
3825844,Mikel San José Domínguez,63,53,84.13,0,0,2,29,0,12,8,3,1,2
3825844,Eneko Bóveda Altube,53,37,69.81,0,0,2,20,2,7,3,2,2,3
3825844,Francisco José Molinero Calderón,61,52,85.25,0,0,3,9,0,4,6,4,0,2
3825844,Iker Muniain Goñi,35,32,91.43,3,0,0,11,1,7,2,1,1,0
3825844,Germán Alejandro Pezzella,53,39,73.58,0,0,0,7,1,5,3,3,0,1
3825844,Jorge Molina Vidal,24,11,45.83,0,0,1,8,0,1,7,0,1,1
3825844,Joaquín Sánchez Rodríguez,58,39,67.24,0,0,5,13,1,4,3,2,2,0
3825844,Carlos Gurpegi Nausia,53,37,69.81,0,0,0,2,1,4,0,0,0,1
3825844,Bruno González Cabrera,54,39,72.22,0,0,0,15,0,4,9,3,0,4
3825844,Petros Matheus dos Santos Araújo,39,28,71.79,0,0,0,11,3,9,1,1,1,0
3825844,Gorka Iraizoz Moreno,30,17,56.67,0,0,0,0,0,7,0,0,0,0
3825844,Íñigo Lekue Martínez,48,35,72.92,1,0,4,15,5,5,9,4,1,0
3825844,Fabián Ruiz Peña,31,27,87.1,0,0,0,12,0,3,2,2,1,0
3825844,Daniel Ceballos Fernández,49,40,81.63,0,0,0,9,1,4,2,0,1,1
3825844,Aritz Aduriz Zubeldia,13,11,84.62,0,0,2,5,0,3,1,0,3,0
3825844,Gorka Elustondo Urkola,17,15,88.24,1,0,1,14,2,3,0,2,0,1
3825844,Xabier Etxeita Gorritxategi,11,10,90.91,0,0,0,1,1,1,1,0,0,0
3825844,Álvaro Cejudo Carmona,10,7,70.0,0,0,0,3,0,0,0,1,0,1
3825806,Iago Aspas Juncal,22,19,86.36,4,1,0,17,1,4,1,0,0,2
3825806,Fabián Ariel Orellana Valenzuela,41,28,68.29,1,0,8,20,2,5,1,1,3,2
3825806,Marcelo Alfonso Díaz Rojas,55,51,92.73,0,0,0,33,2,6,2,1,0,1
3825806,Jonathan Castro Otto,34,27,79.41,0,0,0,20,4,3,4,2,0,2
3825806,Hugo Mallo Novegil,37,30,81.08,0,0,0,11,3,1,2,1,0,2
3825806,Sergi Gómez Solà,53,43,81.13,0,0,0,8,3,3,0,3,0,1
3825806,Rubén Blanco Veiga,26,16,61.54,0,0,0,0,0,3,0,0,0,0
3825806,Kléper Laveran Lima Ferreira,74,63,85.14,2,1,0,4,4,7,5,0,1,1
3825806,Danilo Luiz da Silva,60,54,90.0,1,0,2,15,3,8,3,3,1,3
3825806,Sergio Ramos García,61,60,98.36,1,0,1,6,6,7,1,1,1,2
3825806,Carlos Henrique Casimiro,60,59,98.33,3,0,1,19,0,6,4,8,3,4
3825806,Daniel Carvajal Ramos,55,49,89.09,0,0,0,21,2,6,2,2,2,4
3825806,Carles Planas Antolínez,67,50,74.63,0,0,1,29,2,2,5,2,0,3
3825806,Lucas Vázquez Iglesias,43,35,81.4,2,0,2,18,1,7,4,1,3,1
3825806,Mateo Kovačić,73,67,91.78,0,0,0,23,2,4,1,2,0,1
3825806,Cristiano Ronaldo dos Santos Aveiro,35,27,77.14,7,4,1,4,0,2,1,0,2,0
3825806,Francisco Román Alarcón Suárez,50,39,78.0,1,0,4,10,1,2,3,1,3,0
3825806,Daniel Wass,23,16,69.57,0,0,1,11,0,4,3,1,5,1
3825806,Borja Mayoral Moya,34,25,73.53,0,0,4,24,2,3,5,2,1,1
3825806,Manuel Agudo Durán,38,27,71.05,0,0,9,16,0,4,3,4,5,2
3825806,Pedro Pablo Hernández,26,22,84.62,0,0,0,11,1,2,1,1,1,0
3825806,Keylor Navas Gamboa,18,13,72.22,0,0,0,0,0,3,0,0,0,0
3825806,Nemanja Radoja,38,36,94.74,0,0,1,10,3,7,0,0,1,1
3825806,Gareth Frank Bale,17,9,52.94,2,1,0,2,0,1,0,0,0,0
3825806,John Guidetti,7,6,85.71,2,0,0,4,0,0,2,0,1,1
3825806,Jesé Rodríguez Ruiz,9,5,55.56,1,1,1,3,0,1,0,0,0,0
3825806,Marcelo Vieira da Silva Júnior,10,8,80.0,0,0,1,0,0,0,0,0,0,0
3825806,Claudio Beauvue,3,2,66.67,1,0,2,5,0,1,2,0,0,0
3825802,Daniel Ceballos Fernández,47,35,74.47,0,0,4,25,2,8,5,0,3,0
3825802,Fabián Ruiz Peña,32,26,81.25,1,0,2,13,0,4,4,2,0,2
3825802,Bruno González Cabrera,25,17,68.0,0,0,0,18,2,0,5,2,2,2
3825802,Alfred John Momar N''Diaye,34,30,88.24,0,0,3,17,3,4,4,3,3,2
3825802,Víctor Sánchez Mata,46,28,60.87,2,0,4,34,0,8,8,2,1,3
3825802,Germán Alejandro Pezzella,18,12,66.67,1,1,0,17,2,1,9,2,0,0
3825802,Gerard Moreno Balaguero,30,25,83.33,2,0,4,12,1,2,8,1,0,1
3825802,Víctor Guillermo Álvarez Delgado,24,15,62.5,0,0,0,8,1,0,1,1,2,1
3825802,Hernán Arsenio Pérez González,33,22,66.67,3,0,3,23,1,3,6,1,2,3
3825802,Francisco José Molinero Calderón,51,40,78.43,1,0,5,17,4,4,8,3,1,3
3825802,Felipe Salvador Caicedo Corozo,25,17,68.0,3,0,1,12,0,2,10,3,4,3
3825802,Rubén Castro Martín,28,24,85.71,1,1,1,6,1,1,4,0,4,1
3825802,Álvaro Cejudo Carmona,22,17,77.27,1,0,5,17,1,4,2,2,4,2
3825802,Marco Asensio Willemsen,46,27,58.7,5,0,2,14,0,10,3,1,2,1
3825802,Papa Kouly Diop,45,36,80.0,0,0,0,17,2,4,5,2,1,2
3825802,Óscar Esau Duarte Gaitán,53,46,86.79,2,0,1,10,5,8,3,2,0,3
3825802,Charly Musonda Junior,42,33,78.57,0,0,9,15,0,1,4,0,2,1
3825802,Javier López Rodríguez,48,32,66.67,1,0,0,8,2,4,1,0,0,1
3825802,Juan Manuel Vargas Risco,39,33,84.62,2,1,5,9,3,5,2,2,1,1
3825802,Pau López Sabata,15,11,73.33,0,0,0,0,0,2,0,0,0,0
3825802,Antonio Adán Garrido,41,14,34.15,0,0,0,0,0,5,0,0,0,0
3825802,Álvaro González Soberón,50,38,76.0,0,0,0,5,1,4,1,1,0,1
3825802,Enzo Pablo Roco Roco,23,22,95.65,0,0,1,8,2,2,3,0,1,1
3825802,Xavier Torres Buigues,11,10,90.91,0,0,0,4,1,1,2,1,0,1
3825802,Jorge Franco Alviz,19,9,47.37,0,0,3,4,0,2,1,0,1,1
3825802,Abraham González Casanova,11,9,81.82,1,0,0,5,0,2,1,0,0,0
3825802,Joaquín Sánchez Rodríguez,7,6,85.71,1,0,0,2,0,0,0,0,1,0
3825802,Francisco Portillo Soler,8,7,87.5,1,0,0,5,0,1,0,0,0,0
3825679,Rubén Castro Martín,32,20,62.5,6,0,1,2,0,3,4,0,0,0
3825679,Joaquín Sánchez Rodríguez,45,30,66.67,2,0,4,15,0,11,5,2,1,0
3825679,Heiko Westermann,38,27,71.05,3,0,0,3,1,6,1,0,0,0
3825679,Alfred John Momar N''Diaye,17,12,70.59,1,0,0,14,2,3,4,0,2,3
3825679,Carles Planas Antolínez,41,30,73.17,0,0,0,22,4,3,11,4,0,1
3825679,Iago Aspas Juncal,17,13,76.47,1,0,1,8,0,3,11,0,2,1
3825679,Daniel Ceballos Fernández,65,47,72.31,3,0,5,19,0,10,6,1,5,2
3825679,Manuel Agudo Durán,19,12,63.16,1,0,0,17,1,7,5,1,1,3
3825679,Petros Matheus dos Santos Araújo,55,50,90.91,0,0,2,29,0,7,8,2,4,2
3825679,Cristiano Piccini,60,46,76.67,2,0,3,9,2,4,4,1,1,0
3825679,Álvaro Cejudo Carmona,25,19,76.0,1,0,3,10,1,7,6,0,2,2
3825679,Jonathan Castro Otto,17,16,94.12,0,0,0,5,0,1,1,0,0,2
3825679,Fabián Ariel Orellana Valenzuela,34,22,64.71,1,0,10,12,2,5,4,1,2,2
3825679,Bruno González Cabrera,43,35,81.4,3,0,1,9,3,3,1,0,0,2
3825679,Sergio Álvarez Conde,43,14,32.56,0,0,0,0,0,4,0,0,0,0
3825679,Daniel Giménez Hernández,31,15,48.39,0,0,0,0,0,6,0,0,0,0
3825679,Augusto Matías Fernández,45,33,73.33,0,0,1,18,3,5,6,4,3,4
3825679,Daniel Wass,23,16,69.57,1,0,0,22,0,2,5,6,1,1
3825679,Gustavo Daniel Cabral Cáceres,33,26,78.79,0,0,0,6,1,4,6,2,1,1
3825679,Francisco Miguel Varela Martín,55,43,78.18,2,0,0,9,0,3,0,2,0,0
3825679,Hugo Mallo Novegil,40,28,70.0,0,0,2,15,2,6,4,4,0,1
3825679,Théo Bongonda Mbul''Ofeko Batombo,7,4,57.14,1,1,0,7,0,0,3,1,2,2
3825679,Diego Alende López,6,6,100.0,0,0,0,5,0,0,1,3,0,0
3825679,Jorge Molina Vidal,15,11,73.33,3,1,0,7,0,1,3,1,1,1
3825679,Álvaro Vadillo Cifuentes,18,16,88.89,1,0,3,2,0,2,2,0,2,0
3825679,Rafael van der Vaart,11,10,90.91,1,0,0,3,0,2,1,0,0,1
3825679,Borja Fernández Fernández,5,4,80.0,0,0,0,3,0,3,0,0,0,0
3825679,John Guidetti,1,1,100.0,0,0,0,3,0,0,2,1,0,1
3825655,Youssef El-Arabi,18,10,55.56,1,0,1,14,1,0,5,1,2,3
3825655,Javier Márquez Moreno,24,14,58.33,0,0,0,10,1,2,3,0,2,1
3825655,David Rodríguez Lombán,77,62,80.52,0,0,0,8,1,5,5,2,1,3
3825655,Diego Javier Llorente Ríos,31,19,61.29,0,0,0,13,2,6,1,2,2,2
3825655,Roberto Román Triguero,38,29,76.32,1,0,2,7,1,2,1,1,2,1
3825655,Javier Guerra Rodríguez,26,8,30.77,3,2,3,17,0,2,12,3,2,1
3825655,Rene Krhin,52,43,82.69,0,0,0,12,0,2,5,2,0,2
3825655,Robert Ibáñez Castro,10,8,80.0,0,0,3,8,0,1,3,2,1,0
3825655,Pablo Hernández Domínguez,34,25,73.53,2,0,1,15,1,5,3,1,0,1
3825655,Adrián Embarba Blázquez,22,14,63.64,0,0,2,19,1,6,9,2,1,1
3825655,Rubén Salvador Pérez Del Mármol,73,54,73.97,1,0,1,10,1,4,2,0,2,1
3825655,Tiago Manuel Dias Correia,5,3,60.0,0,0,0,3,0,1,0,0,0,0
3825655,Francisco Medina Luna,35,20,57.14,1,0,1,11,0,1,2,2,0,2
3825655,Răzvan Dincă Raț,48,35,72.92,0,0,0,13,3,5,6,2,0,0
3825655,Hugo Miguel Almeida Costa Lopes,53,46,86.79,0,0,1,9,3,3,2,1,1,1
3825655,José Eduardo Rosa Vale de Castro,18,12,66.67,0,0,0,3,0,2,1,0,0,2
3825655,Antonio Rodríguez Martínez,37,22,59.46,0,0,0,0,0,3,0,0,1,0
3825655,José Raúl Baena Urdiales,23,15,65.22,0,0,0,17,1,4,6,3,2,1
3825655,Roberto Trashorras Gayoso,41,27,65.85,1,0,2,18,0,7,5,1,5,6
3825655,Andrés Eduardo Fernández Moreno,30,23,76.67,0,0,0,0,0,9,0,0,0,0
3825655,Jean-Sylvain Claude Babin,61,54,88.52,1,1,0,0,3,5,4,1,0,0
3825655,Cristiano Biraghi,28,15,53.57,1,0,2,5,0,3,5,2,1,1
3825655,José Antonio Dorado Ramírez,13,9,69.23,0,0,0,4,1,0,0,0,0,1
3825655,Rubén Rochina Naixes,27,18,66.67,2,0,0,5,0,3,0,1,4,1
3825655,Thievy Guivane Bifouma Koulossa,9,7,77.78,0,0,2,5,0,3,0,2,0,1
3825655,Edgar Antonio Méndez Ortega,16,12,75.0,1,0,0,5,0,2,0,0,1,1
3825655,Patrick Ebert,4,3,75.0,0,0,0,4,1,0,2,0,0,0
3825655,Juan Carlos Martín Corral,10,6,60.0,0,0,0,0,0,0,0,0,0,0
3825654,Daniel Parejo Muñoz,32,25,78.12,2,2,0,27,1,5,2,0,3,7
3825654,Francisco Alcácer García,17,12,70.59,2,2,1,11,2,0,2,1,0,0
3825654,Rúben Miguel Nunes Vezo,23,14,60.87,0,0,0,17,3,0,3,6,0,3
3825654,Shkodran Mustafi,23,16,69.57,2,1,0,10,2,2,2,4,0,2
3825654,Jaume Doménech Sánchez,32,14,43.75,0,0,0,0,0,3,0,0,1,0
3825654,Andreu Fontàs Prat,73,57,78.08,1,0,0,19,3,4,4,1,1,1
3825654,Iago Aspas Juncal,22,16,72.73,3,0,2,13,0,1,3,0,3,0
3825654,Zakaria Bakkali,9,7,77.78,1,0,1,12,0,1,3,0,1,3
3825654,Hugo Mallo Novegil,48,35,72.92,0,0,2,16,2,4,3,2,2,4
3825654,Fabián Ariel Orellana Valenzuela,38,26,68.42,3,0,5,9,0,9,3,0,6,0
3825654,Javier Fuego Martínez,46,36,78.26,0,0,0,24,3,5,4,2,1,4
3825654,Pedro Pablo Hernández,47,37,78.72,3,0,3,13,0,7,8,1,5,3
3825654,Jonathan Castro Otto,38,28,73.68,0,0,0,20,3,3,5,2,3,2
3825654,José Luis Gayà Peña,31,18,58.06,0,0,0,9,3,1,3,0,0,2
3825654,Augusto Matías Fernández,56,48,85.71,2,1,1,29,1,7,5,0,2,5
3825654,Manuel Agudo Durán,32,19,59.38,3,0,7,11,0,9,0,0,4,2
3825654,Antonio Barragán Fernández,33,26,78.79,0,0,1,8,2,5,2,1,1,2
3825654,André Filipe Tavares Gomes,30,21,70.0,1,0,4,20,2,5,3,2,6,2
3825654,Daniel Wass,23,15,65.22,1,0,0,9,1,1,5,1,2,1
3825654,Sergi Gómez Solà,49,43,87.76,0,0,0,4,2,4,3,1,0,0
3825654,João Pedro Cavaco Cancelo,31,20,64.52,0,0,5,7,1,6,4,1,2,5
3825654,Sergio Álvarez Conde,28,18,64.29,0,0,0,0,0,3,0,0,0,0
3825654,Santiago Mina Lorenzo,11,9,81.82,1,0,2,7,0,1,5,0,1,0
3825654,Nemanja Radoja,13,9,69.23,0,0,0,10,0,1,3,1,0,0
3825654,Pablo Daniel Piatti,12,8,66.67,0,0,0,8,0,1,1,1,2,0
3825654,John Guidetti,6,5,83.33,0,0,1,2,0,1,1,0,1,0
3825654,Danilo Barbosa da Silva,5,5,100.0,0,0,0,4,0,1,0,0,0,1
3825654,Dejan Dražić,3,3,100.0,1,0,0,3,0,1,1,1,0,0
3825653,Álvaro Vázquez García,18,14,77.78,1,0,2,9,0,4,9,2,1,0
3825653,Víctor Rodríguez Romero,47,40,85.11,3,1,5,15,0,8,2,1,0,1
3825653,Alexis Ruano Delgado,56,40,71.43,0,0,1,6,6,4,0,1,0,1
3825653,Pablo Sarabia García,29,16,55.17,2,0,5,14,1,4,3,3,1,1
3825653,Saúl Berjón Pérez,42,28,66.67,1,1,0,17,2,7,3,4,0,5
3825653,Borja González Tomás,27,19,70.37,4,0,1,17,0,4,4,0,0,1
3825653,Sergio Enrich Ametller,32,22,68.75,5,2,1,25,0,8,7,3,2,1
3825653,Mehdi Lacen,70,58,82.86,0,0,0,16,1,9,4,1,2,1
3825653,Ángel Lafita Castillo,32,19,59.38,1,0,6,20,2,6,11,2,2,5
3825653,Ander Capa Rodríguez,42,26,61.9,0,0,1,19,4,5,7,3,1,2
3825653,Eddy Silvestre Pascual İsrafilov,40,27,67.5,1,0,0,14,3,5,5,2,4,1
3825653,Sergio Gontán Gallardo,34,21,61.76,2,0,3,20,1,13,5,2,2,2
3825653,Aleksandar Pantić,33,21,63.64,1,0,0,7,1,1,4,1,0,0
3825653,Damián Nicolás Suárez Suárez,35,21,60.0,1,0,2,5,2,2,2,2,3,1
3825653,Juan Antonio Rodríguez Villamuela,52,37,71.15,1,0,0,11,3,5,4,4,3,0
3825653,David Juncà Reñé,42,24,57.14,0,0,2,6,4,3,3,2,1,1
3825653,Emiliano Daniel Velázquez Maldonado,40,27,67.5,0,0,2,9,6,3,6,5,1,0
3825653,Mauro Javier Dos Santos,15,10,66.67,1,0,0,5,1,5,2,0,0,0
3825653,Gonzalo Escalante,42,31,73.81,1,0,1,20,2,8,5,1,1,2
3825653,Xabier Iruretagoiena Aranzamendi,27,14,51.85,0,0,0,0,0,5,0,0,0,0
3825653,Roberto Lago Soto,64,53,82.81,0,0,3,17,1,5,7,1,2,1
3825653,Vicente Guaita Panadero,31,19,61.29,0,0,0,0,0,7,0,0,0,0
3825653,Manuel Castellano Castro,15,8,53.33,0,0,0,1,0,0,0,0,0,1
3825653,Santiago Vergini,14,11,78.57,0,0,0,2,2,4,2,1,0,0
3825653,Stefan Šćepović,7,5,71.43,0,0,1,1,0,1,1,0,1,0
3825653,Mikel Arruabarrena Aranbide,6,6,100.0,0,0,0,5,0,0,0,0,0,0
3825653,Moisés Gómez Bordonado,5,4,80.0,0,0,0,2,0,3,1,0,0,1
3825653,Iñigo Barrenetxea García,7,6,85.71,0,0,0,1,0,1,1,0,0,0
3825651,Felipe Salvador Caicedo Corozo,23,17,73.91,3,1,2,11,0,0,8,1,0,3
3825651,Enzo Pablo Roco Roco,36,28,77.78,0,0,0,6,1,6,3,0,0,1
3825651,Rubén Salvador Pérez Del Mármol,41,26,63.41,0,0,1,28,3,4,4,4,3,3
3825651,Papa Kouly Diop,42,31,73.81,1,0,1,13,2,8,9,3,3,0
3825651,Cristiano Biraghi,32,23,71.88,0,0,0,11,1,3,6,0,0,1
3825651,Isaac Ajayi Success,21,10,47.62,3,0,6,12,1,2,6,0,5,0
3825651,Roberto Antonio Correa Silva,29,21,72.41,0,0,0,11,0,8,5,1,1,4
3825651,Hernán Arsenio Pérez González,42,29,69.05,0,0,7,19,0,5,5,1,4,6
3825651,Rene Krhin,34,21,61.76,0,0,0,18,4,6,3,0,2,3
3825651,Álvaro González Soberón,51,37,72.55,0,0,2,6,0,8,0,2,1,0
3825651,Andrés Eduardo Fernández Moreno,32,19,59.38,0,0,0,0,0,5,0,0,0,0
3825651,Youssef El-Arabi,10,6,60.0,0,0,1,13,0,1,3,0,1,1
3825651,David Rodríguez Lombán,27,18,66.67,0,0,1,11,0,2,1,1,0,1
3825651,Jean-Sylvain Claude Babin,29,18,62.07,3,1,0,10,1,1,9,1,1,1
3825651,Pau López Sabata,31,21,67.74,0,0,0,0,0,5,0,0,1,0
3825651,Víctor Guillermo Álvarez Delgado,23,13,56.52,0,0,1,17,1,1,3,1,2,0
3825651,Dimitri Foulquier,30,22,73.33,0,0,4,12,3,5,6,3,0,0
3825651,Rubén Duarte Sánchez,47,35,74.47,1,0,0,12,2,3,4,2,1,0
3825651,Francisco Medina Luna,23,13,56.52,3,0,2,13,1,2,6,0,2,3
3825651,José Alberto Cañas Ruiz Herrera,34,21,61.76,0,0,1,7,2,3,1,0,2,1
3825651,Javier Márquez Moreno,22,17,77.27,1,0,1,23,0,4,3,0,1,4
3825651,Marco Asensio Willemsen,46,25,54.35,3,0,4,14,0,8,2,2,3,0
3825651,Rubén Rochina Naixes,14,7,50.0,0,0,0,12,1,2,1,1,1,2
3825651,Mamadou Sylla Diallo,9,7,77.78,0,0,1,1,0,1,0,0,1,1
3825651,Abraham González Casanova,14,12,85.71,1,0,0,3,0,2,1,1,0,1
3825651,Salvador Ruiz Rodríguez,6,3,50.0,0,0,0,4,0,2,0,0,0,1
3825651,Francisco Manuel Rico Castro,12,8,66.67,0,0,0,7,0,1,4,1,1,0
3825650,Beñat Etxebarria Urkiaga,51,43,84.31,0,0,4,31,5,8,9,2,1,2
3825650,Raúl García Escudero,38,26,68.42,7,1,0,21,2,9,7,2,4,0
3825650,Aymeric Laporte,52,42,80.77,3,0,0,2,4,9,2,3,0,1
3825650,Aritz Aduriz Zubeldia,31,24,77.42,4,0,7,6,1,3,1,1,3,1
3825650,Germán Alejandro Pezzella,25,19,76.0,0,0,0,9,3,1,3,6,0,3
3825650,Antonio Adán Garrido,31,14,45.16,0,0,0,1,0,4,0,0,0,0
3825650,Alfred John Momar N''Diaye,37,27,72.97,0,0,1,27,1,5,7,3,0,2
3825650,Sabin Merino Zuloaga,31,25,80.65,1,0,3,19,0,6,8,3,0,1
3825650,Mikel Balenziaga Oruesagasti,48,38,79.17,0,0,0,10,2,5,3,3,1,0
3825650,Mikel San José Domínguez,42,31,73.81,1,0,1,26,6,2,7,7,0,3
3825650,Ricky van Wolfswinkel,23,19,82.61,2,0,1,21,2,2,5,3,2,1
3825650,Gorka Iraizoz Moreno,30,12,40.0,0,0,0,0,0,5,0,0,0,0
3825650,Daniel Ceballos Fernández,52,47,90.38,1,0,3,26,2,8,5,1,4,1
3825650,Óscar de Marcos Arana,26,20,76.92,1,0,1,6,1,3,3,0,0,1
3825650,Iñaki Williams Arthuer,28,22,78.57,6,2,3,12,0,4,5,0,1,3
3825650,Francisco Portillo Soler,24,22,91.67,0,0,2,9,0,8,0,0,1,0
3825650,Xabier Etxeita Gorritxategi,28,22,78.57,0,0,1,7,4,1,1,2,0,1
3825650,Cristiano Piccini,53,37,69.81,1,0,0,16,3,7,9,0,0,1
3825650,Rubén Castro Martín,45,37,82.22,4,1,2,3,1,2,2,0,2,0
3825650,Bruno González Cabrera,42,35,83.33,0,0,0,14,2,4,8,2,0,0
3825650,Joaquín Sánchez Rodríguez,41,25,60.98,1,0,13,8,1,7,5,1,1,0
3825650,Francisco José Molinero Calderón,25,22,88.0,1,0,3,11,1,3,6,1,1,2
3825650,Didier Digard,57,39,68.42,1,0,1,11,0,6,3,3,1,1
3825650,Eneko Bóveda Altube,18,12,66.67,0,0,1,3,4,0,1,0,1,1
3825650,Francisco Miguel Varela Martín,33,22,66.67,0,0,1,2,0,2,1,1,0,0
3825650,Íñigo Lekue Martínez,5,2,40.0,0,0,1,2,0,1,1,0,0,0
3825650,Jorge Molina Vidal,5,3,60.0,0,0,0,1,0,0,0,0,0,0
3825650,Gorka Elustondo Urkola,1,1,100.0,0,0,0,3,0,0,1,0,0,0
3825649,Charles Días Barbosa de Oliveira,26,21,80.77,2,0,1,18,1,4,7,1,0,0
3825649,José Luis García del Pozo,78,63,80.77,3,0,1,14,1,3,4,0,0,1
3825649,Arthur Etienne Boka,53,40,75.47,1,0,3,11,3,5,3,0,1,1
3825649,Pablo Pérez Rodríguez,26,11,42.31,1,0,0,14,2,1,7,1,0,3
3825649,Luis Hernández Rodríguez,35,23,65.71,0,0,0,3,9,3,2,2,0,0
3825649,Juan Carlos Pérez López,49,30,61.22,2,0,0,11,1,4,2,2,4,0
3825649,Sergio Álvarez Díaz,38,32,84.21,0,0,1,25,5,5,10,6,2,1
3825649,Alberto Lora Ramos,42,28,66.67,0,0,1,10,2,4,4,4,0,4
3825649,Alen Halilović,27,22,81.48,4,1,6,7,0,9,0,0,1,1
3825649,Ignacio Camacho Barnola,24,19,79.17,0,0,0,5,0,1,3,0,1,1
3825649,Adnane Tighadouini,14,10,71.43,2,0,3,3,0,3,0,0,0,0
3825649,Bernardo José Espinosa Zúñiga,23,16,69.57,0,0,0,3,1,1,2,3,0,2
3825649,Pablo Fornals Malla,71,55,77.46,1,0,2,10,1,9,6,3,1,1
3825649,Omar Mascarell González,36,21,58.33,0,0,0,18,2,5,4,4,0,1
3825649,Ismael López Blanco,31,21,67.74,2,0,1,11,1,3,5,1,0,1
3825649,Miguel Ángel Guerrero Martín,13,10,76.92,1,0,1,23,1,3,12,1,1,2
3825649,Raúl Albentosa Redal,57,43,75.44,0,0,0,5,2,4,2,1,2,2
3825649,Weligton Róbson Pena de Oliveira,56,44,78.57,0,0,0,7,4,11,5,1,2,1
3825649,Iván Cuéllar Sacristán,30,12,40.0,0,0,0,0,0,4,0,0,0,0
3825649,Jonathan Rodríguez Menéndez,22,12,54.55,1,0,7,15,3,3,2,2,1,0
3825649,Roberto José Rosales Altuve,57,45,78.95,0,0,0,5,5,2,5,2,0,0
3825649,Idriss Carlos Kameni,25,20,80.0,0,0,0,0,0,2,0,0,0,0
3825649,Fábio Ricardo Gomes Fonseca,49,41,83.67,2,0,1,6,1,0,1,0,1,0
3825649,Sérgio Paulo Barbosa Valente,33,23,69.7,0,0,3,2,1,3,0,1,1,0
3825649,Hugo Fraile Martín,12,10,83.33,0,0,1,8,0,0,2,0,0,1
3825649,Duje Čop,4,3,75.0,0,0,0,0,0,1,0,0,1,0
3825649,Alejandro Menéndez Díez,2,0,0.0,0,0,0,3,1,0,1,1,0,0
3825649,Rachid Aït-Atmane,3,3,100.0,0,0,0,0,0,0,0,0,1,0
3825648,Simone Verdi,12,9,75.0,1,0,0,21,1,4,0,2,0,2
3825648,Borja González Tomás,19,9,47.37,3,0,1,16,0,2,11,2,2,1
3825648,Daniel García Carrillo,40,24,60.0,0,0,1,13,2,6,8,0,1,2
3825648,Javier Guerra Rodríguez,32,20,62.5,0,0,4,16,2,1,8,1,2,1
3825648,Aleksandar Pantić,19,10,52.63,0,0,1,6,1,4,7,0,0,1
3825648,José Eduardo Rosa Vale de Castro,72,48,66.67,0,0,0,8,5,4,4,2,0,1
3825648,José Raúl Baena Urdiales,49,38,77.55,0,0,2,24,2,2,3,2,1,2
3825648,Gonzalo Escalante,32,19,59.38,0,0,4,38,6,6,6,2,2,3
3825648,Roberto Trashorras Gayoso,53,39,73.58,0,0,1,6,2,3,3,2,1,0
3825648,Tiago Manuel Dias Correia,41,22,53.66,2,0,4,6,2,5,2,0,1,0
3825648,Răzvan Dincă Raț,86,60,69.77,0,0,2,10,1,0,6,4,1,1
3825648,Asier Riesgo Unamuno,39,16,41.03,0,0,0,0,0,10,0,0,0,0
3825648,Sergio Gontán Gallardo,29,18,62.07,2,0,3,22,2,11,6,1,0,2
3825648,Diego Javier Llorente Ríos,57,45,78.95,0,0,3,15,6,8,9,2,4,1
3825648,Antonio Rodríguez Martínez,41,35,85.37,0,0,0,0,0,7,0,0,0,0
3825648,Roberto Román Triguero,42,31,73.81,0,0,1,18,0,3,2,0,1,0
3825648,Patrick Ebert,40,23,57.5,0,0,0,14,0,4,3,1,1,3
3825648,David Juncà Reñé,37,26,70.27,1,0,2,15,2,3,1,3,2,2
3825648,Saúl Berjón Pérez,37,18,48.65,1,0,5,14,0,7,1,2,1,2
3825648,Mauro Javier Dos Santos,22,10,45.45,1,0,0,11,4,7,0,3,0,0
3825648,Ander Capa Rodríguez,41,19,46.34,0,0,0,17,1,2,4,4,1,1
3825648,Jozabed Sánchez Ruiz,19,15,78.95,1,0,0,10,1,1,3,1,2,1
3825648,Pablo Hernández Domínguez,21,15,71.43,0,0,1,8,0,3,4,1,1,0
3825648,Sergio Enrich Ametller,12,8,66.67,0,0,1,15,0,1,10,1,1,1
3825648,Alhassane Bangoura,12,6,50.0,1,0,3,5,0,3,1,0,1,0
3825648,Alberto Mateus Contreiras Gonçalves,3,2,66.67,2,0,0,4,0,0,1,0,1,1
3825648,Takashi Inui,6,3,50.0,2,0,1,5,0,1,0,0,0,0
3825648,Manuel Castellano Castro,1,0,0.0,0,0,0,0,0,0,0,0,0,0
3825765,Iago Aspas Juncal,44,38,86.36,3,0,4,18,1,5,0,3,1,1
3825765,Daniel Wass,86,70,81.4,4,0,5,9,0,6,3,1,0,3
3825765,Nemanja Radoja,54,48,88.89,2,0,2,14,2,3,5,4,1,1
3825765,Jonathan Castro Otto,42,35,83.33,1,0,1,10,3,1,3,0,2,0
3825765,Gustavo Daniel Cabral Cáceres,87,82,94.25,0,0,0,11,2,5,6,3,0,0
3825765,Sergi Gómez Solà,61,55,90.16,0,0,0,7,1,5,4,1,0,1
3825765,Adil Rami,20,14,70.0,0,0,0,3,0,8,3,2,1,0
3825765,Mariano Ferreira Filho,23,13,56.52,1,0,2,15,1,8,6,4,4,2
3825765,Steven N''Kemboanza Mike Christopher Nzonzi,26,19,73.08,1,0,0,9,1,3,2,1,0,0
3825765,Pedro Pablo Hernández,89,81,91.01,4,0,4,18,0,5,7,0,5,0
3825765,Carles Planas Antolínez,92,82,89.13,1,0,1,13,0,2,5,2,3,1
3825765,Federico Julián Fazio,9,7,77.78,0,0,0,3,0,0,1,0,0,2
3825765,Yevhen Konoplyanka,15,6,40.0,1,0,1,12,1,3,1,2,0,3
3825765,Fernando Llorente Torres,23,14,60.87,1,0,2,12,0,4,10,1,1,3
3825765,Michael Krohn-Dehli,25,20,80.0,1,0,4,7,1,3,3,3,2,2
3825765,Daniel Filipe Martins Carriço,21,13,61.9,2,1,0,15,2,5,5,2,0,0
3825765,Claudio Beauvue,34,21,61.76,3,1,2,18,1,3,1,5,2,4
3825765,Sergio Escudero Palomo,24,10,41.67,0,0,2,15,1,5,7,7,1,3
3825765,Sergio Álvarez Conde,30,26,86.67,0,0,0,0,0,3,0,0,0,0
3825765,Sergio Rico González,39,19,48.72,0,0,0,0,0,3,0,0,1,0
3825765,José Antonio Reyes Calderón,14,7,50.0,1,0,1,23,0,4,2,2,3,1
3825765,Théo Bongonda Mbul''Ofeko Batombo,38,32,84.21,3,0,6,11,0,3,3,0,3,4
3825765,Víctor Machín Pérez,9,5,55.56,0,0,1,7,0,2,2,1,1,2
3825765,Marcelo Alfonso Díaz Rojas,52,47,90.38,2,0,0,2,0,3,0,0,1,0
3825765,Éver Maximiliano David Banega,10,7,70.0,0,0,2,4,1,2,1,0,0,1
3825765,John Guidetti,7,7,100.0,2,0,0,3,0,0,1,1,0,1
3825765,Kevin Gameiro,3,3,100.0,1,0,1,4,0,1,1,0,0,0
3825766,Rubén Castro Martín,17,9,52.94,1,1,2,2,0,3,1,0,0,1
3825766,Ricky van Wolfswinkel,20,12,60.0,1,0,0,8,0,1,12,1,3,4
3825766,Alfred John Momar N''Diaye,39,28,71.79,1,0,2,17,1,7,14,3,1,3
3825766,Germán Alejandro Pezzella,28,17,60.71,0,0,0,4,3,1,11,6,0,2
3825766,Guilherme Magdalena Siqueira,28,18,64.29,0,0,0,6,0,0,3,1,1,1
3825766,Petros Matheus dos Santos Araújo,50,31,62.0,0,0,2,14,1,7,9,2,5,2
3825766,Daniel Parejo Muñoz,63,48,76.19,0,0,3,20,1,2,5,0,1,2
3825766,Charly Musonda Junior,25,13,52.0,1,0,7,7,0,9,2,1,5,0
3825766,André Filipe Tavares Gomes,42,31,73.81,2,0,5,15,1,7,7,3,2,1
3825766,Álvaro Negredo Sánchez,38,26,68.42,2,0,1,9,0,1,13,0,2,1
3825766,Martín Montoya Torralbo,50,33,66.0,0,0,2,15,0,5,8,3,1,1
3825766,Denis Cheryshev,44,24,54.55,0,0,3,16,1,3,6,6,2,5
3825766,Daniel Ceballos Fernández,23,13,56.52,0,0,4,9,3,6,3,4,6,3
3825766,Shkodran Mustafi,42,28,66.67,1,0,0,7,2,2,3,0,1,3
3825766,Juan Manuel Vargas Risco,52,33,63.46,2,0,1,7,5,3,2,2,0,2
3825766,Sofiane Feghouli,21,12,57.14,0,0,1,4,1,2,2,1,3,0
3825766,Antonio Barragán Fernández,52,38,73.08,0,0,1,10,4,6,5,2,1,1
3825766,Aymen Abdennour,38,25,65.79,0,0,0,3,4,4,3,1,1,0
3825766,Bruno González Cabrera,36,31,86.11,0,0,0,1,2,1,2,0,0,1
3825766,Wilfried Aimeric Zahibo,36,25,69.44,0,0,0,17,1,9,7,3,1,6
3825766,Antonio Adán Garrido,24,12,50.0,0,0,0,0,0,3,0,0,0,0
3825766,Mathew Ryan,25,17,68.0,0,0,0,0,0,7,0,0,0,0
3825766,José Luis Gayà Peña,23,17,73.91,0,0,2,7,0,1,1,0,2,2
3825766,Rodrigo Moreno Machado,10,8,80.0,2,0,0,3,0,3,6,0,1,1
3825766,Jorge Molina Vidal,4,2,50.0,0,0,0,3,0,0,3,1,2,0
3825766,Santiago Mina Lorenzo,8,7,87.5,0,0,1,3,0,1,0,0,1,0
3825766,Francisco Portillo Soler,5,4,80.0,0,0,0,3,0,0,1,0,0,1
3825766,Didier Digard,2,2,100.0,0,0,0,0,0,1,1,0,0,0
3825764,David Barral Torres,12,10,83.33,4,0,0,18,0,4,2,1,1,4
3825764,Rubén Rochina Naixes,59,37,62.71,3,0,5,29,1,9,5,2,5,6
3825764,Ricardo Miguel Moreira da Costa,16,12,75.0,0,0,0,7,1,1,3,2,0,1
3825764,Isaac Ajayi Success,32,18,56.25,3,0,11,14,3,9,4,5,0,3
3825764,Marcelo Vieira da Silva Júnior,73,62,84.93,0,0,4,15,6,5,2,3,3,1
3825764,Sergio Ramos García,77,74,96.1,1,0,0,8,4,7,5,5,4,1
3825764,Raphaël Varane,68,58,85.29,0,0,0,15,4,5,6,3,1,1
3825764,Daniel Carvajal Ramos,50,42,84.0,1,0,3,14,2,4,3,4,4,3
3825764,Cristiano Ronaldo dos Santos Aveiro,29,22,75.86,3,0,2,4,1,2,2,0,0,0
3825764,Rubén Salvador Pérez Del Mármol,62,53,85.48,0,0,2,36,1,6,5,2,1,3
3825764,Francisco Manuel Rico Castro,43,37,86.05,0,0,2,28,1,3,4,1,1,5
3825764,David Rodríguez Lombán,21,17,80.95,1,0,0,11,3,0,2,2,0,0
3825764,Dimitri Foulquier,45,35,77.78,0,0,3,19,4,4,1,3,0,3
3825764,James David Rodríguez Rubio,39,32,82.05,0,0,2,19,1,3,2,0,4,1
3825764,Adalberto Peñaranda Maestre,25,20,80.0,1,0,3,19,1,3,5,4,0,2
3825764,Keylor Navas Gamboa,29,20,68.97,0,0,0,1,0,3,0,0,0,0
3825764,Toni Kroos,96,88,91.67,0,0,2,21,4,5,0,0,3,0
3825764,Francisco Román Alarcón Suárez,64,52,81.25,1,0,9,23,1,6,6,2,5,3
3825764,Hugo Miguel Almeida Costa Lopes,41,30,73.17,0,0,1,21,3,4,5,0,4,1
3825764,Karim Benzema,32,18,56.25,4,1,2,13,0,4,2,0,0,1
3825764,Luka Modrić,64,53,82.81,3,1,4,20,1,6,5,0,3,2
3825764,Andrés Eduardo Fernández Moreno,23,17,73.91,0,0,0,0,0,1,0,0,0,0
3825764,Youssef El-Arabi,5,3,60.0,2,1,1,13,0,1,0,0,1,0
3825764,Jesé Rodríguez Ruiz,10,8,80.0,1,0,1,9,0,1,1,0,0,0
3825764,Rene Krhin,3,3,100.0,0,0,0,1,1,0,2,1,0,0
3825764,Mateo Kovačić,12,9,75.0,0,0,1,1,0,0,1,0,1,0
3825764,Abdoulaye Doucouré,2,1,50.0,0,0,0,6,2,2,1,0,0,0
3825764,José Ignacio Fernández Iglesias,1,1,100.0,0,0,0,0,0,0,0,0,0,0
3825760,Ángel Martín Correa,12,7,58.33,2,0,4,13,0,3,6,1,2,0
3825760,Jorge Resurrección Merodio,59,44,74.58,0,0,1,22,1,5,7,5,3,2
3825760,Gabriel Fernández Arenas,59,42,71.19,1,0,1,12,1,8,7,1,3,2
3825760,Antoine Griezmann,21,15,71.43,1,0,1,20,1,0,6,2,2,3
3825760,Manuel Castellano Castro,36,26,72.22,0,0,0,10,4,2,3,2,1,1
3825760,Asier Riesgo Unamuno,36,18,50.0,0,0,0,0,0,10,0,0,0,0
3825760,David Juncà Reñé,41,26,63.41,0,0,1,9,2,3,3,3,2,4
3825760,Adrián González Morales,33,25,75.76,1,0,1,14,1,3,6,4,1,0
3825760,Thomas Teye Partey,25,18,72.0,0,0,2,11,0,5,1,2,1,1
3825760,Jan Oblak,21,8,38.1,0,0,0,0,0,5,0,0,0,0
3825760,Saúl Ñíguez Esclapez,41,27,65.85,1,1,0,7,3,4,2,0,0,0
3825760,Lucas Hernández Pi,67,47,70.15,0,0,1,15,0,3,5,2,2,0
3825760,Sergio Gontán Gallardo,29,18,62.07,1,1,2,23,0,6,3,3,5,2
3825760,Yannick Ferreira Carrasco,42,29,69.05,3,0,2,23,0,11,8,3,2,2
3825760,Ander Capa Rodríguez,55,33,60.0,0,0,1,19,6,6,7,2,1,1
3825760,Mauro Javier Dos Santos,33,23,69.7,1,0,0,7,2,3,2,1,0,1
3825760,Sergio Enrich Ametller,29,25,86.21,0,0,1,15,0,2,13,2,0,4
3825760,Daniel García Carrillo,53,35,66.04,0,0,1,21,1,4,4,0,2,1
3825760,Gonzalo Escalante,36,19,52.78,0,0,1,20,1,7,4,1,1,6
3825760,José María Giménez de Vargas,26,19,73.08,1,1,0,9,2,5,6,1,2,1
3825760,José Ignacio Peleteiro Ramallo,22,15,68.18,2,0,8,11,0,1,2,2,0,1
3825760,Jesús Gámez Duarte,39,28,71.79,0,0,0,11,1,2,2,2,0,2
3825760,Óliver Torres Muñoz,26,20,76.92,0,0,2,5,0,4,0,1,4,0
3825760,Luciano Vietto,13,9,69.23,0,0,3,3,0,2,2,0,0,0
3825760,Takashi Inui,3,3,100.0,0,0,0,2,0,0,1,0,1,1
3825760,Fernando José Torres Sanz,3,3,100.0,4,1,1,3,0,1,1,0,1,2
3825760,Saúl Berjón Pérez,1,1,100.0,1,0,0,3,0,0,1,1,0,1
3825760,Josip Radošević,1,1,100.0,0,0,0,0,0,0,0,0,1,0
3825763,Nicolás Ladislao Fedor Flores,18,14,77.78,3,1,1,10,0,3,6,2,1,3
3825763,Jozabed Sánchez Ruiz,44,33,75.0,4,0,2,15,2,5,2,1,2,1
3825763,Roberto Trashorras Gayoso,77,52,67.53,2,0,5,20,0,4,4,0,4,4
3825763,Roberto Román Triguero,46,39,84.78,0,0,1,12,2,4,3,3,0,2
3825763,Jerónimo Figueroa Cabrera,24,16,66.67,0,0,1,18,1,7,5,0,2,0
3825763,Pedro Taunausú Domínguez Placeres,40,31,77.5,0,0,1,24,1,5,4,2,1,1
3825763,Roque Mesa Quevedo,44,37,84.09,0,0,2,33,1,6,7,6,4,5
3825763,José Raúl Baena Urdiales,24,19,79.17,0,0,1,21,0,1,2,0,1,1
3825763,Pablo Hernández Domínguez,20,11,55.0,0,0,5,13,0,4,0,1,1,1
3825763,Dani Castellano Betancor,59,44,74.58,0,0,4,15,5,8,7,9,2,3
3825763,Javier Varas Herrera,56,30,53.57,0,0,1,0,0,6,0,0,1,0
3825763,Pedro Bigas Rigo,50,36,72.0,1,0,0,4,4,7,2,4,1,0
3825763,Willian José da Silva,27,13,48.15,3,0,3,10,0,2,5,1,1,1
3825763,Joaquín José Marín Ruiz,51,35,68.63,1,0,0,15,3,5,7,2,1,1
3825763,Aythami Artiles Oliva,57,42,73.68,1,0,0,5,0,1,2,0,0,0
3825763,José Eduardo Rosa Vale de Castro,47,35,74.47,1,0,0,14,3,6,5,0,0,0
3825763,Juan Carlos Valerón Santana,32,27,84.38,1,0,0,6,1,1,3,0,1,1
3825763,Tiago Manuel Dias Correia,33,22,66.67,5,1,1,11,0,7,3,5,2,1
3825763,David Simón Rodríguez Santana,43,31,72.09,1,0,1,21,1,3,6,1,0,3
3825763,Jonathan Viera Ramos,23,20,86.96,1,0,2,16,0,3,5,4,3,0
3825763,Diego Javier Llorente Ríos,44,29,65.91,2,0,2,15,1,7,5,0,2,1
3825763,Juan Carlos Martín Corral,35,24,68.57,0,0,0,0,0,4,0,0,0,0
3825763,Mubarak Wakaso,8,5,62.5,1,0,2,2,1,1,1,2,1,0
3825763,Francisco Medina Luna,12,9,75.0,1,0,2,7,1,2,2,1,0,2
3825763,José Antonio Dorado Ramírez,21,14,66.67,0,0,0,1,0,0,0,0,0,1
3825763,Nauzet Alemán Viera,13,10,76.92,0,0,0,3,0,3,1,1,0,2
3825763,Sergio Ezequiel Araújo,0,0,0.0,0,0,0,2,0,0,2,0,0,0
3825763,Javier Guerra Rodríguez,0,0,0.0,0,0,0,1,0,0,1,0,0,0
3825761,Aritz Aduriz Zubeldia,29,18,62.07,1,0,0,4,1,2,5,0,3,2
3825761,Beñat Etxebarria Urkiaga,72,54,75.0,1,0,0,14,0,9,3,1,3,1
3825761,Aymeric Laporte,73,61,83.56,0,0,0,11,5,5,2,2,3,4
3825761,Roberto Soldado Rillo,32,18,56.25,2,0,0,31,1,3,5,0,5,7
3825761,Gorka Iraizoz Moreno,42,33,78.57,0,0,0,0,0,8,0,0,0,0
3825761,Bruno Soriano Llido,42,33,78.57,0,0,0,24,2,6,5,2,0,1
3825761,Javier Eraso Goñi,17,13,76.47,0,0,0,11,0,3,3,3,4,0
3825761,Mateo Pablo Musacchio,27,20,74.07,0,0,0,10,0,5,5,1,1,1
3825761,Manuel Trigueros Muñoz,48,33,68.75,0,0,0,20,1,7,3,0,1,1
3825761,Mario Gaspar Pérez Martínez,41,27,65.85,0,0,3,10,2,2,3,2,3,1
3825761,Jonathan dos Santos Ramírez,30,17,56.67,0,0,1,28,0,2,3,2,0,0
3825761,Mikel San José Domínguez,74,63,85.14,1,0,1,14,5,7,4,3,4,3
3825761,Eneko Bóveda Altube,70,56,80.0,1,0,1,13,3,5,9,3,0,1
3825761,Cédric Bakambu,12,7,58.33,0,0,3,24,2,2,4,0,0,2
3825761,Íñigo Lekue Martínez,65,52,80.0,0,0,2,10,2,7,2,3,2,2
3825761,Jaume Vicent Costa Jordá,47,32,68.09,0,0,1,15,1,3,4,3,3,2
3825761,Iñaki Williams Arthuer,25,13,52.0,5,0,4,14,1,10,2,0,2,3
3825761,Denis Suárez Fernández,33,17,51.52,0,0,4,25,1,4,4,2,4,2
3825761,Mikel Balenziaga Oruesagasti,59,45,76.27,1,0,4,10,6,6,5,3,1,1
3825761,Alphonse Areola,36,19,52.78,0,0,0,0,0,6,0,0,0,0
3825761,Víctor Ruíz Torre,33,25,75.76,0,0,0,2,4,5,3,1,0,1
3825761,Markel Susaeta Laskurain,19,14,73.68,0,0,2,13,3,4,3,0,0,2
3825761,Leonardo Carrilho Baptistão,11,7,63.64,0,0,0,19,0,1,3,1,2,2
3825761,Sabin Merino Zuloaga,8,6,75.0,0,0,2,5,1,1,1,0,0,1
3825761,Daniele Bonera,4,2,50.0,0,0,0,3,0,1,0,1,0,3
3825761,Samuel Castillejo Azuaga,3,2,66.67,0,0,0,3,1,0,3,3,0,0
3825761,Iker Muniain Goñi,14,12,85.71,0,0,0,6,0,1,1,0,0,0
3825761,Ander Iturraspe Derteano,5,5,100.0,0,0,0,2,0,0,0,0,0,1
3825762,Lucas Pérez Martínez,30,23,76.67,1,0,2,7,0,4,4,0,0,1
3825762,Luis Alberto Romero Alconchel,24,14,58.33,3,1,4,12,0,2,5,1,1,0
3825762,Alejandro Bergantiños García,53,35,66.04,0,0,0,20,0,5,8,0,1,2
3825762,Arnaldo Antonio Sanabria Ayala,13,10,76.92,4,0,0,13,0,3,10,1,2,0
3825762,Iván Cuéllar Sacristán,41,15,36.59,0,0,0,0,0,13,0,0,0,0
3825762,Luis Hernández Rodríguez,37,24,64.86,0,0,0,6,5,3,2,2,1,0
3825762,Sidnei Rechel da Silva Júnior,52,38,73.08,0,0,0,5,1,3,3,0,1,0
3825762,Ognjen Vranješ,42,23,54.76,0,0,0,13,2,2,7,2,1,1
3825762,Alejandro Arribas Garrido,55,34,61.82,0,0,0,14,0,4,6,3,2,3
3825762,Daniel Arnaud N''Di	,24,19,79.17,0,0,1,17,0,3,7,1,3,1
3825762,Rubén Gracia Calmache,25,19,76.0,1,0,2,6,1,2,0,1,0,1
3825762,Germán Darío Lux,52,27,51.92,0,0,0,0,0,12,0,0,0,0
3825762,Juan Francisco Moreno Fuertes,49,38,77.55,0,0,1,7,1,2,5,5,0,0
3825762,Jonathan Rodríguez Menéndez,29,20,68.97,3,1,4,15,2,6,2,0,4,2
3825762,Ismael López Blanco,61,47,77.05,0,0,2,12,2,9,2,0,0,0
3825762,Sergio Álvarez Díaz,42,31,73.81,0,0,0,12,2,3,2,0,1,0
3825762,Fayçal Fajr,41,28,68.29,0,0,4,18,0,4,5,2,0,0
3825762,Fernando Navarro i Corbacho,61,49,80.33,0,0,4,10,0,3,6,3,2,2
3825762,Carlos Carmona Bonet,25,13,52.0,2,0,3,15,2,7,5,2,0,3
3825762,Rachid Aït-Atmane,49,35,71.43,1,0,0,14,3,9,4,2,0,2
3825762,Jorge Meré Pérez,32,24,75.0,0,0,0,6,4,1,5,2,0,0
3825762,Pedro Mosquera Parada,68,52,76.47,0,0,0,17,2,7,7,2,2,3
3825762,Alen Halilović,9,6,66.67,0,0,2,3,0,2,1,0,0,0
3825762,Luis Carlos Correia Pinto,9,7,77.78,0,0,2,6,0,2,1,0,0,1
3825762,Pablo Pérez Rodríguez,11,7,63.64,1,0,0,2,1,1,3,0,0,1
3825762,Federico Nicolás Cartabia,4,4,100.0,0,0,0,5,0,0,3,1,0,1
3825762,Miguel Ángel Guerrero Martín,3,3,100.0,0,0,0,1,0,0,0,0,1,1
3825759,Charles Días Barbosa de Oliveira,29,21,72.41,2,1,1,8,0,3,6,0,0,0
3825759,Miguel Torres Gómez,31,20,64.52,0,0,0,10,2,0,6,3,0,0
3825759,Emiliano Daniel Velázquez Maldonado,52,35,67.31,0,0,1,6,3,4,3,2,0,0
3825759,Juan Antonio Rodríguez Villamuela,50,41,82.0,0,0,0,10,2,2,8,2,1,1
3825759,Christian Atsu Twasam,11,8,72.73,1,1,5,13,0,4,3,3,0,0
3825759,Pedro León Sánchez Gil,62,32,51.61,2,0,5,29,2,7,4,6,1,4
3825759,Ignacio Camacho Barnola,51,39,76.47,0,0,2,20,1,3,8,2,1,3
3825759,José Luis García del Pozo,36,30,83.33,0,0,2,19,0,3,4,1,0,2
3825759,Egor Filipenko,32,26,81.25,1,0,0,9,2,2,1,1,0,0
3825759,Arthur Etienne Boka,62,39,62.9,0,0,2,12,4,6,6,7,3,1
3825759,Duje Čop,30,24,80.0,2,0,2,19,1,2,4,2,4,1
3825759,Damián Nicolás Suárez Suárez,77,63,81.82,0,0,4,10,2,1,6,0,1,0
3825759,Santiago Vergini,52,44,84.62,0,0,0,9,1,5,2,0,0,3
3825759,Vicente Guaita Panadero,26,15,57.69,0,0,0,0,0,5,0,0,0,0
3825759,Moisés Gómez Bordonado,35,31,88.57,1,0,2,17,2,3,3,0,0,1
3825759,Roberto José Rosales Altuve,45,35,77.78,0,0,2,16,0,6,4,0,1,1
3825759,Juan Pablo Añor Acosta,52,40,76.92,2,1,6,19,1,10,1,2,3,1
3825759,Mehdi Lacen,30,28,93.33,0,0,0,12,0,2,3,1,1,1
3825759,Stefan Šćepović,32,23,71.88,1,0,2,13,0,2,2,2,1,0
3825759,Carlos Martín Vigaray,65,47,72.31,0,0,6,19,2,3,9,2,0,1
3825759,Idriss Carlos Kameni,24,13,54.17,0,0,1,0,0,3,0,0,0,0
3825759,Víctor Rodríguez Romero,51,45,88.24,1,0,2,23,0,6,6,0,3,2
3825759,Álvaro Vázquez García,17,10,58.82,0,0,1,4,1,3,2,0,1,0
3825759,Ricardo Jorge Luz Horta,22,17,77.27,0,0,1,18,4,2,6,4,1,1
3825759,Pablo Fornals Malla,22,18,81.82,0,0,1,8,0,4,2,0,0,0
3825759,Abdoul Karim Yoda,19,15,78.95,0,0,3,2,2,0,0,0,0,0
3825759,Álvaro Medrán Just,9,8,88.89,0,0,0,1,0,2,0,0,0,0
3825759,Roque Luis Santa Cruz Cantero,6,5,83.33,1,0,0,1,0,0,0,0,0,0
3825758,Pablo Hernández Domínguez,27,19,70.37,1,0,3,12,0,0,8,2,0,0
3825758,Nicolás Ladislao Fedor Flores,22,14,63.64,1,1,1,16,1,3,12,5,0,3
3825758,Diego Javier Llorente Ríos,35,24,68.57,0,0,2,13,4,3,4,1,1,2
3825758,Joaquín José Marín Ruiz,39,26,66.67,1,0,1,16,1,3,14,3,0,1
3825758,Roberto Román Triguero,40,27,67.5,0,0,1,8,2,5,2,3,1,1
3825758,Sidnei Rechel da Silva Júnior,42,29,69.05,0,0,2,3,7,7,1,1,0,1
3825758,Pedro Mosquera Parada,51,39,76.47,0,0,1,21,0,9,4,4,2,1
3825758,Rubén Gracia Calmache,23,12,52.17,2,0,0,10,0,2,1,1,2,1
3825758,Fernando Navarro i Corbacho,56,38,67.86,0,0,3,13,1,7,7,5,2,0
3825758,José Eduardo Rosa Vale de Castro,39,30,76.92,0,0,0,18,4,5,5,3,1,2
3825758,Lucas Pérez Martínez,36,27,75.0,3,1,1,10,1,4,4,0,4,0
3825758,Alejandro Bergantiños García,43,31,72.09,2,0,0,7,1,11,4,5,2,0
3825758,Tiago Manuel Dias Correia,33,14,42.42,2,0,0,8,1,5,3,0,1,2
3825758,Fayçal Fajr,52,37,71.15,2,1,1,17,0,9,5,4,2,1
3825758,Juan Francisco Moreno Fuertes,60,45,75.0,0,0,3,11,3,4,6,3,2,0
3825758,Alejandro Arribas Garrido,51,37,72.55,1,0,0,15,6,1,8,1,1,0
3825758,Manuel Fernández Muñíz,48,19,39.58,0,0,0,0,0,2,0,0,1,0
3825758,Jozabed Sánchez Ruiz,43,30,69.77,1,1,4,14,2,4,6,0,0,2
3825758,Roberto Trashorras Gayoso,29,23,79.31,0,0,0,12,2,3,3,0,1,2
3825758,José Ignacio Martínez García,23,15,65.22,0,0,0,10,1,4,1,2,1,2
3825758,Juan Carlos Martín Corral,44,25,56.82,0,0,0,0,0,6,0,0,0,0
3825758,Luis Alberto Romero Alconchel,32,19,59.38,6,0,3,17,0,4,3,2,0,0
3825758,José Raúl Baena Urdiales,16,11,68.75,0,0,2,9,1,1,1,2,0,0
3825758,Javier Guerra Rodríguez,13,8,61.54,1,0,1,2,0,2,1,1,0,0
3825758,Francisco Medina Luna,11,5,45.45,0,0,2,1,0,2,1,0,0,2
3825758,Jonathan Javier Rodríguez Portillo,3,0,0.0,1,0,0,5,0,2,3,0,0,2
3825756,Nabil Ghilas,10,7,70.0,0,0,1,8,1,0,2,1,1,0
3825756,Giuseppe Rossi,37,27,72.97,4,1,6,14,0,8,2,0,3,1
3825756,José Antonio García Rabasco,61,48,78.69,2,0,1,15,0,4,2,0,0,0
3825756,Antonio García Aranda,66,50,75.76,3,0,3,7,1,7,2,2,2,3
3825756,José Antonio Reyes Calderón,42,30,71.43,1,0,0,11,1,9,6,0,4,1
3825756,Zouhair Feddal,52,43,82.69,1,0,0,6,0,7,1,2,0,1
3825756,Ángel Trujillo Canorea,45,39,86.67,0,0,0,8,2,1,4,3,2,1
3825756,José Luis Morales Nogales,50,36,72.0,7,0,4,16,0,3,0,1,1,1
3825756,Mariano Ferreira Filho,35,22,62.86,1,0,0,8,3,5,4,3,0,0
3825756,Adil Rami,33,25,75.76,0,0,0,5,1,5,2,1,0,1
3825756,Vicente Iborra De La Fuente,19,12,63.16,2,1,1,4,1,2,2,0,1,0
3825756,Michael Krohn-Dehli,63,57,90.48,1,0,1,9,1,3,0,0,0,1
3825756,Kevin Gameiro,19,15,78.95,4,1,1,3,0,0,2,0,0,1
3825756,Sebastián Carlos Cristóforo Pepe,38,35,92.11,0,0,0,26,2,5,7,5,2,5
3825756,Jefferson Andrés Lerma Solís,17,12,70.59,2,0,1,9,2,3,1,1,0,0
3825756,Iván López Mendoza,53,44,83.02,1,0,2,12,4,4,4,1,0,0
3825756,Benoît Trémoulinas,60,46,76.67,3,0,2,0,1,5,0,0,0,0
3825756,Diego Mariño Villar,33,26,78.79,0,0,0,0,0,3,0,0,0,0
3825756,Steven N''Kemboanza Mike Christopher Nzonzi,53,45,84.91,1,0,2,8,3,6,2,3,0,0
3825756,Simão Mate,61,52,85.25,0,0,1,13,3,4,5,3,0,1
3825756,Sergio Rico González,35,19,54.29,0,0,0,0,0,10,0,0,0,0
3825756,Timothée Kolodziejczak,37,30,81.08,0,0,1,6,4,1,1,0,0,1
3825756,Yevhen Konoplyanka,14,7,50.0,1,1,0,0,1,2,2,2,0,0
3825756,Jordi Xumetra Feliu,10,5,50.0,0,0,0,4,0,3,1,0,1,0
3825756,Mauricio Andrés Cuero Castillo,8,6,75.0,1,0,3,2,0,3,0,0,2,0
3825756,Gaël Kakuta,7,3,42.86,0,0,1,10,1,0,2,1,0,1
3825756,Fernando Llorente Torres,5,3,60.0,0,0,1,4,0,1,1,0,1,1
3825756,Víctor Camarasa Ferrando,18,15,83.33,1,0,0,2,1,2,1,0,0,1
3825755,Pablo Daniel Piatti,20,12,60.0,2,0,1,16,1,3,2,3,2,1
3825755,Sofiane Feghouli,37,23,62.16,4,0,4,14,2,3,0,1,3,2
3825755,Shkodran Mustafi,71,60,84.51,0,0,1,13,2,3,6,1,1,1
3825755,Arnaldo Antonio Sanabria Ayala,21,18,85.71,2,1,2,18,0,6,9,2,0,4
3825755,Álvaro Negredo Sánchez,27,18,66.67,5,0,1,8,0,1,7,2,1,0
3825755,Sergio Álvarez Díaz,23,17,73.91,0,0,2,21,2,4,9,2,1,2
3825755,Danilo Barbosa da Silva,19,13,68.42,0,0,4,18,1,3,1,2,3,3
3825755,Rachid Aït-Atmane,34,22,64.71,0,0,2,21,7,6,6,2,1,3
3825755,Daniel Arnaud N''Di	,20,15,75.0,3,0,5,15,1,3,10,0,2,3
3825755,Jonathan Rodríguez Menéndez,34,24,70.59,2,0,3,14,0,7,4,2,3,1
3825755,Antonio Barragán Fernández,65,55,84.62,0,0,1,20,1,2,4,4,1,1
3825755,Enzo Nicolás Pérez,48,44,91.67,0,0,1,22,1,3,3,1,2,1
3825755,Aymen Abdennour,54,40,74.07,2,0,0,18,0,1,9,0,1,2
3825755,José Luis Gayà Peña,64,49,76.56,1,0,5,18,3,7,7,0,1,2
3825755,Mathew Ryan,34,32,94.12,0,0,0,0,0,5,0,0,0,0
3825755,André Filipe Tavares Gomes,47,36,76.6,1,0,7,23,0,6,5,2,1,4
3825755,Ognjen Vranješ,46,23,50.0,0,0,2,14,2,2,5,2,2,5
3825755,Iván Cuéllar Sacristán,35,14,40.0,0,0,0,0,0,5,0,0,0,0
3825755,Luis Hernández Rodríguez,25,18,72.0,0,0,0,4,1,1,2,0,1,1
3825755,Ismael López Blanco,29,14,48.28,1,0,1,14,1,2,3,2,0,2
3825755,Jorge Meré Pérez,14,9,64.29,0,0,1,7,0,3,5,2,0,1
3825755,Carlos Carmona Bonet,38,27,71.05,1,0,7,22,2,7,7,5,2,1
3825755,Zakaria Bakkali,19,13,68.42,0,0,3,1,0,1,0,0,3,0
3825755,Daniel Parejo Muñoz,33,26,78.79,2,0,1,7,1,5,0,2,0,0
3825755,Rodrigo Moreno Machado,2,2,100.0,1,0,1,8,0,0,2,0,0,0
3825755,Alen Halilović,4,4,100.0,0,0,3,0,0,2,1,0,3,0
3825755,Alejandro Menéndez Díez,1,0,0.0,0,0,0,0,0,0,0,0,0,0
3825755,Omar Mascarell González,5,4,80.0,0,0,0,1,0,0,2,0,0,0
3825754,Iago Aspas Juncal,19,17,89.47,1,0,4,3,0,1,4,1,2,1
3825754,Fabián Ariel Orellana Valenzuela,40,26,65.0,1,0,2,11,1,7,2,0,2,2
3825754,Gustavo Daniel Cabral Cáceres,38,31,81.58,0,0,1,15,2,5,2,3,1,2
3825754,David García Santana,65,52,80.0,0,0,0,9,1,4,6,1,1,0
3825754,Mubarak Wakaso,39,26,66.67,1,0,4,12,1,6,3,2,4,2
3825754,Carles Planas Antolínez,54,37,68.52,0,0,0,22,1,2,7,3,0,2
3825754,Claudio Beauvue,17,9,52.94,1,0,0,12,0,4,7,1,2,1
3825754,Dani Castellano Betancor,50,43,86.0,1,0,4,6,1,1,5,2,2,0
3825754,Roque Mesa Quevedo,63,51,80.95,0,0,3,19,2,10,4,0,3,3
3825754,Javier Varas Herrera,31,24,77.42,0,0,0,0,0,8,0,0,1,0
3825754,Jonathan Viera Ramos,51,40,78.43,4,1,4,17,0,5,3,0,3,2
3825754,Nemanja Radoja,35,28,80.0,0,0,2,18,1,3,4,2,1,3
3825754,Ángel Montoro Sánchez,19,11,57.89,0,0,0,7,2,1,1,2,0,2
3825754,Pedro Pablo Hernández,41,28,68.29,1,0,1,33,3,3,4,3,4,7
3825754,Théo Bongonda Mbul''Ofeko Batombo,23,15,65.22,1,1,3,7,1,2,1,2,1,1
3825754,David Simón Rodríguez Santana,36,28,77.78,0,0,1,10,0,4,3,3,0,2
3825754,Pedro Taunausú Domínguez Placeres,44,35,79.55,3,0,3,22,1,4,5,2,4,1
3825754,Sergio Álvarez Conde,37,22,59.46,0,0,0,0,0,11,0,0,0,0
3825754,Willian José da Silva,29,20,68.97,2,1,2,10,0,1,4,0,2,2
3825754,Aythami Artiles Oliva,44,38,86.36,2,0,0,6,0,5,4,1,0,1
3825754,Hugo Mallo Novegil,44,36,81.82,0,0,1,12,2,4,6,3,1,1
3825754,Jonathan Castro Otto,33,31,93.94,0,0,1,22,3,2,5,1,2,2
3825754,Jerónimo Figueroa Cabrera,43,33,76.74,0,0,2,11,0,5,2,0,1,1
3825754,Daniel Wass,10,5,50.0,0,0,0,3,0,2,0,0,0,0
3825754,John Guidetti,5,4,80.0,0,0,1,5,0,1,2,0,0,1
3825754,Pedro Bigas Rigo,20,17,85.0,0,0,0,0,2,1,0,0,0,0
3825754,Nauzet Alemán Viera,6,5,83.33,0,0,0,3,0,0,1,0,0,0
3825754,Josep Señé Escudero,4,4,100.0,0,0,0,1,0,0,0,0,0,1
3825750,Fabián Ruiz Peña,22,17,77.27,1,0,2,8,2,2,3,1,1,1
3825750,Antonio Adán Garrido,32,25,78.12,0,0,0,0,0,5,0,0,0,0
3825750,Alfred John Momar N''Diaye,48,44,91.67,0,0,2,15,1,5,5,1,1,2
3825750,Jonathas Cristian de Jesus,24,17,70.83,1,0,2,29,0,2,9,4,1,2
3825750,Álvaro Cejudo Carmona,53,35,66.04,1,0,4,14,1,8,2,4,3,1
3825750,Íñigo Martínez Berridi,62,53,85.48,1,1,0,10,4,7,3,1,1,0
3825750,Francisco José Molinero Calderón,34,21,61.76,0,0,2,5,2,1,1,0,0,1
3825750,Héctor Hernández Ortega,64,46,71.88,1,0,0,18,4,5,5,3,0,1
3825750,Rubén Castro Martín,25,18,72.0,2,1,1,6,0,1,1,0,2,1
3825750,Mikel Oyarzabal Ugarte,17,12,70.59,1,0,2,37,2,2,3,3,1,2
3825750,Francisco Portillo Soler,70,55,78.57,1,0,4,17,3,5,0,1,2,2
3825750,Mikel González de Martín Martínez,49,35,71.43,0,0,0,13,1,2,4,2,0,3
3825750,Rubén Pardo Gutiérrez,48,42,87.5,3,0,1,24,2,6,1,3,1,1
3825750,Aritz Elustondo Irribaria,32,23,71.88,0,0,1,4,1,4,0,0,0,0
3825750,Carlos Alberto Vela Garrido,20,16,80.0,1,0,4,19,0,4,3,1,4,1
3825750,Xabier Prieto Argarate,33,23,69.7,2,1,2,26,0,8,4,2,0,0
3825750,Bruno González Cabrera,41,35,85.37,1,0,0,15,5,4,4,1,0,1
3825750,Francisco Miguel Varela Martín,49,32,65.31,0,0,1,6,3,3,4,1,0,0
3825750,Petros Matheus dos Santos Araújo,58,51,87.93,0,0,4,21,1,5,5,1,4,1
3825750,Asier Illarramendi Andonegi,52,40,76.92,0,0,0,35,7,11,4,0,2,3
3825750,Germán Alejandro Pezzella,42,34,80.95,0,0,0,11,3,6,3,1,0,0
3825750,Gerónimo Rulli,33,19,57.58,0,0,0,0,0,2,0,0,0,0
3825750,Joaquín Sánchez Rodríguez,27,19,70.37,0,0,2,5,0,2,0,1,0,0
3825750,Ricky van Wolfswinkel,19,16,84.21,2,0,2,4,0,4,1,0,1,1
3825750,Joseba Zaldúa Bengoetxea,19,13,68.42,0,0,0,9,2,0,4,0,0,2
3825750,Markel Bergara Larrañaga,9,6,66.67,1,0,1,8,1,2,0,1,1,1
3825750,Daniel Ceballos Fernández,12,11,91.67,0,0,3,3,1,2,0,0,2,0
3825750,Armindo Tué Na Bangna,8,7,87.5,0,0,2,2,0,0,1,0,0,1
3825752,Sergio Enrich Ametller,32,21,65.62,1,0,1,5,1,0,10,1,1,4
3825752,Borja González Tomás,22,20,90.91,2,1,1,5,0,1,6,0,1,0
3825752,Daniel García Carrillo,60,43,71.67,1,0,2,6,2,5,5,3,2,1
3825752,David Juncà Reñé,67,45,67.16,2,0,3,11,0,8,5,1,1,0
3825752,Juan Pablo Añor Acosta,24,20,83.33,2,1,4,16,3,5,2,1,2,1
3825752,Takashi Inui,24,14,58.33,1,0,1,4,1,0,2,1,0,0
3825752,Idriss Carlos Kameni,33,17,51.52,0,0,0,0,0,6,0,0,0,0
3825752,Aleksandar Pantić,23,17,73.91,0,0,0,2,2,3,2,1,0,0
3825752,Gonzalo Escalante,45,33,73.33,1,0,2,11,1,10,9,5,2,0
3825752,Ignacio Camacho Barnola,32,13,40.62,0,0,2,17,4,4,6,3,1,2
3825752,Sergio Gontán Gallardo,34,19,55.88,0,0,2,11,0,8,7,3,5,1
3825752,Raúl Albentosa Redal,24,12,50.0,0,0,0,7,5,3,1,3,1,1
3825752,Duje Čop,23,12,52.17,1,0,5,13,0,0,5,0,1,1
3825752,Charles Días Barbosa de Oliveira,24,17,70.83,0,0,1,12,0,3,5,0,0,3
3825752,Mauro Javier Dos Santos,50,35,70.0,0,0,0,6,0,5,8,0,2,1
3825752,Miguel Torres Gómez,55,29,52.73,0,0,0,7,2,2,8,2,0,2
3825752,Gonzalo Castro Irizábal,32,20,62.5,1,0,3,13,0,4,4,3,1,3
3825752,Ander Capa Rodríguez,77,42,54.55,1,0,1,5,2,12,0,1,1,1
3825752,José Luis García del Pozo,44,32,72.73,1,0,1,20,3,7,4,1,2,4
3825752,Asier Riesgo Unamuno,27,11,40.74,0,0,0,1,0,9,0,0,0,0
3825752,Roberto José Rosales Altuve,35,22,62.86,1,0,0,13,2,3,7,4,0,2
3825752,Egor Filipenko,20,13,65.0,0,0,0,9,10,3,4,2,1,0
3825752,Borja Ekiza Imaz,21,14,66.67,0,0,0,2,0,3,2,0,0,1
3825752,José Ignacio Peleteiro Ramallo,17,8,47.06,2,0,1,0,0,3,2,0,2,0
3825752,Pablo Fornals Malla,13,8,61.54,0,0,1,4,0,3,2,0,0,0
3825752,Roque Luis Santa Cruz Cantero,12,8,66.67,1,1,0,0,0,0,0,0,0,0
3825752,Adrián González Morales,6,3,50.0,0,0,0,2,0,0,0,0,0,0
3825752,Arthur Etienne Boka,4,4,100.0,0,0,0,0,0,1,1,0,0,0
3825751,Stefan Šćepović,17,12,70.59,3,0,1,6,0,0,9,2,2,0
3825751,Víctor Rodríguez Romero,40,31,77.5,0,0,4,19,2,10,5,4,2,0
3825751,Juan Antonio Rodríguez Villamuela,53,42,79.25,1,0,0,12,0,2,6,2,0,1
3825751,Roberto Lago Soto,34,22,64.71,0,0,1,7,4,3,1,2,2,1
3825751,Juan Torres Ruiz,50,35,70.0,0,0,0,10,2,2,8,1,1,3
3825751,Óscar de Marcos Arana,44,31,70.45,0,0,1,31,0,7,5,2,2,4
3825751,Moisés Gómez Bordonado,33,27,81.82,1,0,5,13,0,5,5,2,1,1
3825751,Xabier Etxeita Gorritxategi,25,10,40.0,0,0,0,7,4,0,4,2,0,2
3825751,Aritz Aduriz Zubeldia,28,18,64.29,2,0,2,8,1,1,4,0,6,3
3825751,Emiliano Daniel Velázquez Maldonado,49,29,59.18,0,0,1,12,3,9,4,2,1,3
3825751,Vicente Guaita Panadero,23,12,52.17,0,0,0,0,0,2,0,0,0,0
3825751,Pedro León Sánchez Gil,43,25,58.14,2,0,9,15,2,1,4,2,5,2
3825751,Mikel Balenziaga Oruesagasti,48,30,62.5,1,0,2,18,1,4,6,3,0,1
3825751,Damián Nicolás Suárez Suárez,60,43,71.67,0,0,2,16,4,7,5,4,1,2
3825751,Sabin Merino Zuloaga,12,4,33.33,3,0,2,17,0,0,5,4,1,2
3825751,Beñat Etxebarria Urkiaga,60,40,66.67,2,0,2,26,1,8,2,4,2,2
3825751,Iñaki Williams Arthuer,17,13,76.47,2,1,2,12,1,2,0,2,0,1
3825751,Mikel San José Domínguez,44,30,68.18,2,0,1,33,4,7,2,2,1,3
3825751,Javier Eraso Goñi,34,26,76.47,0,0,1,30,2,7,2,1,3,2
3825751,Mehdi Lacen,52,39,75.0,1,0,5,29,5,13,8,1,3,3
3825751,Gorka Iraizoz Moreno,32,12,37.5,0,0,0,0,0,7,0,0,0,0
3825751,Carlos Gurpegi Nausia,34,23,67.65,0,0,0,10,2,2,2,3,0,0
3825751,Abdoul Karim Yoda,35,29,82.86,0,0,0,3,3,6,2,0,0,0
3825751,Íñigo Lekue Martínez,8,5,62.5,1,0,2,7,0,1,0,3,0,0
3825751,Wanderson Maciel Sousa Campos,13,9,69.23,1,0,1,4,0,2,1,1,2,0
3825751,Álvaro Vázquez García,2,2,100.0,2,0,1,0,0,1,1,0,0,0
3825751,Aymeric Laporte,4,3,75.0,0,0,0,0,0,1,0,0,0,0
3825751,Borja Viguera Manzanares,4,3,75.0,1,0,3,4,0,2,0,1,0,1
3825753,Cédric Bakambu,24,15,62.5,2,0,2,10,0,2,2,2,1,1
3825753,Roberto Soldado Rillo,35,21,60.0,6,0,4,14,0,6,2,1,2,2
3825753,Bruno Soriano Llido,60,49,81.67,3,1,1,13,8,4,1,3,0,1
3825753,Youssef El-Arabi,10,5,50.0,1,0,0,37,0,1,8,0,1,0
3825753,Víctor Ruíz Torre,57,51,89.47,0,0,0,3,1,4,2,1,0,0
3825753,Mateo Pablo Musacchio,68,58,85.29,0,0,0,3,0,2,3,2,0,0
3825753,Mario Gaspar Pérez Martínez,55,42,76.36,1,0,3,7,3,4,0,0,0,1
3825753,Robert Ibáñez Castro,13,11,84.62,1,0,0,17,0,5,2,0,0,0
3825753,Denis Suárez Fernández,51,39,76.47,1,0,3,17,3,4,4,0,3,1
3825753,Francisco Manuel Rico Castro,49,37,75.51,1,0,0,27,3,6,9,3,1,3
3825753,Manuel Trigueros Muñoz,50,41,82.0,0,0,0,19,1,2,9,2,3,1
3825753,Dimitri Foulquier,45,34,75.56,0,0,1,21,3,2,2,1,1,3
3825753,Jean-Sylvain Claude Babin,27,24,88.89,0,0,0,10,2,0,5,6,1,1
3825753,Andrés Eduardo Fernández Moreno,33,21,63.64,0,0,0,0,0,2,0,0,0,0
3825753,Rubén Salvador Pérez Del Mármol,51,42,82.35,0,0,3,25,1,6,8,4,1,0
3825753,Rubén Rochina Naixes,45,35,77.78,1,0,4,28,1,9,2,0,2,1
3825753,Isaac Ajayi Success,32,16,50.0,3,0,6,21,2,4,0,0,3,4
3825753,Jonathan dos Santos Ramírez,47,31,65.96,0,0,3,11,1,2,6,3,0,1
3825753,Cristiano Biraghi,41,25,60.98,0,0,1,19,2,1,3,2,0,1
3825753,David Rodríguez Lombán,59,45,76.27,0,0,0,14,3,2,3,3,0,1
3825753,Jaume Vicent Costa Jordá,51,37,72.55,0,0,0,20,4,2,5,2,3,1
3825753,Alphonse Areola,32,28,87.5,0,0,0,0,0,7,0,0,0,0
3825753,David Barral Torres,6,4,66.67,0,0,0,7,0,1,2,2,0,0
3825753,Leonardo Carrilho Baptistão,4,3,75.0,0,0,2,6,0,1,1,3,0,0
3825753,Rene Krhin,9,5,55.56,0,0,0,6,0,0,1,0,0,0
3825753,Matías Nahuel Leiva Esquivel,2,2,100.0,0,0,1,2,0,2,2,1,0,1
3825753,Hugo Miguel Almeida Costa Lopes,7,6,85.71,1,0,0,0,0,2,0,0,0,0
3825753,Samuel Castillejo Azuaga,3,1,33.33,0,0,1,2,0,1,0,0,2,1
3825749,Willian José da Silva,31,24,77.42,3,2,2,8,0,4,4,3,1,1
3825749,Roque Mesa Quevedo,74,65,87.84,0,0,0,21,1,4,3,2,1,3
3825749,Aythami Artiles Oliva,67,61,91.04,0,0,0,11,0,1,1,1,0,1
3825749,Pedro Taunausú Domínguez Placeres,37,31,83.78,1,0,0,11,1,0,1,0,3,1
3825749,Zouhair Feddal,30,25,83.33,0,0,0,9,6,2,2,2,1,2
3825749,José Antonio García Rabasco,44,34,77.27,1,0,0,10,1,4,2,0,0,1
3825749,David García Santana,75,60,80.0,1,0,1,9,4,5,1,2,0,1
3825749,Antonio García Aranda,37,19,51.35,0,0,2,12,2,11,2,1,1,3
3825749,David Simón Rodríguez Santana,75,63,84.0,2,0,2,25,0,8,4,2,1,0
3825749,Juan Carlos Valerón Santana,116,105,90.52,0,0,0,6,0,9,4,2,6,0
3825749,Deyverson Brum Silva Acosta,17,11,64.71,2,1,1,11,0,3,4,0,4,3
3825749,José Luis Morales Nogales,24,14,58.33,5,2,9,21,2,9,3,2,2,2
3825749,Javier Varas Herrera,29,19,65.52,0,0,0,1,0,0,0,0,0,1
3825749,Víctor Camarasa Ferrando,18,14,77.78,1,0,0,15,1,3,2,0,0,1
3825749,Jonathan Viera Ramos,69,60,86.96,1,0,4,15,0,3,6,1,3,1
3825749,Dani Castellano Betancor,66,54,81.82,1,0,1,2,2,4,1,0,4,0
3825749,Mubarak Wakaso,43,35,81.4,3,0,5,14,0,6,3,0,4,1
3825749,Jordi Xumetra Feliu,19,15,78.95,1,0,1,11,0,3,3,2,1,3
3825749,Jefferson Andrés Lerma Solís,25,20,80.0,0,0,0,21,3,6,5,3,1,5
3825749,Diego Mariño Villar,26,15,57.69,0,0,0,0,0,5,0,0,0,0
3825749,David Navarro Pedrós,27,20,74.07,0,0,0,7,2,3,3,0,1,0
3825749,Pedro López Muñoz,15,13,86.67,0,0,0,6,0,2,2,1,0,2
3825749,Iván López Mendoza,10,5,50.0,0,0,1,6,0,0,2,0,0,0
3825749,Simão Mate,11,5,45.45,0,0,1,6,1,2,2,0,0,1
3825749,Giuseppe Rossi,2,2,100.0,2,0,2,3,3,1,1,0,1,0
3825749,Sergio Ezequiel Araújo,2,1,50.0,1,0,0,2,0,1,1,1,0,0
3825749,Nabil El Zhar,11,7,63.64,0,0,0,4,0,2,1,0,0,2
3825747,Iker Muniain Goñi,44,31,70.45,1,0,0,14,2,4,3,0,3,1
3825747,Beñat Etxebarria Urkiaga,59,45,76.27,0,0,1,15,3,7,5,6,3,1
3825747,Aymeric Laporte,43,35,81.4,1,1,0,9,4,3,3,0,1,1
3825747,Markel Susaeta Laskurain,31,20,64.52,0,0,3,24,2,4,4,4,3,2
3825747,David Juncà Reñé,64,42,65.62,0,0,0,11,5,6,3,2,3,3
3825747,Óscar de Marcos Arana,45,31,68.89,0,0,1,13,7,5,0,4,1,0
3825747,Saúl Berjón Pérez,21,10,47.62,1,0,2,8,1,4,4,1,0,0
3825747,Adrián González Morales,15,12,80.0,1,0,0,4,0,3,2,0,0,0
3825747,Eneko Bóveda Altube,37,29,78.38,1,0,0,10,7,3,2,3,0,0
3825747,Asier Riesgo Unamuno,28,12,42.86,0,0,0,0,0,5,0,0,0,0
3825747,Sergio Gontán Gallardo,25,20,80.0,1,0,5,20,0,5,3,2,6,4
3825747,Mikel Balenziaga Oruesagasti,50,43,86.0,0,0,2,20,1,6,3,3,1,4
3825747,Mikel San José Domínguez,41,29,70.73,1,0,0,16,4,6,6,5,0,2
3825747,Aritz Aduriz Zubeldia,29,20,68.97,4,2,0,5,0,5,11,1,2,0
3825747,Mauro Javier Dos Santos,30,19,63.33,0,0,1,5,3,6,8,0,1,0
3825747,Sabin Merino Zuloaga,27,14,51.85,1,1,2,14,0,5,1,3,2,2
3825747,Sergio Enrich Ametller,40,27,67.5,1,0,0,15,0,4,5,3,1,1
3825747,Ander Capa Rodríguez,59,35,59.32,0,0,0,11,2,7,2,1,1,1
3825747,Borja González Tomás,18,14,77.78,4,2,1,8,0,3,1,1,0,0
3825747,Iago Herrerín Buisán,44,28,63.64,0,0,0,0,0,7,0,0,0,0
3825747,Daniel García Carrillo,44,31,70.45,1,0,0,15,1,5,5,2,1,2
3825747,Iván Ramis Barrios,1,1,100.0,0,0,0,1,0,1,0,0,0,0
3825747,Aleksandar Pantić,35,23,65.71,0,0,0,4,5,2,4,0,0,4
3825747,Gonzalo Escalante,17,14,82.35,0,0,3,17,0,5,2,3,0,1
3825747,José Ignacio Peleteiro Ramallo,17,13,76.47,0,0,3,6,2,4,1,2,0,1
3825747,Mikel Rico Moreno,14,10,71.43,0,0,0,7,0,0,2,1,0,0
3825747,Íñigo Lekue Martínez,8,5,62.5,0,0,1,2,0,2,2,1,0,0
3825747,Borja Viguera Manzanares,13,10,76.92,1,0,0,1,0,0,1,0,0,0
3825748,Luciano Vietto,27,24,88.89,1,0,5,9,0,5,5,2,2,3
3825748,Antoine Griezmann,43,32,74.42,6,0,2,10,0,6,4,1,2,1
3825748,Augusto Matías Fernández,30,23,76.67,0,0,0,13,2,1,8,2,1,1
3825748,Gabriel Fernández Arenas,91,71,78.02,5,0,1,14,0,10,9,1,1,1
3825748,Stefan Savić,45,36,80.0,0,0,0,4,1,8,4,1,0,0
3825748,Diego Roberto Godín Leal,43,38,88.37,0,0,0,6,0,5,3,0,3,1
3825748,Adil Rami,13,7,53.85,1,0,0,3,0,2,3,3,0,0
3825748,Jorge Andújar Moreno,25,13,52.0,2,0,1,15,4,3,6,0,2,2
3825748,Éver Maximiliano David Banega,37,20,54.05,2,0,7,16,2,8,2,0,2,0
3825748,Jorge Resurrección Merodio,73,59,80.82,1,0,0,16,1,5,7,0,2,0
3825748,Benoît Trémoulinas,31,17,54.84,0,0,2,9,0,4,3,1,1,0
3825748,Víctor Machín Pérez,14,7,50.0,0,0,4,23,1,4,5,1,1,2
3825748,Filipe Luís Kasmirski,73,56,76.71,0,0,6,9,1,6,6,2,2,0
3825748,Fernando Llorente Torres,29,14,48.28,0,0,1,12,0,2,17,0,0,4
3825748,Daniel Filipe Martins Carriço,22,13,59.09,0,0,0,11,2,1,4,4,0,2
3825748,Grzegorz Krychowiak,19,10,52.63,1,0,1,16,1,3,5,1,6,4
3825748,Sergio Escudero Palomo,15,8,53.33,1,0,3,10,0,2,5,4,0,1
3825748,Juan Francisco Torres Belén,67,51,76.12,0,0,2,6,0,9,3,3,1,2
3825748,Steven N''Kemboanza Mike Christopher Nzonzi,28,15,53.57,0,0,0,13,0,0,5,6,0,1
3825748,Saúl Ñíguez Esclapez,47,42,89.36,4,0,1,11,1,2,4,5,0,1
3825748,Sergio Rico González,31,16,51.61,0,0,0,0,0,5,0,0,1,0
3825748,Jan Oblak,18,12,66.67,0,0,0,0,0,1,0,0,0,0
3825748,Yannick Ferreira Carrasco,34,26,76.47,4,0,9,3,0,3,0,0,1,3
3825748,Michael Krohn-Dehli,7,6,85.71,0,0,1,6,2,0,0,2,0,0
3825748,Kevin Gameiro,4,4,100.0,0,0,1,7,0,0,1,0,0,0
3825748,Sebastián Carlos Cristóforo Pepe,5,3,60.0,0,0,0,5,1,0,0,0,0,0
3825748,Jackson Arley Martínez Valencia,1,1,100.0,0,0,0,1,0,0,3,0,0,0
3825748,Ángel Martín Correa,5,3,60.0,0,0,1,4,0,1,1,0,0,1
3825745,Lucas Pérez Martínez,34,22,64.71,1,1,4,7,0,3,3,2,0,1
3825745,Luis Alberto Romero Alconchel,42,25,59.52,4,0,1,16,0,2,4,2,1,0
3825745,Alejandro Arribas Garrido,31,24,77.42,0,0,0,9,1,4,4,2,0,1
3825745,Sidnei Rechel da Silva Júnior,35,25,71.43,0,0,0,11,3,4,4,0,1,0
3825745,Germán Darío Lux,41,16,39.02,0,0,1,0,0,5,0,0,0,0
3825745,Daniel Parejo Muñoz,64,49,76.56,1,0,0,9,0,4,2,2,0,0
3825745,Fernando Navarro i Corbacho,47,32,68.09,0,0,1,16,2,3,6,1,3,3
3825745,Mathew Ryan,40,23,57.5,0,0,0,0,0,12,0,0,0,0
3825745,Álvaro Negredo Sánchez,22,15,68.18,4,1,1,3,0,3,1,1,1,1
3825745,Antonio Barragán Fernández,35,20,57.14,0,0,1,7,1,3,0,2,0,1
3825745,Santiago Mina Lorenzo,29,25,86.21,0,0,1,14,0,5,2,4,6,1
3825745,Wilfried Aimeric Zahibo,26,20,76.92,0,0,1,7,0,4,1,1,0,0
3825745,Shkodran Mustafi,58,41,70.69,1,0,0,14,3,5,1,2,0,1
3825745,José Luis Gayà Peña,52,44,84.62,0,0,3,9,0,6,4,1,0,0
3825745,André Filipe Tavares Gomes,57,47,82.46,2,0,2,12,0,6,1,3,3,2
3825745,Danilo Barbosa da Silva,47,39,82.98,1,0,3,9,1,3,4,6,2,0
3825745,Alejandro Bergantiños García,58,48,82.76,1,0,0,24,2,6,5,2,1,2
3825745,Pedro Mosquera Parada,48,40,83.33,2,0,1,26,2,14,4,2,0,3
3825745,Fayçal Fajr,39,24,61.54,0,0,0,8,0,4,2,2,1,2
3825745,Rubén Gracia Calmache,39,32,82.05,0,0,0,16,0,0,2,2,0,0
3825745,Juan Francisco Moreno Fuertes,50,40,80.0,0,0,1,14,3,4,3,3,2,2
3825745,Aymen Abdennour,44,34,77.27,0,0,0,8,3,3,0,4,0,2
3825745,Rúben Miguel Nunes Vezo,12,6,50.0,0,0,1,4,0,1,0,2,0,1
3825745,Zakaria Bakkali,15,9,60.0,1,0,1,2,0,1,0,0,2,1
3825745,Luis Carlos Correia Pinto,7,4,57.14,0,0,0,3,0,2,1,1,1,0
3825745,Rodrigo Moreno Machado,5,4,80.0,0,0,1,1,0,0,1,2,0,0
3825745,Laureano Sanabria Ruiz,5,4,80.0,0,0,0,3,1,0,0,0,0,1
3825745,Jonathan Javier Rodríguez Portillo,1,1,100.0,0,0,0,0,0,1,0,0,0,0
3825746,Fabián Ruiz Peña,25,21,84.0,1,0,2,17,1,5,0,0,0,3
3825746,Petros Matheus dos Santos Araújo,47,43,91.49,0,0,0,54,2,8,5,2,3,5
3825746,Bruno González Cabrera,29,26,89.66,1,0,0,9,3,3,0,1,0,0
3825746,Germán Alejandro Pezzella,22,18,81.82,0,0,0,17,4,1,4,3,1,1
3825746,Rubén Castro Martín,11,8,72.73,2,0,5,6,0,2,9,0,3,3
3825746,Luka Modrić,96,89,92.71,1,0,6,14,1,11,2,2,5,3
3825746,Toni Kroos,99,89,89.9,1,0,0,20,1,3,4,2,3,2
3825746,Juan Manuel Vargas Risco,33,25,75.76,0,0,0,13,4,2,3,2,0,1
3825746,Alfred John Momar N''Diaye,30,25,83.33,0,0,3,15,2,3,6,2,2,2
3825746,Antonio Adán Garrido,45,20,44.44,0,0,0,0,0,6,0,0,0,0
3825746,Karim Benzema,26,17,65.38,6,1,4,8,0,3,1,0,1,0
3825746,Álvaro Cejudo Carmona,18,14,77.78,1,1,2,24,1,3,4,2,2,1
3825746,Danilo Luiz da Silva,48,41,85.42,0,0,2,5,3,0,2,1,1,2
3825746,Raphaël Varane,60,51,85.0,0,0,4,8,0,6,5,3,1,1
3825746,Marcelo Vieira da Silva Júnior,82,66,80.49,0,0,6,14,1,10,8,2,2,1
3825746,Kléper Laveran Lima Ferreira,68,59,86.76,1,0,1,4,1,5,3,1,1,3
3825746,Francisco Román Alarcón Suárez,69,64,92.75,1,0,11,23,1,8,6,1,3,1
3825746,James David Rodríguez Rubio,57,44,77.19,3,0,4,11,0,3,2,2,0,1
3825746,Foued Kadir,35,22,62.86,0,0,1,15,3,4,1,1,1,0
3825746,Francisco José Molinero Calderón,42,34,80.95,0,0,2,18,1,5,4,2,0,3
3825746,Cristiano Ronaldo dos Santos Aveiro,31,20,64.52,6,0,2,1,0,2,0,0,4,1
3825746,Keylor Navas Gamboa,17,15,88.24,0,0,0,0,0,4,0,0,0,0
3825746,Daniel Ceballos Fernández,14,7,50.0,0,0,2,24,1,3,8,1,2,4
3825746,Joaquín Sánchez Rodríguez,14,13,92.86,0,0,3,8,2,1,3,0,1,0
3825746,Daniel Carvajal Ramos,28,23,82.14,1,0,2,2,0,1,0,1,1,1
3825746,Francisco Portillo Soler,8,5,62.5,0,0,1,2,0,2,2,0,1,0
3825746,Jesé Rodríguez Ruiz,8,8,100.0,0,0,0,1,0,0,0,0,0,0
3825743,Claudio Beauvue,22,11,50.0,0,0,2,11,0,2,12,2,1,2
3825743,Josep Señé Escudero,22,16,72.73,0,0,4,15,1,1,5,2,7,1
3825743,Borja Fernández Fernández,32,24,75.0,0,0,0,12,2,5,3,3,0,3
3825743,David Goldar Gómez,30,12,40.0,1,0,0,12,1,3,3,3,2,3
3825743,Jozabed Sánchez Ruiz,26,16,61.54,3,1,1,28,1,5,6,1,2,0
3825743,Sergio Álvarez Conde,39,22,56.41,0,0,0,0,0,7,0,0,0,0
3825743,Dejan Dražić,7,3,42.86,0,0,5,6,0,4,1,1,0,0
3825743,José Ignacio Martínez García,58,43,74.14,1,0,3,21,4,5,5,2,3,3
3825743,Nicolás Ladislao Fedor Flores,17,14,82.35,7,1,1,12,0,3,10,2,3,1
3825743,Juan Carlos Martín Corral,30,21,70.0,0,0,0,0,0,5,0,0,0,0
3825743,José Eduardo Rosa Vale de Castro,53,24,45.28,0,0,1,2,0,4,4,1,0,1
3825743,Roberto Trashorras Gayoso,57,43,75.44,2,0,3,18,2,7,2,1,3,3
3825743,Hugo Mallo Novegil,44,24,54.55,1,0,0,17,5,6,6,3,2,0
3825743,Théo Bongonda Mbul''Ofeko Batombo,15,6,40.0,0,0,6,13,1,4,4,2,1,4
3825743,Carles Planas Antolínez,33,24,72.73,0,0,1,9,3,4,3,2,0,2
3825743,Tiago Manuel Dias Correia,25,16,64.0,4,0,4,11,0,5,6,3,0,3
3825743,Nemanja Radoja,11,5,45.45,0,0,1,7,0,5,5,0,2,0
3825743,Diego Javier Llorente Ríos,22,16,72.73,1,0,1,29,4,2,10,4,1,5
3825743,Joaquín José Marín Ruiz,33,16,48.48,3,0,3,9,2,5,5,1,0,1
3825743,Pablo Hernández Domínguez,24,16,66.67,0,0,2,14,2,3,3,2,2,0
3825743,Sergi Gómez Solà,22,16,72.73,0,0,0,9,1,0,3,2,0,1
3825743,Roberto Román Triguero,30,29,96.67,3,1,0,4,0,3,9,0,1,0
3825743,Fabián Ariel Orellana Valenzuela,0,0,0.0,0,0,0,0,0,0,0,0,0,0
3825743,Pedro Pablo Hernández,23,18,78.26,1,0,0,6,1,1,1,0,2,0
3825743,Jonhatan Montiel Caballero,10,5,50.0,0,0,0,7,0,4,4,0,1,1
3825743,Pape Cheikh Diop Gueye,9,8,88.89,0,0,1,2,0,2,2,1,2,1
3825743,Javier Guerra Rodríguez,4,2,50.0,1,0,1,3,0,3,1,0,1,2
3825743,Jonathan Castro Otto,11,8,72.73,0,0,0,5,1,1,0,3,0,0
3825743,José Antonio Dorado Ramírez,9,9,100.0,1,0,0,4,1,0,1,0,0,1
3825744,Felipe Salvador Caicedo Corozo,10,8,80.0,1,1,2,5,0,3,2,1,0,1
3825744,Marco Asensio Willemsen,42,29,69.05,1,0,5,22,0,10,1,3,3,2
3825744,Papa Kouly Diop,41,33,80.49,0,0,1,21,9,6,10,1,1,3
3825744,Javier López Rodríguez,42,35,83.33,0,0,1,17,6,4,2,1,1,1
3825744,Álvaro González Soberón,50,42,84.0,0,0,0,5,1,6,3,1,2,0
3825744,Enzo Pablo Roco Roco,48,42,87.5,1,0,1,6,4,0,3,3,2,0
3825744,Joan Jordán Moreno,44,40,90.91,0,0,1,23,2,1,1,4,0,2
3825744,Jorge Franco Alviz,30,21,70.0,2,0,1,13,0,2,3,0,2,0
3825744,Cédric Bakambu,23,15,65.22,3,0,1,22,0,3,3,0,1,4
3825744,Gerard Moreno Balaguero,36,28,77.78,3,1,6,12,2,7,5,0,4,2
3825744,Jaume Vicent Costa Jordá,70,61,87.14,0,0,2,15,4,7,5,0,2,2
3825744,Eric Bertrand Bailly,17,13,76.47,0,0,0,4,1,2,4,0,0,0
3825744,Bruno Soriano Llido,76,67,88.16,1,0,0,11,3,8,3,1,2,0
3825744,Jonathan dos Santos Ramírez,31,24,77.42,2,0,3,13,3,9,3,1,0,3
3825744,Rubén Duarte Sánchez,42,32,76.19,2,0,0,13,4,5,1,3,1,2
3825744,Mateo Pablo Musacchio,53,48,90.57,1,1,0,12,2,7,4,0,1,3
3825744,Manuel Trigueros Muñoz,51,42,82.35,2,1,0,17,0,5,4,1,2,1
3825744,Mario Gaspar Pérez Martínez,51,41,80.39,2,0,2,8,0,4,4,4,0,0
3825744,Roberto Soldado Rillo,36,19,52.78,1,0,2,11,0,0,1,0,1,1
3825744,Denis Suárez Fernández,66,41,62.12,1,0,6,16,1,3,2,3,2,0
3825744,Pau López Sabata,29,19,65.52,0,0,0,0,0,1,0,0,0,0
3825744,Alphonse Areola,20,17,85.0,0,0,0,0,0,8,0,0,0,0
3825744,Salvador Sevilla López,17,13,76.47,0,0,1,12,0,1,1,1,0,1
3825744,Daniele Bonera,37,33,89.19,0,0,0,5,0,3,2,1,0,2
3825744,Leonardo Carrilho Baptistão,7,2,28.57,1,0,2,2,0,0,1,0,2,0
3825744,Víctor Guillermo Álvarez Delgado,6,3,50.0,1,0,0,3,1,2,1,2,0,0
3825742,Youssef El-Arabi,29,20,68.97,4,1,2,22,2,6,6,2,1,1
3825742,Rubén Rochina Naixes,61,44,72.13,5,1,5,24,1,12,6,2,5,1
3825742,David Rodríguez Lombán,30,23,76.67,1,0,0,8,4,2,0,2,0,0
3825742,Hugo Miguel Almeida Costa Lopes,56,43,76.79,1,0,1,24,1,5,2,2,0,1
3825742,Jean-Sylvain Claude Babin,27,19,70.37,1,0,0,4,3,1,2,2,0,0
3825742,Juan Torres Ruiz,59,49,83.05,0,0,1,9,3,3,2,2,1,1
3825742,Isaac Ajayi Success,34,20,58.82,4,0,9,14,0,4,2,1,5,1
3825742,Abdoul Karim Yoda,51,35,68.63,1,0,5,22,4,6,5,2,2,5
3825742,Vicente Guaita Panadero,33,19,57.58,0,0,0,0,0,2,0,0,0,0
3825742,Santiago Vergini,45,37,82.22,0,0,1,9,2,5,3,0,2,1
3825742,Álvaro Vázquez García,16,9,56.25,2,0,1,19,2,1,7,0,0,0
3825742,Francisco Manuel Rico Castro,46,32,69.57,3,1,2,19,3,1,8,1,4,1
3825742,Juan Antonio Rodríguez Villamuela,32,26,81.25,0,0,1,9,0,2,5,1,0,3
3825742,Damián Nicolás Suárez Suárez,57,43,75.44,0,0,2,28,2,5,9,2,0,1
3825742,Pablo Sarabia García,32,19,59.38,0,0,4,27,1,4,5,1,3,3
3825742,Rubén Salvador Pérez Del Mármol,56,47,83.93,0,0,0,21,3,5,6,4,1,4
3825742,Edgar Antonio Méndez Ortega,25,19,76.0,1,0,2,11,2,5,3,0,0,2
3825742,Pedro León Sánchez Gil,13,6,46.15,0,0,3,15,0,2,2,1,1,1
3825742,Andrés Eduardo Fernández Moreno,23,12,52.17,0,0,0,0,0,6,0,0,0,0
3825742,Dimitri Foulquier,44,35,79.55,0,0,3,10,2,5,4,2,1,2
3825742,Mehdi Lacen,57,47,82.46,2,0,1,33,1,8,4,2,1,3
3825742,Víctor Rodríguez Romero,21,19,90.48,0,0,3,13,1,9,3,0,3,0
3825742,Stefan Šćepović,10,9,90.0,1,1,0,1,0,0,0,0,0,1
3825742,Wanderson Maciel Sousa Campos,11,6,54.55,2,0,0,8,0,1,3,0,0,1
3825742,Robert Ibáñez Castro,8,7,87.5,0,0,0,7,2,2,0,1,0,0
3825742,Moisés Gómez Bordonado,14,9,64.29,1,1,1,6,0,0,0,0,0,0
3825742,Ivan Kelava,0,0,0.0,0,0,0,0,0,0,0,0,0,0
3825742,Rene Krhin,6,4,66.67,0,0,0,5,0,1,1,2,0,1
3825742,Javier Márquez Moreno,4,2,50.0,0,0,0,4,0,1,0,1,1,0
3825741,Carlos Carmona Bonet,43,26,60.47,4,1,2,22,1,7,7,0,1,4
3825741,Daniel Arnaud N''Di	,22,17,77.27,1,1,2,12,0,4,4,1,1,1
3825741,Sergio Álvarez Díaz,23,12,52.17,0,0,1,14,1,1,3,1,0,3
3825741,Joseba Zaldúa Bengoetxea,59,45,76.27,0,0,1,15,2,3,2,1,3,4
3825741,Arnaldo Antonio Sanabria Ayala,28,22,78.57,5,3,5,14,0,7,10,2,4,2
3825741,Aritz Elustondo Irribaria,31,26,83.87,1,0,0,8,1,0,4,1,0,0
3825741,Rachid Aït-Atmane,34,24,70.59,2,0,0,22,1,11,7,1,2,2
3825741,Jonathan Rodríguez Menéndez,30,20,66.67,0,0,6,17,3,4,2,3,1,2
3825741,Gerónimo Rulli,32,28,87.5,0,0,0,2,0,7,0,1,0,0
3825741,Jonathas Cristian de Jesus,16,9,56.25,3,0,1,8,0,0,5,1,1,2
3825741,Héctor Hernández Ortega,43,32,74.42,1,0,3,8,3,1,3,1,1,0
3825741,Jorge Meré Pérez,27,18,66.67,0,0,0,9,3,3,6,1,0,0
3825741,Asier Illarramendi Andonegi,70,57,81.43,1,0,1,24,3,7,4,2,3,0
3825741,Luis Hernández Rodríguez,35,24,68.57,0,0,0,4,1,2,3,0,0,1
3825741,Iván Cuéllar Sacristán,24,5,20.83,0,0,0,0,0,4,0,0,1,0
3825741,Alberto Lora Ramos,50,43,86.0,0,0,0,9,0,6,5,3,0,0
3825741,Íñigo Martínez Berridi,54,43,79.63,0,0,0,6,2,2,2,0,1,0
3825741,Armindo Tué Na Bangna,8,6,75.0,0,0,3,7,0,2,1,0,2,0
3825741,Markel Bergara Larrañaga,27,21,77.78,0,0,1,15,3,3,2,1,2,2
3825741,Carlos Alberto Vela Garrido,43,36,83.72,3,1,9,14,2,4,2,3,3,1
3825741,Ismael López Blanco,33,23,69.7,1,0,0,26,5,7,8,3,4,1
3825741,Xabier Prieto Argarate,60,44,73.33,0,0,3,12,0,5,2,0,1,3
3825741,Mikel González de Martín Martínez,20,17,85.0,0,0,0,7,1,2,0,0,0,2
3825741,Mikel Oyarzabal Ugarte,16,12,75.0,0,0,1,11,1,2,1,0,1,1
3825741,Omar Mascarell González,10,8,80.0,0,0,0,7,1,0,2,2,0,2
3825741,Alen Halilović,9,7,77.78,0,0,1,2,0,1,1,0,1,0
3825741,Rubén Pardo Gutiérrez,11,11,100.0,0,0,0,1,1,2,1,1,0,0
3825741,Alejandro Menéndez Díez,6,4,66.67,0,0,1,5,0,2,2,1,0,0
3825738,Gabriel Fernández Arenas,62,48,77.42,1,0,1,37,5,6,12,5,0,3
3825738,Luciano Vietto,27,19,70.37,2,0,1,13,0,2,3,2,0,1
3825738,Augusto Matías Fernández,30,26,86.67,0,0,0,19,3,2,4,0,0,2
3825738,Saúl Ñíguez Esclapez,46,36,78.26,0,0,0,25,1,2,9,5,0,4
3825738,Jorge Resurrección Merodio,59,43,72.88,1,0,1,22,1,6,4,2,1,3
3825738,Antoine Griezmann,48,34,70.83,3,2,7,24,3,8,6,2,2,2
3825738,David García Santana,72,61,84.72,0,0,0,11,1,7,6,5,3,1
3825738,Filipe Luís Kasmirski,66,56,84.85,1,1,4,13,2,8,2,2,2,1
3825738,Aythami Artiles Oliva,92,80,86.96,0,0,1,9,4,3,8,2,0,2
3825738,José Vicente Gómez Umpiérrez,77,69,89.61,1,0,2,13,1,7,5,4,2,2
3825738,Roque Mesa Quevedo,81,70,86.42,3,0,4,21,2,7,3,0,3,0
3825738,Nabil El Zhar,21,19,90.48,0,0,1,6,1,1,3,1,1,0
3825738,Javier Varas Herrera,45,32,71.11,0,0,0,0,0,7,0,0,0,0
3825738,Javier Garrido Behovide,85,77,90.59,0,0,0,3,5,6,0,2,0,0
3825738,Dani Castellano Betancor,81,63,77.78,2,0,4,9,4,2,6,2,4,1
3825738,Jonathan Viera Ramos,65,52,80.0,1,0,2,18,3,6,5,1,5,0
3825738,Willian José da Silva,31,27,87.1,0,0,7,6,0,2,5,1,3,1
3825738,Pedro Taunausú Domínguez Placeres,40,32,80.0,2,0,4,10,1,7,0,2,1,0
3825738,Diego Roberto Godín Leal,36,29,80.56,0,0,0,9,3,3,3,0,2,1
3825738,Juan Francisco Torres Belén,47,31,65.96,0,0,1,12,2,3,1,4,0,0
3825738,José María Giménez de Vargas,31,23,74.19,0,0,1,13,1,3,5,1,0,3
3825738,Jan Oblak,18,4,22.22,0,0,0,0,0,2,0,0,0,0
3825738,Yannick Ferreira Carrasco,12,10,83.33,3,0,2,5,0,2,2,0,0,1
3825738,Mubarak Wakaso,10,6,60.0,1,0,1,4,0,4,1,1,1,1
3825738,Thomas Teye Partey,15,13,86.67,0,0,1,9,0,4,2,0,1,3
3825738,Sergio Ezequiel Araújo,5,3,60.0,1,0,2,1,0,2,1,0,0,0
3825737,Álvaro Vázquez García,13,11,84.62,2,0,0,22,0,0,6,1,1,2
3825737,Víctor Rodríguez Romero,44,34,77.27,5,0,5,27,0,9,7,0,1,2
3825737,Damián Nicolás Suárez Suárez,40,31,77.5,0,0,0,16,1,1,2,3,0,1
3825737,Álvaro González Soberón,69,54,78.26,0,0,1,7,2,5,1,1,1,1
3825737,Papa Kouly Diop,35,29,82.86,0,0,0,13,0,0,5,1,0,2
3825737,Santiago Vergini,29,18,62.07,0,0,1,11,3,5,6,1,0,0
3825737,Felipe Salvador Caicedo Corozo,24,17,70.83,5,0,2,6,0,4,6,0,3,1
3825737,Hernán Arsenio Pérez González,40,31,77.5,2,1,7,15,1,6,4,1,4,7
3825737,Abdoul Karim Yoda,34,29,85.29,0,0,3,13,2,1,5,2,1,2
3825737,Vicente Guaita Panadero,30,9,30.0,0,0,0,0,0,3,0,1,1,0
3825737,Roberto Antonio Correa Silva,62,51,82.26,0,0,0,12,1,3,5,4,1,1
3825737,Pedro León Sánchez Gil,19,12,63.16,4,1,2,17,2,2,0,2,2,2
3825737,Juan Torres Ruiz,24,19,79.17,1,0,1,15,2,3,2,3,2,3
3825737,Salvador Sevilla López,64,56,87.5,2,0,1,13,2,2,1,0,3,0
3825737,Juan Antonio Rodríguez Villamuela,32,25,78.12,1,0,0,15,3,2,2,1,1,0
3825737,Marco Asensio Willemsen,51,37,72.55,1,0,0,17,1,3,4,1,0,1
3825737,Abraham González Casanova,56,54,96.43,0,0,0,8,0,4,3,0,0,0
3825737,Enzo Pablo Roco Roco,63,56,88.89,1,0,0,12,0,4,3,2,1,2
3825737,Mehdi Lacen,40,38,95.0,1,0,0,18,1,3,0,1,0,2
3825737,Pablo Sarabia García,40,31,77.5,3,1,7,24,2,8,3,3,7,0
3825737,Víctor Guillermo Álvarez Delgado,65,48,73.85,1,0,5,12,8,5,4,2,0,2
3825737,Pau López Sabata,31,21,67.74,0,0,0,0,0,7,0,0,0,0
3825737,Joan Jordán Moreno,32,27,84.38,0,0,2,5,0,4,3,1,0,1
3825737,Stefan Šćepović,4,2,50.0,1,0,0,2,1,0,0,2,1,0
3825737,Francisco Montañés Claverías,6,5,83.33,1,0,0,4,0,0,1,1,1,0
3825737,Moisés Gómez Bordonado,7,6,85.71,1,1,0,4,0,1,0,0,0,1
3825737,Bernard Mensah,0,0,0.0,0,0,1,1,0,0,0,0,0,0
3825734,Luis Alberto Romero Alconchel,26,21,80.77,2,1,4,21,0,6,3,0,1,1
3825734,Lucas Pérez Martínez,23,18,78.26,2,0,1,17,1,4,4,0,1,0
3825734,Alberto Lopo García,33,18,54.55,1,0,0,12,3,3,5,2,1,2
3825734,Sidnei Rechel da Silva Júnior,30,21,70.0,0,0,0,9,5,3,7,3,0,0
3825734,Jonathas Cristian de Jesus,14,11,78.57,5,0,6,29,1,3,4,2,1,1
3825734,Juan Francisco Moreno Fuertes,37,22,59.46,1,0,2,12,3,8,6,0,2,0
3825734,Yuri Berchiche Izeta,57,38,66.67,0,0,0,14,2,3,3,3,0,0
3825734,Laureano Sanabria Ruiz,36,25,69.44,0,0,0,20,3,1,7,2,0,1
3825734,Rubén Pardo Gutiérrez,59,49,83.05,2,0,0,22,1,5,1,0,1,1
3825734,Íñigo Martínez Berridi,67,57,85.07,2,0,1,7,5,13,3,0,0,3
3825734,Markel Bergara Larrañaga,54,48,88.89,0,0,2,21,2,9,5,0,2,1
3825734,Alejandro Bergantiños García,38,29,76.32,0,0,1,41,3,11,6,0,1,2
3825734,Armindo Tué Na Bangna,42,32,76.19,2,0,7,21,2,5,1,0,2,0
3825734,Aritz Elustondo Irribaria,61,53,86.89,0,0,1,10,2,4,3,1,1,2
3825734,Carlos Martínez Díez,98,79,80.61,0,0,2,13,0,4,2,2,1,1
3825734,Xabier Prieto Argarate,69,59,85.51,1,1,1,13,0,3,4,0,1,0
3825734,Carlos Alberto Vela Garrido,87,67,77.01,3,0,7,22,0,5,3,2,2,1
3825734,Pedro Mosquera Parada,35,31,88.57,0,0,2,39,3,5,6,2,1,2
3825734,Luis Carlos Correia Pinto,27,19,70.37,1,0,1,26,1,6,3,3,1,2
3825734,Germán Darío Lux,39,15,38.46,0,0,0,0,0,6,0,0,1,0
3825734,Fernando Navarro i Corbacho,48,37,77.08,0,0,1,17,4,4,3,6,1,0
3825734,Gerónimo Rulli,34,29,85.29,0,0,0,0,0,5,0,0,0,0
3825734,Asier Illarramendi Andonegi,18,16,88.89,0,0,0,6,0,1,1,1,0,0
3825734,Jonás Manuel Gutiérrez,5,3,60.0,0,0,2,9,1,2,3,1,0,1
3825734,Héctor Hernández Ortega,10,7,70.0,0,0,0,4,0,1,2,1,0,0
3825734,Fayçal Fajr,11,8,72.73,0,0,0,0,0,1,0,0,0,0
3825734,Mikel Oyarzabal Ugarte,2,2,100.0,1,0,0,1,0,0,0,0,0,0
3825733,Duje Čop,17,15,88.24,0,0,0,20,0,1,2,0,0,3
3825733,Charles Días Barbosa de Oliveira,23,13,56.52,4,1,1,16,3,5,5,2,4,1
3825733,Weligton Róbson Pena de Oliveira,36,26,72.22,1,0,0,8,0,1,5,3,0,0
3825733,Nordin Amrabat,17,13,76.47,1,0,2,18,0,5,2,0,2,6
3825733,Michael Krohn-Dehli,39,33,84.62,1,0,1,18,0,4,5,1,2,1
3825733,José Luis García del Pozo,41,32,78.05,2,0,4,29,5,9,11,1,4,5
3825733,Benoît Trémoulinas,50,33,66.0,1,0,0,16,2,3,5,1,1,3
3825733,Ignacio Camacho Barnola,42,31,73.81,3,0,1,17,0,7,1,2,1,1
3825733,Sergio Rico González,36,20,55.56,0,0,0,0,0,4,0,0,1,0
3825733,Adil Rami,48,35,72.92,0,0,0,9,0,5,2,3,1,1
3825733,Grzegorz Krychowiak,55,45,81.82,0,0,1,12,5,4,3,1,2,3
3825733,Jorge Andújar Moreno,50,40,80.0,0,0,1,17,1,5,3,5,3,2
3825733,Víctor Machín Pérez,35,24,68.57,0,0,3,24,0,3,7,2,5,3
3825733,Gonzalo Castro Irizábal,37,18,48.65,0,0,3,15,2,3,5,0,3,1
3825733,Daniel Filipe Martins Carriço,36,33,91.67,0,0,0,7,2,3,3,3,1,2
3825733,Éver Maximiliano David Banega,55,41,74.55,1,0,7,16,1,5,4,0,3,1
3825733,Sebastián Carlos Cristóforo Pepe,39,34,87.18,0,0,2,29,0,7,3,6,4,3
3825733,Idriss Carlos Kameni,28,18,64.29,0,0,0,0,0,6,0,0,0,0
3825733,Roberto José Rosales Altuve,39,30,76.92,2,0,0,7,1,7,1,2,2,1
3825733,Raúl Albentosa Redal,30,19,63.33,0,0,0,8,2,4,1,0,1,0
3825733,Kevin Gameiro,20,16,80.0,4,2,3,14,0,4,3,0,0,0
3825733,Arthur Etienne Boka,49,33,67.35,0,0,1,10,2,6,6,1,1,5
3825733,Sérgio Paulo Barbosa Valente,30,16,53.33,1,0,1,7,2,3,0,0,2,1
3825733,Vicente Iborra De La Fuente,9,5,55.56,1,0,0,8,0,1,2,0,0,2
3825733,Roque Luis Santa Cruz Cantero,6,5,83.33,0,0,0,2,0,0,3,0,0,0
3825733,José Antonio Reyes Calderón,1,1,100.0,0,0,2,6,0,1,1,0,1,0
3825733,Steven N''Kemboanza Mike Christopher Nzonzi,0,0,0.0,0,0,0,1,0,0,1,0,0,0
3825732,Deyverson Brum Silva Acosta,44,21,47.73,4,1,1,17,0,2,5,1,5,0
3825732,José Luis Morales Nogales,30,21,70.0,2,1,4,21,0,5,5,2,1,0
3825732,David Navarro Pedrós,33,22,66.67,0,0,1,6,4,3,1,1,1,1
3825732,Diego Mariño Villar,27,19,70.37,0,0,0,0,0,9,0,0,1,0
3825732,Hugo Mallo Novegil,65,53,81.54,0,0,0,19,5,3,11,2,0,2
3825732,Simão Mate,30,18,60.0,0,0,1,21,4,2,6,4,1,1
3825732,Fabián Ariel Orellana Valenzuela,71,56,78.87,5,1,9,15,1,10,4,2,3,0
3825732,Víctor Camarasa Ferrando,49,42,85.71,3,0,4,29,0,11,4,3,1,4
3825732,Daniel Wass,73,63,86.3,2,0,0,16,3,4,1,0,1,1
3825732,Pedro Pablo Hernández,52,43,82.69,1,0,0,19,2,3,10,4,5,1
3825732,Jonathan Castro Otto,65,53,81.54,0,0,2,26,3,1,3,4,3,1
3825732,Sergio Álvarez Conde,36,19,52.78,0,0,0,0,0,3,0,0,0,0
3825732,Iago Aspas Juncal,34,24,70.59,3,1,2,13,0,3,10,1,1,1
3825732,John Guidetti,17,12,70.59,2,2,0,17,0,1,4,2,2,2
3825732,Zouhair Feddal,41,27,65.85,0,0,0,6,3,7,4,1,0,1
3825732,Antonio García Aranda,50,36,72.0,0,0,3,11,9,3,5,3,1,1
3825732,Gustavo Daniel Cabral Cáceres,64,54,84.38,0,0,0,14,7,4,5,1,1,2
3825732,Pedro López Muñoz,39,30,76.92,1,1,4,12,4,5,3,0,0,1
3825732,Mauricio Andrés Cuero Castillo,11,7,63.64,0,0,2,10,0,2,1,1,1,2
3825732,Jefferson Andrés Lerma Solís,35,24,68.57,2,0,1,23,3,8,4,2,1,3
3825732,Carles Planas Antolínez,57,36,63.16,0,0,0,15,4,0,6,2,1,0
3825732,Théo Bongonda Mbul''Ofeko Batombo,18,14,77.78,0,0,2,14,0,1,0,2,0,3
3825732,Rubén García Santos,18,13,72.22,1,0,2,7,0,1,3,0,1,1
3825732,Josep Señé Escudero,10,4,40.0,0,0,1,5,0,2,0,0,0,1
3825732,Nemanja Radoja,9,4,44.44,0,0,0,7,0,0,5,2,0,1
3825732,Roger Martí Salvador,6,1,16.67,3,0,2,4,0,4,1,0,0,2
3825732,Nabil Ghilas,4,4,100.0,0,0,0,1,0,1,0,0,0,0
3825732,Sergi Gómez Solà,1,0,0.0,0,0,0,0,0,0,0,0,0,0
3825735,Cédric Bakambu,18,15,83.33,2,0,0,18,0,3,4,2,2,2
3825735,Roberto Soldado Rillo,39,24,61.54,1,0,2,12,0,1,6,1,2,0
3825735,Bruno Soriano Llido,80,69,86.25,1,0,1,11,1,5,4,1,0,0
3825735,Víctor Ruíz Torre,75,62,82.67,0,0,0,4,3,6,2,2,1,1
3825735,Germán Alejandro Pezzella,63,47,74.6,0,0,0,15,3,6,0,1,0,1
3825735,Denis Suárez Fernández,42,27,64.29,0,0,3,29,0,3,5,2,0,1
3825735,Alfred John Momar N''Diaye,45,42,93.33,3,0,2,19,2,9,6,2,1,1
3825735,Rubén Castro Martín,21,15,71.43,2,0,2,7,1,4,0,1,5,0
3825735,Álvaro Cejudo Carmona,47,34,72.34,1,0,3,15,1,7,6,2,0,4
3825735,Adrián Marín Gómez,53,42,79.25,1,0,2,18,1,11,5,3,1,2
3825735,Alphonse Areola,19,12,63.16,0,0,0,0,0,2,0,0,0,0
3825735,Mario Gaspar Pérez Martínez,58,44,75.86,1,0,0,10,1,6,7,5,0,1
3825735,Fabián Ruiz Peña,42,33,78.57,1,0,2,16,1,4,4,0,0,0
3825735,Manuel Trigueros Muñoz,67,52,77.61,2,0,0,14,0,9,4,1,1,0
3825735,Mateo Pablo Musacchio,50,42,84.0,0,0,0,11,2,6,5,3,0,4
3825735,Cristiano Piccini,72,62,86.11,0,0,7,5,0,6,1,3,1,0
3825735,Foued Kadir,56,43,76.79,3,0,5,21,3,3,5,3,2,3
3825735,Petros Matheus dos Santos Araújo,59,50,84.75,2,0,3,32,1,6,8,3,2,1
3825735,Antonio Adán Garrido,40,23,57.5,0,0,0,0,0,5,0,0,1,0
3825735,Jonathan dos Santos Ramírez,48,34,70.83,1,0,6,17,2,3,6,2,3,0
3825735,Juan Manuel Vargas Risco,59,38,64.41,2,0,1,7,0,7,0,3,0,1
3825735,Bruno González Cabrera,49,41,83.67,1,0,1,10,3,1,2,2,0,1
3825735,Leonardo Carrilho Baptistão,7,3,42.86,0,0,0,6,0,1,2,2,0,0
3825735,Samuel Castillejo Azuaga,5,3,60.0,0,0,5,5,0,1,1,0,2,1
3825735,Jorge Molina Vidal,5,4,80.0,0,0,0,4,0,1,4,0,0,0
3825735,Francisco Portillo Soler,3,3,100.0,0,0,0,4,0,0,1,0,0,0
3825735,Francisco José Molinero Calderón,7,4,57.14,0,0,0,2,1,0,2,0,0,1
3825729,Carlos Carmona Bonet,36,25,69.44,0,0,3,22,3,2,5,1,1,1
3825729,Alen Halilović,60,49,81.67,4,0,8,10,0,5,0,0,8,0
3825729,Omar Mascarell González,63,53,84.13,0,0,1,24,7,10,5,4,3,3
3825729,Jonathan dos Santos Ramírez,32,26,81.25,0,0,4,12,0,3,1,2,1,0
3825729,Roberto Soldado Rillo,39,25,64.1,1,0,3,18,0,3,2,2,3,1
3825729,Manuel Trigueros Muñoz,47,38,80.85,0,0,0,16,3,4,4,3,2,2
3825729,Cédric Bakambu,24,16,66.67,4,2,3,18,0,1,2,0,2,4
3825729,Alberto Lora Ramos,66,53,80.3,0,0,0,13,6,1,4,2,0,0
3825729,Denis Suárez Fernández,38,28,73.68,1,0,4,17,1,10,0,5,0,1
3825729,Adrián Marín Gómez,54,39,72.22,0,0,2,9,3,5,5,2,1,0
3825729,Bruno Soriano Llido,75,64,85.33,0,0,1,13,7,6,1,0,1,2
3825729,Víctor Ruíz Torre,48,42,87.5,0,0,0,7,6,5,1,2,1,3
3825729,Ismael López Blanco,40,23,57.5,0,0,1,12,2,2,2,0,0,3
3825729,Iván Cuéllar Sacristán,30,14,46.67,0,0,0,0,0,3,0,0,0,0
3825729,Ignacio Cases Mora,56,45,80.36,2,0,0,23,1,4,1,0,1,2
3825729,Arnaldo Antonio Sanabria Ayala,26,21,80.77,2,0,5,20,2,2,7,4,2,2
3825729,Mateo Pablo Musacchio,44,36,81.82,0,0,3,10,3,5,3,1,0,2
3825729,Mario Gaspar Pérez Martínez,49,39,79.59,0,0,0,8,1,4,3,3,1,0
3825729,Luis Hernández Rodríguez,59,47,79.66,0,0,1,5,4,7,2,1,0,0
3825729,Alejandro Menéndez Díez,44,29,65.91,2,0,6,11,3,5,3,1,0,0
3825729,Bernardo José Espinosa Zúñiga,15,11,73.33,0,0,0,6,0,1,1,1,1,3
3825729,Alphonse Areola,19,10,52.63,0,0,0,0,0,5,0,0,1,0
3825729,Jorge Meré Pérez,17,13,76.47,0,0,1,6,2,4,3,3,0,0
3825729,Jonathan Rodríguez Menéndez,27,15,55.56,2,0,1,3,0,2,1,1,1,0
3825729,Samuel García Sánchez,22,15,68.18,0,0,1,15,0,2,2,1,1,2
3825729,Miguel Ángel Guerrero Martín,9,8,88.89,0,0,1,6,0,1,1,0,1,0
3825729,Leonardo Carrilho Baptistão,9,6,66.67,1,0,1,4,0,2,1,0,0,0
3825729,Tomás Pina Isla,4,1,25.0,0,0,0,6,0,2,0,1,0,1
3825728,Iago Aspas Juncal,28,21,75.0,1,0,4,15,1,4,4,0,1,2
3825728,Fabián Ariel Orellana Valenzuela,35,23,65.71,3,0,9,16,4,2,4,1,3,1
3825728,Hugo Mallo Novegil,64,46,71.88,0,0,1,22,2,3,4,2,0,2
3825728,Gustavo Daniel Cabral Cáceres,76,67,88.16,0,0,1,17,3,4,4,1,0,2
3825728,Sergio Álvarez Conde,46,31,67.39,0,0,0,0,0,4,0,0,0,0
3825728,Saúl Ñíguez Esclapez,43,30,69.77,1,0,3,25,0,4,7,2,2,4
3825728,Luciano Vietto,36,27,75.0,1,0,1,20,1,3,4,1,1,1
3825728,Jorge Resurrección Merodio,57,46,80.7,1,0,2,23,3,6,5,2,1,1
3825728,Jonathan Castro Otto,90,74,82.22,0,0,1,23,4,5,3,2,0,0
3825728,Théo Bongonda Mbul''Ofeko Batombo,26,19,73.08,0,0,3,13,0,7,2,2,3,1
3825728,Pedro Pablo Hernández,46,35,76.09,0,0,3,24,3,3,7,0,5,3
3825728,Juan Francisco Torres Belén,53,37,69.81,0,0,2,9,6,6,2,1,0,0
3825728,Antoine Griezmann,49,39,79.59,3,1,5,11,2,8,3,2,1,1
3825728,Nemanja Radoja,49,40,81.63,0,0,1,23,2,4,5,4,0,3
3825728,Sergi Gómez Solà,74,64,86.49,0,0,0,7,3,4,4,4,0,0
3825728,Diego Roberto Godín Leal,27,15,55.56,0,0,0,12,5,3,5,2,2,2
3825728,Filipe Luís Kasmirski,52,40,76.92,0,0,2,16,2,2,8,0,1,2
3825728,Augusto Matías Fernández,19,15,78.95,0,0,0,14,1,1,0,2,1,2
3825728,Daniel Wass,53,42,79.25,2,0,3,15,1,6,5,0,4,0
3825728,José María Giménez de Vargas,29,21,72.41,1,0,0,15,2,2,6,4,0,0
3825728,Gabriel Fernández Arenas,60,44,73.33,1,0,2,28,1,12,4,1,4,2
3825728,Jan Oblak,19,8,42.11,0,0,0,0,0,8,0,0,0,0
3825728,Yannick Ferreira Carrasco,23,20,86.96,2,1,4,3,0,5,2,0,0,1
3825728,Jackson Arley Martínez Valencia,5,3,60.0,0,0,1,5,0,0,2,1,1,1
3825728,John Guidetti,6,3,50.0,0,0,1,8,0,0,0,1,0,0
3825728,Borja Fernández Fernández,11,10,90.91,0,0,2,4,0,0,0,0,0,0
3825728,Jesús Gámez Duarte,8,5,62.5,0,0,0,4,0,0,0,1,1,0
3825728,Josep Señé Escudero,3,3,100.0,0,0,0,6,0,0,1,1,0,1
3825730,Rodrigo Moreno Machado,30,23,76.67,2,0,2,16,0,3,3,1,0,1
3825730,Francisco Alcácer García,17,10,58.82,1,0,1,15,0,4,6,0,1,1
3825730,Daniel Parejo Muñoz,50,42,84.0,1,0,5,27,1,3,4,3,2,1
3825730,Aymen Abdennour,59,48,81.36,0,0,0,7,2,2,5,8,0,1
3825730,João Pedro Cavaco Cancelo,33,25,75.76,0,0,6,6,3,4,4,1,1,2
3825730,Jaume Doménech Sánchez,47,29,61.7,0,0,0,0,0,11,0,0,0,0
3825730,Shkodran Mustafi,49,36,73.47,1,0,0,14,1,5,5,3,2,3
3825730,Antonio Barragán Fernández,44,39,88.64,0,0,2,10,3,4,3,7,2,1
3825730,Xabier Prieto Argarate,52,40,76.92,0,0,0,12,0,3,3,1,3,0
3825730,Enzo Nicolás Pérez,30,25,83.33,1,0,2,10,1,4,2,3,2,3
3825730,Carlos Alberto Vela Garrido,27,17,62.96,5,0,0,17,0,7,5,5,2,2
3825730,Aritz Elustondo Irribaria,54,45,83.33,1,0,0,3,2,3,2,0,0,0
3825730,Rodrigo Javier De Paul,48,33,68.75,2,0,3,21,1,7,3,1,1,0
3825730,Gerónimo Rulli,46,28,60.87,0,0,0,0,0,3,0,0,0,0
3825730,Markel Bergara Larrañaga,45,42,93.33,0,0,1,11,3,9,4,1,3,4
3825730,Íñigo Martínez Berridi,35,29,82.86,0,0,1,5,4,4,3,3,0,1
3825730,Yuri Berchiche Izeta,52,29,55.77,2,0,0,16,1,3,6,1,0,3
3825730,Santiago Mina Lorenzo,28,18,64.29,2,0,1,9,0,2,4,0,4,0
3825730,Jonathas Cristian de Jesus,15,10,66.67,7,2,0,18,1,1,10,6,3,3
3825730,Armindo Tué Na Bangna,32,24,75.0,3,0,5,7,1,9,3,1,4,1
3825730,Rubén Pardo Gutiérrez,59,46,77.97,4,0,0,17,1,11,1,1,0,1
3825730,Carlos Martínez Díez,73,58,79.45,2,0,4,15,5,6,8,2,1,1
3825730,Lucas Alfonso Orbán Alegre,24,15,62.5,0,0,2,9,0,1,4,2,1,0
3825730,Javier Fuego Martínez,26,22,84.62,0,0,0,13,1,2,2,1,1,3
3825730,Álvaro Negredo Sánchez,8,5,62.5,0,0,0,4,1,1,0,2,0,1
3825730,Mikel Oyarzabal Ugarte,9,7,77.78,0,0,0,6,0,2,1,1,0,0
3825730,Joseba Zaldúa Bengoetxea,1,0,0.0,0,0,0,0,0,0,0,0,0,0
3825730,Héctor Hernández Ortega,0,0,0.0,0,0,0,1,0,1,0,0,0,1
3825727,Borja González Tomás,18,16,88.89,6,1,0,9,0,1,5,1,2,1
3825727,Sergio Enrich Ametller,26,16,61.54,2,0,0,12,0,1,5,0,0,1
3825727,Daniel García Carrillo,48,38,79.17,1,0,0,11,1,2,5,1,3,3
3825727,Takashi Inui,52,39,75.0,5,1,3,19,0,7,9,1,3,0
3825727,Hernán Arsenio Pérez González,44,28,63.64,2,0,8,19,3,6,4,6,3,2
3825727,Antonio Manuel Luna Rodríguez,65,49,75.38,1,0,1,15,5,6,3,0,2,0
3825727,Antonio José Raillo Arenas,27,21,77.78,0,0,0,9,3,3,5,1,0,1
3825727,Gerard Moreno Balaguero,28,17,60.71,0,0,6,13,1,3,9,3,1,4
3825727,Ander Capa Rodríguez,65,36,55.38,0,0,5,9,2,7,1,1,4,1
3825727,Joan Jordán Moreno,52,38,73.08,2,1,2,17,1,7,6,3,5,1
3825727,Gonzalo Escalante,30,27,90.0,1,0,3,16,1,5,5,3,0,3
3825727,Pau López Sabata,43,21,48.84,0,0,0,0,0,11,0,0,0,0
3825727,Enzo Pablo Roco Roco,36,27,75.0,0,0,0,8,1,2,1,1,0,1
3825727,Sergio Gontán Gallardo,44,29,65.91,0,0,3,16,0,8,4,3,2,0
3825727,Javier López Rodríguez,33,24,72.73,0,0,0,17,3,5,9,5,0,2
3825727,Felipe Salvador Caicedo Corozo,24,16,66.67,1,0,0,5,0,0,11,0,0,0
3825727,Asier Riesgo Unamuno,32,15,46.88,0,0,0,0,0,4,0,0,0,0
3825727,Papa Kouly Diop,44,26,59.09,0,0,1,11,0,6,4,3,4,2
3825727,Aleksandar Pantić,35,22,62.86,1,0,0,7,4,5,2,2,0,2
3825727,Iván Ramis Barrios,40,31,77.5,2,0,1,4,4,3,9,1,1,0
3825727,Marco Asensio Willemsen,27,22,81.48,2,0,2,13,3,5,3,7,1,2
3825727,Víctor Guillermo Álvarez Delgado,50,38,76.0,0,0,5,18,3,5,4,3,0,1
3825727,Adrián González Morales,11,8,72.73,0,0,1,4,1,3,1,0,0,2
3825727,Abraham González Casanova,12,9,75.0,0,0,0,2,0,0,0,0,0,1
3825727,Simone Verdi,7,6,85.71,1,0,1,5,0,2,0,0,0,2
3825727,Saúl Berjón Pérez,1,1,100.0,0,0,0,0,0,0,0,0,0,0
3825723,Nicolás Ladislao Fedor Flores,16,9,56.25,0,0,1,14,0,3,6,1,1,3
3825723,Javier Guerra Rodríguez,22,13,59.09,3,0,1,19,1,2,11,0,6,5
3825723,Jozabed Sánchez Ruiz,54,43,79.63,3,0,0,16,2,7,3,2,1,0
3825723,José Antonio Dorado Ramírez,41,33,80.49,0,0,1,4,0,2,5,2,0,1
3825723,Jefferson Andrés Lerma Solís,28,17,60.71,0,0,1,24,3,3,4,1,1,3
3825723,Mauricio Andrés Cuero Castillo,17,11,64.71,1,0,3,8,0,2,2,2,1,1
3825723,José Ignacio Martínez García,51,32,62.75,0,0,1,14,1,5,9,4,0,1
3825723,Pablo Hernández Domínguez,51,37,72.55,1,1,5,14,2,5,2,1,0,0
3825723,José Antonio García Rabasco,49,31,63.27,0,0,2,15,0,8,4,2,1,2
3825723,Nabil Ghilas,17,11,64.71,2,0,5,11,1,1,4,0,1,2
3825723,Yoel Rodríguez Oterino,44,23,52.27,0,0,0,0,0,7,0,0,1,0
3825723,Pedro López Muñoz,45,34,75.56,0,0,2,13,4,2,4,2,1,0
3825723,Simão Mate,19,13,68.42,0,0,2,8,0,2,1,1,3,2
3825723,Zouhair Feddal,46,32,69.57,1,0,1,6,2,3,2,3,3,4
3825723,José Luis Morales Nogales,13,7,53.85,3,1,9,15,2,5,5,3,0,0
3825723,Joaquín José Marín Ruiz,68,44,64.71,0,0,1,23,3,7,7,2,2,2
3825723,Antonio García Aranda,57,29,50.88,0,0,4,7,2,5,6,2,2,3
3825723,José Raúl Baena Urdiales,36,22,61.11,1,0,0,18,0,6,3,1,1,5
3825723,David Navarro Pedrós,26,19,73.08,0,0,0,5,2,3,3,0,3,0
3825723,Roberto Román Triguero,61,45,73.77,0,0,1,15,1,4,11,4,0,0
3825723,Adrián Embarba Blázquez,33,18,54.55,1,0,1,14,0,1,8,1,4,1
3825723,Diego Mariño Villar,36,19,52.78,0,0,0,0,0,4,0,0,0,0
3825723,Deyverson Brum Silva Acosta,20,11,55.0,3,1,1,4,0,2,0,0,1,1
3825723,Jordi Xumetra Feliu,9,5,55.56,0,0,1,3,0,1,1,0,0,1
3825723,Alhassane Bangoura,10,6,60.0,0,0,1,1,0,2,2,1,0,0
3825723,Víctor Camarasa Ferrando,12,7,58.33,0,0,0,9,0,1,3,0,0,0
3825723,Roberto Trashorras Gayoso,11,10,90.91,1,0,0,5,0,1,1,0,0,0
3825723,Alberto Mateus Contreiras Gonçalves,5,4,80.0,0,0,2,1,0,1,3,0,0,0
3825726,Aritz Aduriz Zubeldia,21,14,66.67,3,0,1,18,2,2,8,3,1,5
3825726,Aymeric Laporte,56,49,87.5,1,0,2,17,1,4,2,3,0,2
3825726,Gorka Iraizoz Moreno,34,17,50.0,0,0,0,0,0,4,0,0,0,0
3825726,Raúl García Escudero,7,5,71.43,1,0,1,13,0,2,2,1,2,2
3825726,Grzegorz Krychowiak,56,45,80.36,0,0,2,14,5,2,8,4,5,2
3825726,Éver Maximiliano David Banega,34,23,67.65,0,0,4,13,0,4,1,0,4,1
3825726,Mikel San José Domínguez,45,39,86.67,3,0,0,19,0,4,3,0,2,4
3825726,Benoît Trémoulinas,38,25,65.79,0,0,1,12,2,3,1,2,1,0
3825726,Iñaki Williams Arthuer,25,16,64.0,2,0,0,14,1,4,2,2,2,2
3825726,Daniel Filipe Martins Carriço,53,44,83.02,0,0,0,7,0,2,6,1,1,0
3825726,Sergio Rico González,42,27,64.29,0,0,0,0,0,6,0,0,1,0
3825726,Timothée Kolodziejczak,38,35,92.11,0,0,0,7,0,3,3,3,0,0
3825726,Jorge Andújar Moreno,49,37,75.51,1,0,3,9,1,3,6,0,1,2
3825726,Víctor Machín Pérez,42,33,78.57,1,0,4,28,0,6,2,4,2,1
3825726,Kevin Gameiro,16,9,56.25,2,2,0,16,0,2,6,0,0,1
3825726,Michael Krohn-Dehli,44,33,75.0,0,0,3,19,1,2,3,0,1,2
3825726,Óscar de Marcos Arana,56,44,78.57,1,0,8,9,6,5,4,2,0,1
3825726,Carlos Gurpegi Nausia,58,49,84.48,0,0,0,10,2,5,2,1,0,1
3825726,Sebastián Carlos Cristóforo Pepe,53,39,73.58,0,0,6,24,4,10,4,2,3,3
3825726,Beñat Etxebarria Urkiaga,74,55,74.32,1,0,3,18,2,7,1,1,2,0
3825726,Mikel Balenziaga Oruesagasti,56,46,82.14,0,0,0,14,4,7,5,4,2,0
3825726,Íñigo Lekue Martínez,12,7,58.33,0,0,1,12,0,1,0,2,0,2
3825726,Javier Eraso Goñi,34,23,67.65,0,0,2,22,0,2,1,0,0,2
3825726,Iker Muniain Goñi,19,16,84.21,0,0,1,2,2,4,0,1,3,0
3825726,Yevhen Konoplyanka,6,4,66.67,0,0,1,1,0,0,2,0,2,0
3825726,Fernando Llorente Torres,5,4,80.0,0,0,0,4,0,0,0,0,0,0
3825726,Sabin Merino Zuloaga,0,0,0.0,0,0,0,0,0,0,0,0,0,0
3825726,Vicente Iborra De La Fuente,1,0,0.0,0,0,0,1,0,0,0,0,0,2
3825725,Jorge Molina Vidal,19,14,73.68,1,0,0,4,0,0,8,0,0,2
3825725,Rubén Castro Martín,25,14,56.0,3,0,1,5,1,3,2,0,4,0
3825725,Pablo Sarabia García,56,36,64.29,1,0,7,25,3,4,4,2,0,4
3825725,Juan Torres Ruiz,40,29,72.5,1,0,1,7,2,1,2,3,3,2
3825725,Álvaro Vázquez García,16,11,68.75,3,1,1,10,0,3,7,1,2,1
3825725,Cristiano Piccini,46,36,78.26,1,0,3,14,1,5,4,4,0,1
3825725,Bruno González Cabrera,27,19,70.37,0,0,0,8,4,6,4,2,1,1
3825725,Juan Manuel Vargas Risco,44,27,61.36,0,0,1,5,3,3,4,7,0,2
3825725,Santiago Vergini,26,22,84.62,0,0,0,6,0,5,0,2,0,1
3825725,Damián Nicolás Suárez Suárez,63,46,73.02,0,0,3,14,1,6,5,4,0,0
3825725,Petros Matheus dos Santos Araújo,39,34,87.18,0,0,3,9,4,6,2,2,2,1
3825725,Daniel Ceballos Fernández,47,39,82.98,0,0,4,7,1,9,4,1,5,2
3825725,Juan Antonio Rodríguez Villamuela,41,36,87.8,0,0,1,16,2,5,2,0,2,3
3825725,Pedro León Sánchez Gil,36,18,50.0,0,0,6,19,1,3,6,3,1,2
3825725,Alfred John Momar N''Diaye,29,23,79.31,2,0,1,17,2,2,11,4,0,1
3825725,Mehdi Lacen,55,44,80.0,1,0,0,33,1,11,4,0,2,4
3825725,Roberto Lago Soto,51,44,86.27,0,0,1,16,1,3,2,3,0,2
3825725,Víctor Rodríguez Romero,32,24,75.0,2,0,3,21,1,5,2,1,2,1
3825725,Francisco Portillo Soler,54,45,83.33,1,0,4,10,0,9,3,0,1,2
3825725,Vicente Guaita Panadero,25,14,56.0,0,0,0,0,0,2,0,0,0,0
3825725,Germán Alejandro Pezzella,27,21,77.78,3,0,1,13,4,5,3,0,2,3
3825725,Antonio Adán Garrido,28,11,39.29,0,0,0,0,0,4,0,0,0,0
3825725,Ricky van Wolfswinkel,6,4,66.67,0,0,0,1,0,1,1,2,2,1
3825725,Stefan Šćepović,4,4,100.0,0,0,0,4,0,0,3,0,1,1
3825725,Joaquín Sánchez Rodríguez,5,2,40.0,0,0,0,3,2,0,0,0,1,0
3825725,Moisés Gómez Bordonado,7,6,85.71,0,0,1,2,1,3,0,1,0,0
3825725,Rafael van der Vaart,7,4,57.14,0,0,0,0,0,1,0,0,1,0
3825725,Bernard Mensah,1,0,0.0,1,0,2,0,0,1,0,0,1,0
3825724,Lucas Pérez Martínez,42,34,80.95,4,0,1,11,0,3,2,1,0,1
3825724,Luis Alberto Romero Alconchel,48,36,75.0,6,0,5,5,0,3,0,0,1,1
3825724,Pedro Mosquera Parada,69,61,88.41,1,0,0,16,1,4,3,2,1,3
3825724,Sidnei Rechel da Silva Júnior,45,37,82.22,0,0,1,4,2,10,4,1,1,0
3825724,Germán Darío Lux,36,24,66.67,0,0,0,0,0,4,0,0,0,0
3825724,Fernando Navarro i Corbacho,48,41,85.42,0,0,0,5,1,4,2,2,0,0
3825724,Federico Nicolás Cartabia,17,15,88.24,1,0,0,13,1,3,2,0,3,1
3825724,Marcelo Vieira da Silva Júnior,59,57,96.61,2,0,5,8,3,6,2,0,1,0
3825724,Francisco Román Alarcón Suárez,50,45,90.0,0,0,2,12,1,4,1,2,1,2
3825724,Sergio Ramos García,24,22,91.67,1,0,0,2,1,4,1,2,0,0
3825724,Toni Kroos,85,79,92.94,0,0,1,19,2,7,1,4,3,2
3825724,Luka Modrić,80,74,92.5,0,0,1,17,3,4,3,0,1,1
3825724,Kléper Laveran Lima Ferreira,47,41,87.23,0,0,1,11,6,3,3,2,1,1
3825724,Daniel Carvajal Ramos,57,50,87.72,0,0,0,25,1,4,6,4,0,3
3825724,Cristiano Ronaldo dos Santos Aveiro,36,27,75.0,10,0,2,5,1,0,1,0,1,0
3825724,Gareth Frank Bale,33,24,72.73,4,3,3,7,0,2,1,2,0,1
3825724,Alejandro Arribas Garrido,33,26,78.79,0,0,0,11,3,3,1,4,1,1
3825724,Juan Francisco Moreno Fuertes,64,51,79.69,1,0,0,3,1,9,1,1,0,0
3825724,Fayçal Fajr,47,38,80.85,1,0,1,6,1,1,2,2,1,0
3825724,Alejandro Bergantiños García,56,47,83.93,1,0,1,11,2,8,1,1,1,1
3825724,Karim Benzema,26,22,84.62,4,2,1,7,0,3,2,1,1,1
3825724,Keylor Navas Gamboa,35,27,77.14,0,0,0,0,0,4,0,0,0,0
3825724,Raphaël Varane,22,16,72.73,0,0,0,3,0,3,1,3,0,0
3825724,Jonás Manuel Gutiérrez,19,13,68.42,2,0,2,6,2,2,1,2,1,1
3825724,Luis Carlos Correia Pinto,17,13,76.47,1,0,0,2,1,0,0,1,1,0
3825724,Oriol Riera Magem,7,6,85.71,0,0,0,1,0,0,0,0,1,1
3825724,James David Rodríguez Rubio,26,21,80.77,1,0,2,5,1,2,2,0,0,0
3825724,Jesé Rodríguez Ruiz,8,7,87.5,1,0,1,1,1,0,1,1,0,1
3825722,Miguel Ángel Guerrero Martín,16,10,62.5,2,0,1,13,1,3,5,1,1,2
3825722,Alen Halilović,26,22,84.62,2,0,8,5,0,3,0,0,0,0
3825722,Omar Mascarell González,27,17,62.96,2,0,2,16,3,8,4,4,0,1
3825722,Bernardo José Espinosa Zúñiga,36,25,69.44,3,0,0,9,7,6,1,3,1,3
3825722,Santiago Vergini,30,26,86.67,0,0,1,11,5,7,6,2,0,2
3825722,Jonathan Rodríguez Menéndez,44,28,63.64,0,0,6,13,1,9,2,3,4,0
3825722,Pedro León Sánchez Gil,25,17,68.0,1,0,4,8,1,2,5,0,2,3
3825722,Damián Nicolás Suárez Suárez,63,43,68.25,0,0,1,19,2,4,3,1,0,4
3825722,Ismael López Blanco,41,30,73.17,0,0,1,17,3,4,6,2,0,1
3825722,Mehdi Lacen,57,46,80.7,0,0,0,22,0,7,9,2,1,3
3825722,Vicente Guaita Panadero,39,12,30.77,0,0,0,0,0,5,0,0,0,0
3825722,Víctor Rodríguez Romero,51,47,92.16,1,0,2,11,0,5,5,2,0,0
3825722,Roberto Lago Soto,33,28,84.85,1,0,1,10,4,5,2,2,0,0
3825722,Juan Torres Ruiz,31,27,87.1,1,1,0,5,1,3,5,1,3,1
3825722,Stefan Šćepović,19,9,47.37,0,0,0,4,0,1,4,1,4,1
3825722,Jorge Meré Pérez,25,19,76.0,1,0,0,9,2,2,4,0,0,4
3825722,Iván Cuéllar Sacristán,24,12,50.0,0,0,0,0,0,6,0,0,0,0
3825722,Arnaldo Antonio Sanabria Ayala,21,17,80.95,4,1,5,9,0,9,3,0,1,2
3825722,Luis Hernández Rodríguez,50,32,64.0,0,0,2,6,3,2,3,1,0,1
3825722,Ignacio Cases Mora,52,41,78.85,2,0,2,14,3,10,4,2,5,4
3825722,Pablo Sarabia García,47,27,57.45,3,1,9,17,0,11,6,6,3,0
3825722,Juan Antonio Rodríguez Villamuela,48,40,83.33,1,0,0,9,1,10,1,2,3,1
3825722,Wanderson Maciel Sousa Campos,3,3,100.0,3,0,1,9,0,2,2,1,1,3
3825722,Alberto Lora Ramos,15,9,60.0,0,0,0,4,0,1,1,0,2,0
3825722,Carlos Castro García,3,2,66.67,1,0,0,3,0,0,3,0,1,0
3825722,Álvaro Vázquez García,3,2,66.67,0,0,1,3,0,0,3,0,1,0
3825722,Alejandro Barrera García,4,1,25.0,0,0,0,0,0,0,1,0,0,0
3825722,Abdoul Karim Yoda,0,0,0.0,0,0,0,0,0,0,0,0,0,0
3825716,Javier Guerra Rodríguez,23,16,69.57,0,0,0,12,0,1,11,3,1,1
3825716,José Raúl Baena Urdiales,22,10,45.45,2,0,0,22,0,4,3,1,1,2
3825716,Alhassane Bangoura,16,10,62.5,1,0,1,13,0,4,2,2,0,0
3825716,Yuri Berchiche Izeta,58,42,72.41,1,0,2,16,3,5,9,4,1,4
3825716,Armindo Tué Na Bangna,29,23,79.31,4,1,10,14,0,2,0,0,2,2
3825716,Jonathas Cristian de Jesus,25,17,68.0,0,0,0,14,0,0,5,0,2,5
3825716,Roberto Trashorras Gayoso,46,23,50.0,2,0,0,9,0,4,2,3,0,2
3825716,Diego Javier Llorente Ríos,31,19,61.29,2,1,2,18,1,5,5,1,3,3
3825716,Íñigo Martínez Berridi,40,26,65.0,0,0,0,3,2,4,5,1,1,0
3825716,Joaquín José Marín Ruiz,44,30,68.18,0,0,1,30,1,3,11,2,0,3
3825716,Gerónimo Rulli,37,19,51.35,0,0,0,0,0,3,0,0,0,0
3825716,Roberto Román Triguero,30,22,73.33,0,0,0,18,1,4,6,3,2,2
3825716,Adrián Embarba Blázquez,26,12,46.15,2,0,1,14,0,6,7,1,2,2
3825716,Carlos Martínez Díez,35,23,65.71,1,0,0,6,0,3,3,1,1,1
3825716,José Eduardo Rosa Vale de Castro,33,20,60.61,1,0,1,9,0,8,6,0,1,2
3825716,Yoel Rodríguez Oterino,47,27,57.45,0,0,0,0,0,7,0,0,0,0
3825716,Rubén Pardo Gutiérrez,59,46,77.97,3,0,1,11,0,5,4,1,0,1
3825716,Aritz Elustondo Irribaria,37,23,62.16,2,1,0,4,1,5,5,0,2,0
3825716,Carlos Alberto Vela Garrido,31,23,74.19,2,0,6,12,0,5,3,4,2,3
3825716,Markel Bergara Larrañaga,35,25,71.43,1,0,1,15,0,6,4,2,1,1
3825716,Asier Illarramendi Andonegi,22,13,59.09,0,0,0,11,1,1,1,2,3,0
3825716,Jozabed Sánchez Ruiz,14,8,57.14,1,1,3,23,1,3,1,0,1,1
3825716,Xabier Prieto Argarate,11,6,54.55,1,0,0,1,0,2,1,1,1,0
3825716,Tiago Manuel Dias Correia,12,6,50.0,2,0,5,5,0,2,2,0,0,0
3825716,Alberto Mateus Contreiras Gonçalves,8,3,37.5,0,0,0,2,0,0,1,0,2,0
3825716,Gonzalo Castro Irizábal,4,3,75.0,0,0,1,2,0,0,0,0,0,1
3825716,Pablo Hernández Domínguez,3,3,100.0,0,0,0,2,0,0,0,0,0,0
3825719,Sergio Ezequiel Araújo,29,22,75.86,4,0,2,10,2,4,5,0,3,1
3825719,Pedro Taunausú Domínguez Placeres,44,32,72.73,2,1,3,25,0,9,2,3,3,1
3825719,David García Santana,51,45,88.24,2,0,0,3,3,3,2,2,2,3
3825719,Juan Emmanuel Culio,57,51,89.47,0,0,4,17,0,6,5,0,3,1
3825719,Mikel San José Domínguez,45,31,68.89,1,0,1,27,6,5,7,2,1,3
3825719,Raúl García Escudero,20,7,35.0,0,0,1,27,1,5,10,2,1,4
3825719,Aythami Artiles Oliva,79,72,91.14,0,0,0,8,3,1,4,2,0,3
3825719,Dani Castellano Betancor,54,41,75.93,0,0,1,8,4,8,5,2,2,0
3825719,Iñaki Williams Arthuer,20,10,50.0,2,1,2,21,3,3,5,2,0,2
3825719,Jonathan Viera Ramos,54,42,77.78,2,0,5,25,1,3,6,2,3,1
3825719,Aritz Aduriz Zubeldia,19,10,52.63,3,1,0,9,0,3,3,1,4,3
3825719,Mikel Rico Moreno,30,23,76.67,0,0,1,16,4,5,3,0,2,0
3825719,Xabier Etxeita Gorritxategi,33,27,81.82,1,0,0,13,2,4,3,1,1,1
3825719,Óscar de Marcos Arana,39,26,66.67,1,0,2,15,0,7,6,1,0,2
3825719,Carlos Gurpegi Nausia,40,33,82.5,2,0,1,14,3,6,4,0,0,0
3825719,Mikel Balenziaga Oruesagasti,54,38,70.37,1,0,1,15,4,9,1,2,0,5
3825719,Javier Varas Herrera,57,41,71.93,0,0,0,0,0,10,0,0,0,0
3825719,José Vicente Gómez Umpiérrez,58,51,87.93,1,1,0,7,2,3,5,2,4,1
3825719,David Simón Rodríguez Santana,73,48,65.75,0,0,2,13,2,4,3,0,1,1
3825719,Nabil El Zhar,31,25,80.65,0,0,6,8,0,5,6,3,3,1
3825719,Gorka Iraizoz Moreno,34,17,50.0,0,0,0,0,0,6,0,0,0,0
3825719,Markel Susaeta Laskurain,30,21,70.0,1,0,8,25,1,7,8,1,0,1
3825719,Ander Iturraspe Derteano,31,24,77.42,0,0,1,13,2,5,2,1,0,2
3825719,Javier Eraso Goñi,8,7,87.5,1,0,2,7,0,3,2,0,1,1
3825719,Jerónimo Figueroa Cabrera,2,1,50.0,1,0,0,8,0,0,1,0,1,1
3825719,Iker Muniain Goñi,3,2,66.67,2,0,0,1,0,2,2,0,2,1
3825719,Nauzet Alemán Viera,3,1,33.33,0,0,0,0,0,0,0,0,0,0
3825720,Daniel Ceballos Fernández,61,50,81.97,0,0,6,19,3,6,2,0,7,1
3825720,Rubén Castro Martín,28,22,78.57,4,0,2,5,0,3,3,1,0,1
3825720,Jordi Figueras Montel,36,26,72.22,1,0,0,13,0,2,5,2,0,1
3825720,Adrián González Morales,35,24,68.57,2,1,1,16,1,4,3,1,0,3
3825720,Daniel García Carrillo,41,32,78.05,0,0,3,20,1,8,4,4,3,2
3825720,Sergio Enrich Ametller,23,10,43.48,1,0,4,14,1,8,6,0,3,2
3825720,Alfred John Momar N''Diaye,47,39,82.98,1,0,1,19,2,6,7,1,2,4
3825720,Álvaro Cejudo Carmona,44,31,70.45,1,0,5,28,0,9,0,9,2,4
3825720,Antonio Adán Garrido,27,16,59.26,0,0,0,0,0,7,0,0,0,0
3825720,Iván Ramis Barrios,28,23,82.14,0,0,1,5,0,4,5,1,0,0
3825720,Gonzalo Escalante,36,28,77.78,0,0,4,23,1,1,6,4,2,4
3825720,Ander Capa Rodríguez,56,35,62.5,1,1,5,12,2,4,1,1,0,2
3825720,Petros Matheus dos Santos Araújo,64,56,87.5,0,0,2,25,3,5,3,2,4,4
3825720,Sergio Gontán Gallardo,31,22,70.97,1,1,5,29,2,6,2,4,6,0
3825720,Juan Manuel Vargas Risco,74,57,77.03,0,0,2,8,3,8,2,2,0,3
3825720,Álvaro Vadillo Cifuentes,16,14,87.5,0,0,1,14,0,2,1,1,0,0
3825720,Aleksandar Pantić,18,15,83.33,0,0,0,1,1,3,2,1,0,1
3825720,Antonio Manuel Luna Rodríguez,49,37,75.51,0,0,1,10,4,6,5,7,0,1
3825720,Takashi Inui,13,7,53.85,0,0,1,7,1,0,4,2,1,2
3825720,Francisco José Molinero Calderón,54,39,72.22,1,0,0,6,0,2,4,1,0,0
3825720,Germán Alejandro Pezzella,40,29,72.5,2,0,0,8,2,2,6,3,0,1
3825720,Asier Riesgo Unamuno,24,10,41.67,0,0,0,0,0,6,0,0,1,0
3825720,Jorge Molina Vidal,17,12,70.59,1,0,1,1,1,2,3,0,2,0
3825720,Saúl Berjón Pérez,11,8,72.73,0,0,1,4,1,2,2,1,0,0
3825720,Foued Kadir,23,19,82.61,0,0,2,4,0,1,2,1,0,0
3825720,Borja González Tomás,2,1,50.0,1,1,1,4,0,0,2,0,3,0
3825720,Francisco Portillo Soler,18,17,94.44,0,0,4,2,0,3,0,0,0,0
3825720,Eddy Silvestre Pascual İsrafilov,4,4,100.0,0,0,0,6,0,0,1,1,0,1
3825717,Fernando Llorente Torres,18,13,72.22,0,0,3,4,0,0,4,0,1,1
3825717,Kevin Gameiro,20,9,45.0,4,0,2,9,1,1,2,0,0,0
3825717,Grzegorz Krychowiak,47,38,80.85,0,0,0,13,2,4,4,0,1,1
3825717,Adalberto Peñaranda Maestre,13,11,84.62,2,1,2,19,1,2,7,5,1,4
3825717,Adil Rami,39,29,74.36,3,0,0,2,0,3,1,0,0,2
3825717,David Rodríguez Lombán,25,16,64.0,0,0,0,9,2,3,2,2,0,0
3825717,José Antonio Reyes Calderón,54,32,59.26,3,0,3,7,0,2,1,0,2,3
3825717,Rene Krhin,20,18,90.0,0,0,2,4,3,3,1,1,2,0
3825717,Edgar Antonio Méndez Ortega,32,22,68.75,2,0,2,12,2,3,3,2,2,3
3825717,Isaac Ajayi Success,22,12,54.55,2,1,2,11,0,4,2,0,4,4
3825717,Timothée Kolodziejczak,46,39,84.78,0,0,0,3,2,2,2,0,0,0
3825717,Rubén Salvador Pérez Del Mármol,37,28,75.68,2,0,0,28,4,5,5,6,2,4
3825717,Víctor Machín Pérez,38,30,78.95,1,1,2,6,0,4,2,3,4,2
3825717,Dimitri Foulquier,30,23,76.67,0,0,1,12,1,6,3,3,1,0
3825717,Sergio Escudero Palomo,77,59,76.62,1,0,1,10,0,6,4,1,3,2
3825717,Diego Mainz García,19,15,78.95,0,0,0,6,1,0,7,1,1,1
3825717,Mariano Ferreira Filho,23,18,78.26,0,0,0,7,1,0,1,2,1,3
3825717,Sergio Rico González,21,20,95.24,0,0,0,0,0,4,0,0,0,0
3825717,Andrés Eduardo Fernández Moreno,33,11,33.33,0,0,0,0,0,1,0,0,0,0
3825717,Rubén Rochina Naixes,48,32,66.67,1,0,3,15,2,8,10,1,0,0
3825717,Matheus Dória Macedo,18,8,44.44,0,0,0,5,0,3,1,0,0,1
3825717,Vicente Iborra De La Fuente,25,15,60.0,1,0,0,6,0,1,1,0,1,1
3825717,Éver Maximiliano David Banega,29,24,82.76,2,0,3,4,0,4,2,0,2,0
3825717,Sebastián Carlos Cristóforo Pepe,19,16,84.21,0,0,0,8,1,1,0,0,4,0
3825717,Uche Henry Agbo,3,3,100.0,0,0,0,4,0,0,2,0,0,2
3825717,Yevhen Konoplyanka,13,9,69.23,1,0,1,0,0,0,0,0,0,0
3825717,Francisco Manuel Rico Castro,9,5,55.56,0,0,0,4,0,3,1,1,1,0
3825717,Youssef El-Arabi,0,0,0.0,0,0,0,0,0,0,0,0,0,0
3825721,Lucas Pérez Martínez,29,19,65.52,2,0,1,16,0,4,1,0,1,2
3825721,Luis Alberto Romero Alconchel,21,15,71.43,3,1,4,16,0,5,2,4,3,1
3825721,Pedro Mosquera Parada,67,53,79.1,0,0,0,26,4,5,6,5,2,4
3825721,Sidnei Rechel da Silva Júnior,63,50,79.37,0,0,0,4,3,6,3,1,1,1
3825721,Cédric Bakambu,21,12,57.14,0,0,2,13,0,2,1,1,1,1
3825721,Germán Darío Lux,35,24,68.57,0,0,0,0,0,2,0,0,0,0
3825721,Mateo Pablo Musacchio,45,30,66.67,0,0,0,6,4,7,2,0,0,0
3825721,Roberto Soldado Rillo,31,24,77.42,0,0,2,4,0,2,3,1,0,0
3825721,Alejandro Bergantiños García,58,48,82.76,0,0,0,17,1,6,12,2,2,0
3825721,Juan Francisco Moreno Fuertes,59,42,71.19,1,0,1,11,2,5,2,1,0,1
3825721,Jonathan dos Santos Ramírez,31,22,70.97,1,0,2,12,1,4,3,1,2,2
3825721,Fayçal Fajr,49,36,73.47,0,0,2,10,2,4,2,0,0,0
3825721,Víctor Ruíz Torre,52,37,71.15,0,0,0,3,3,7,3,0,0,1
3825721,Bruno Soriano Llido,58,50,86.21,3,2,1,4,2,3,4,2,4,2
3825721,Federico Nicolás Cartabia,48,34,70.83,3,0,3,15,1,9,7,2,5,1
3825721,Mario Gaspar Pérez Martínez,48,34,70.83,0,0,0,7,4,5,6,4,0,1
3825721,Fernando Navarro i Corbacho,64,45,70.31,0,0,0,13,5,0,4,1,1,3
3825721,Tomás Pina Isla,44,36,81.82,0,0,1,13,1,9,4,1,1,3
3825721,Alejandro Arribas Garrido,42,35,83.33,1,0,0,12,4,2,1,1,0,1
3825721,Alphonse Areola,28,14,50.0,0,0,0,0,0,4,0,0,0,0
3825721,Antonio Rukavina,43,35,81.4,0,0,0,3,1,3,2,1,0,2
3825721,Denis Suárez Fernández,37,24,64.86,1,0,8,10,2,9,4,3,3,1
3825721,Leonardo Carrilho Baptistão,10,4,40.0,1,0,0,1,0,4,3,2,1,0
3825721,Samuel García Sánchez,9,6,66.67,0,0,1,2,0,0,2,0,2,2
3825721,Miguel Filipe Nunes Cardoso,2,0,0.0,0,0,1,4,0,0,0,0,0,0
3825721,Oriol Riera Magem,3,0,0.0,1,0,0,2,0,1,0,0,0,0
3825721,Matías Nahuel Leiva Esquivel,6,4,66.67,0,0,0,1,0,2,1,0,0,0
3825718,Luka Modrić,81,69,85.19,2,0,2,10,3,6,4,1,2,2
3825718,Karim Benzema,27,22,81.48,3,1,5,9,0,4,3,0,2,1
3825718,Toni Kroos,85,82,96.47,0,0,1,20,3,3,3,1,2,2
3825718,Mateo Kovačić,51,47,92.16,0,0,1,11,3,4,5,2,1,3
3825718,Kléper Laveran Lima Ferreira,41,37,90.24,1,0,1,9,0,4,0,4,1,2
3825718,Sergio Ramos García,53,49,92.45,1,0,1,14,2,10,5,2,3,3
3825718,Francisco Alcácer García,19,17,89.47,2,1,0,25,1,1,2,2,0,1
3825718,André Filipe Tavares Gomes,51,45,88.24,4,0,5,9,0,4,0,0,2,5
3825718,Rodrigo Javier De Paul,35,25,71.43,0,0,5,20,1,6,3,4,2,1
3825718,Danilo Luiz da Silva,55,41,74.55,3,0,1,7,2,2,0,0,1,2
3825718,Gareth Frank Bale,31,23,74.19,3,1,7,8,4,4,2,0,2,2
3825718,Daniel Parejo Muñoz,70,63,90.0,3,1,0,23,2,1,3,0,6,0
3825718,Aymen Abdennour,47,44,93.62,1,0,0,4,0,6,1,2,1,0
3825718,Lucas Alfonso Orbán Alegre,42,35,83.33,0,0,0,6,1,5,4,2,1,3
3825718,Jaume Doménech Sánchez,23,18,78.26,0,0,0,0,0,5,0,0,0,0
3825718,Cristiano Ronaldo dos Santos Aveiro,35,27,77.14,2,0,1,3,1,4,2,2,2,0
3825718,João Pedro Cavaco Cancelo,50,34,68.0,1,0,5,11,4,6,4,1,2,1
3825718,Marcelo Vieira da Silva Júnior,54,42,77.78,2,0,3,9,4,3,5,1,1,1
3825718,Keylor Navas Gamboa,20,12,60.0,0,0,0,0,0,4,0,0,0,0
3825718,Antonio Barragán Fernández,74,66,89.19,0,0,0,7,1,2,1,1,0,3
3825718,Aderllan Leandro de Jesus Santos,43,36,83.72,0,0,0,10,0,4,1,3,0,1
3825718,Danilo Barbosa da Silva,31,24,77.42,0,0,1,22,1,5,3,1,3,3
3825718,Lucas Vázquez Iglesias,8,5,62.5,0,0,1,5,0,1,6,0,1,0
3825718,Rodrigo Moreno Machado,6,5,83.33,0,0,0,1,0,0,0,0,0,0
3825718,Álvaro Negredo Sánchez,0,0,0.0,1,0,0,0,0,0,0,0,0,1
3825718,Javier Fuego Martínez,5,3,60.0,0,0,0,0,0,0,0,0,0,0
3825715,Fabián Ariel Orellana Valenzuela,44,32,72.73,2,0,7,7,3,8,2,1,6,2
3825715,Iago Aspas Juncal,29,23,79.31,3,0,4,8,1,1,2,0,1,1
3825715,Pedro Pablo Hernández,55,42,76.36,1,0,4,17,6,7,10,2,4,3
3825715,Gustavo Daniel Cabral Cáceres,52,44,84.62,0,0,1,13,6,7,6,2,3,2
3825715,Hugo Mallo Novegil,48,36,75.0,0,0,3,11,1,2,4,1,1,0
3825715,Daniel Wass,61,48,78.69,1,0,1,6,4,7,2,0,2,0
3825715,Charles Días Barbosa de Oliveira,21,15,71.43,2,1,3,13,0,1,6,2,1,5
3825715,Sergi Gómez Solà,40,32,80.0,0,0,0,21,2,2,5,4,2,0
3825715,Duje Čop,17,13,76.47,0,0,1,11,1,2,4,1,0,0
3825715,Ignacio Camacho Barnola,52,38,73.08,1,0,1,21,4,6,10,0,4,2
3825715,Arthur Etienne Boka,48,38,79.17,0,0,0,11,1,7,2,3,0,2
3825715,Jonathan Castro Otto,25,20,80.0,0,0,0,6,3,1,3,1,0,0
3825715,Carles Planas Antolínez,45,31,68.89,1,0,0,9,6,3,3,2,0,0
3825715,Nordin Amrabat,38,28,73.68,4,0,7,20,0,9,4,3,2,5
3825715,Rubén Blanco Veiga,19,9,47.37,0,0,0,1,0,6,0,0,1,1
3825715,Idriss Carlos Kameni,26,14,53.85,0,0,0,0,0,6,0,0,0,0
3825715,Weligton Róbson Pena de Oliveira,31,20,64.52,0,0,0,4,0,2,3,2,0,0
3825715,Raúl Albentosa Redal,45,27,60.0,3,1,0,10,1,5,4,2,0,2
3825715,Juan Pablo Añor Acosta,32,24,75.0,0,0,1,17,0,3,4,3,0,2
3825715,Josep Señé Escudero,17,14,82.35,0,0,2,5,1,3,2,1,0,0
3825715,Roberto José Rosales Altuve,50,37,74.0,0,0,1,15,3,5,5,1,1,2
3825715,José Luis García del Pozo,37,29,78.38,0,0,1,21,4,5,6,1,1,3
3825715,Théo Bongonda Mbul''Ofeko Batombo,10,7,70.0,0,0,4,4,0,2,3,1,2,1
3825715,Pablo Fornals Malla,14,12,85.71,4,0,1,2,0,4,0,1,0,0
3825715,Sergio Álvarez Conde,9,5,55.56,0,0,0,0,0,2,0,0,0,0
3825715,Nemanja Radoja,9,6,66.67,0,0,0,4,2,0,0,1,0,1
3825715,Sérgio Paulo Barbosa Valente,13,11,84.62,0,0,1,3,1,0,1,0,0,0
3825715,Javier Ontiveros Parra,3,2,66.67,0,0,0,1,0,0,1,0,0,0
3825714,Nabil Ghilas,20,13,65.0,1,0,2,18,0,5,7,1,1,3
3825714,Jordi Xumetra Feliu,15,9,60.0,2,0,2,21,0,2,4,1,0,4
3825714,José María Martín-Bejarano Serrano,30,21,70.0,0,0,0,16,2,3,7,0,1,2
3825714,Antonio García Aranda,64,51,79.69,0,0,2,5,1,6,4,2,1,0
3825714,Zouhair Feddal,54,42,77.78,0,0,0,1,4,6,5,1,1,2
3825714,Ángel Trujillo Canorea,19,15,78.95,0,0,0,2,0,0,3,1,0,1
3825714,Filipe Luís Kasmirski,91,70,76.92,0,0,6,6,1,10,3,0,4,0
3825714,Saúl Ñíguez Esclapez,49,43,87.76,3,0,0,20,0,8,9,4,1,2
3825714,Gabriel Fernández Arenas,85,64,75.29,0,0,1,20,3,7,6,3,2,1
3825714,Diego Roberto Godín Leal,46,34,73.91,1,0,0,15,2,6,9,3,1,0
3825714,Stefan Savić,35,27,77.14,1,0,0,6,1,3,8,2,0,0
3825714,Iván López Mendoza,41,27,65.85,1,0,3,9,0,7,6,8,2,2
3825714,Jorge Resurrección Merodio,49,31,63.27,1,0,0,13,0,1,3,4,1,2
3825714,Diego Mariño Villar,37,27,72.97,0,0,0,0,0,8,0,0,0,0
3825714,José Antonio García Rabasco,63,57,90.48,1,0,1,7,1,2,2,2,2,0
3825714,Juan Francisco Torres Belén,53,41,77.36,1,0,3,9,4,11,1,2,2,1
3825714,José Luis Morales Nogales,27,19,70.37,1,0,3,10,2,6,0,1,2,1
3825714,Antoine Griezmann,35,30,85.71,1,0,2,11,1,5,6,1,2,0
3825714,Jackson Arley Martínez Valencia,21,17,80.95,4,0,1,9,0,2,2,0,1,3
3825714,Ángel Martín Correa,18,14,77.78,1,0,1,10,2,4,2,4,3,2
3825714,Jefferson Andrés Lerma Solís,45,32,71.11,1,0,1,27,1,9,3,2,1,2
3825714,Jan Oblak,21,13,61.9,0,0,0,0,0,0,0,0,0,0
3825714,Luciano Vietto,15,12,80.0,1,0,0,8,0,1,1,0,0,0
3825714,Rubén García Santos,5,4,80.0,1,0,0,7,0,1,0,1,0,1
3825714,Yannick Ferreira Carrasco,20,15,75.0,1,0,2,6,0,4,1,0,0,1
3825714,Víctor Camarasa Ferrando,9,6,66.67,0,0,0,1,1,0,1,0,0,0
3825714,Thomas Teye Partey,13,11,84.62,1,1,1,4,0,0,1,2,0,1
3825714,Roger Martí Salvador,1,1,100.0,1,0,0,3,0,0,0,0,0,0
3825713,Cédric Bakambu,22,17,77.27,0,0,2,22,1,5,1,2,2,1
3825713,Roberto Soldado Rillo,27,21,77.78,1,0,2,14,0,2,5,1,2,4
3825713,Bruno Soriano Llido,55,45,81.82,3,1,2,23,1,2,7,0,3,3
3825713,Adrián Marín Gómez,54,42,77.78,0,0,1,9,4,4,4,2,0,1
3825713,André Filipe Tavares Gomes,43,33,76.74,2,0,4,9,4,10,3,1,2,2
3825713,Rúben Miguel Nunes Vezo,46,40,86.96,0,0,1,4,6,6,2,0,3,0
3825713,Antonio Barragán Fernández,44,34,77.27,0,0,1,5,6,2,1,2,0,2
3825713,Denis Suárez Fernández,36,23,63.89,3,0,4,15,1,8,4,1,4,2
3825713,Danilo Barbosa da Silva,20,17,85.0,0,0,2,8,0,2,0,0,3,0
3825713,Álvaro Negredo Sánchez,31,18,58.06,0,0,0,8,0,2,4,1,3,5
3825713,Daniel Parejo Muñoz,69,52,75.36,1,0,1,10,3,10,3,4,5,2
3825713,João Pedro Cavaco Cancelo,42,34,80.95,0,0,4,6,4,4,0,0,2,1
3825713,Aderllan Leandro de Jesus Santos,37,31,83.78,1,0,1,8,5,2,2,1,0,2
3825713,Aymen Abdennour,32,28,87.5,0,0,1,16,8,0,4,1,0,2
3825713,Jaume Doménech Sánchez,31,24,77.42,0,0,0,0,0,2,0,0,0,0
3825713,Víctor Ruíz Torre,47,43,91.49,0,0,0,6,3,3,2,3,0,2
3825713,Francisco Alcácer García,17,11,64.71,2,0,0,8,0,2,1,0,1,2
3825713,Manuel Trigueros Muñoz,37,30,81.08,0,0,2,10,2,4,2,6,1,3
3825713,Mateo Pablo Musacchio,48,43,89.58,0,0,1,5,1,4,6,2,4,0
3825713,Mario Gaspar Pérez Martínez,59,48,81.36,0,0,2,4,0,2,1,0,1,1
3825713,Jonathan dos Santos Ramírez,29,18,62.07,2,0,1,11,0,4,2,2,1,3
3825713,Alphonse Areola,25,19,76.0,0,0,0,0,0,6,0,0,0,0
3825713,Matías Nahuel Leiva Esquivel,9,5,55.56,0,0,1,2,3,3,1,0,0,0
3825713,Santiago Mina Lorenzo,18,11,61.11,0,0,2,3,0,3,2,0,2,0
3825713,Pablo Daniel Piatti,4,4,100.0,0,0,0,4,0,2,1,0,2,1
3825713,Tomás Pina Isla,7,6,85.71,0,0,0,3,0,3,0,1,1,3
3825713,Leonardo Carrilho Baptistão,7,3,42.86,0,0,2,5,0,1,1,0,1,1
3825713,Francisco José Villalba Rodrigo,4,3,75.0,0,0,0,1,0,1,0,0,0,2
3825710,James David Rodríguez Rubio,45,38,84.44,0,0,0,5,1,4,2,0,0,0
3825710,Karim Benzema,24,20,83.33,7,0,4,9,0,5,2,0,1,0
3825710,Kléper Laveran Lima Ferreira,76,62,81.58,2,0,1,14,2,6,3,3,1,0
3825710,Toni Kroos,72,63,87.5,1,0,0,24,0,5,2,0,0,1
3825710,Jonathas Cristian de Jesus,20,15,75.0,3,0,1,21,0,0,1,0,3,1
3825710,José Ignacio Fernández Iglesias,30,29,96.67,0,0,0,7,1,4,4,1,0,3
3825710,Luka Modrić,62,52,83.87,1,0,0,19,2,4,2,1,0,3
3825710,Cristiano Ronaldo dos Santos Aveiro,29,22,75.86,8,2,4,8,0,2,0,0,0,4
3825710,Marcelo Vieira da Silva Júnior,67,52,77.61,0,0,3,8,3,0,3,1,0,1
3825710,Sergio Canales Madrazo,27,22,81.48,2,0,1,10,0,0,3,2,1,0
3825710,Keylor Navas Gamboa,29,17,58.62,0,0,0,0,0,4,0,0,0,0
3825710,Carlos Martínez Díez,58,51,87.93,0,0,3,11,5,2,5,2,1,0
3825710,Xabier Prieto Argarate,54,47,87.04,0,0,1,10,0,1,2,2,1,0
3825710,Markel Bergara Larrañaga,45,40,88.89,0,0,0,23,1,6,1,1,3,1
3825710,Aritz Elustondo Irribaria,33,29,87.88,0,0,0,9,0,2,2,1,1,0
3825710,Gerónimo Rulli,38,24,63.16,0,0,0,0,0,4,0,0,0,0
3825710,Íñigo Martínez Berridi,42,37,88.1,1,0,0,9,1,2,3,2,0,0
3825710,Imanol Agirretxe Arruti,4,3,75.0,0,0,3,5,1,1,0,0,0,0
3825710,Danilo Luiz da Silva,48,37,77.08,0,0,0,19,3,4,8,2,1,0
3825710,Gareth Frank Bale,35,28,80.0,2,0,5,7,3,3,4,1,3,1
3825710,Asier Illarramendi Andonegi,73,64,87.67,0,0,1,28,1,4,4,2,1,2
3825710,Yuri Berchiche Izeta,51,43,84.31,2,0,1,17,3,4,3,4,1,4
3825710,Armindo Tué Na Bangna,42,36,85.71,2,1,5,15,1,4,2,2,0,0
3825710,Rubén Pardo Gutiérrez,41,34,82.93,3,0,0,15,1,4,2,2,0,2
3825710,Mateo Kovačić,13,10,76.92,0,0,0,8,0,0,0,2,0,0
3825710,Carlos Alberto Vela Garrido,16,16,100.0,0,0,0,6,0,0,1,0,1,0
3825710,Lucas Vázquez Iglesias,7,5,71.43,2,1,0,5,1,2,0,1,1,0
3825710,Carlos Henrique Casimiro,7,7,100.0,0,0,0,3,0,3,0,0,2,0
3825709,Ciro Immobile,26,19,73.08,6,1,2,13,0,5,3,1,1,2
3825709,Éver Maximiliano David Banega,43,32,74.42,1,1,1,16,0,3,3,0,2,2
3825709,Yevhen Konoplyanka,35,23,65.71,3,0,4,12,0,2,2,1,2,2
3825709,Benoît Trémoulinas,50,36,72.0,0,0,2,5,0,3,4,2,4,0
3825709,José Alberto Cañas Ruiz Herrera,38,36,94.74,0,0,0,7,0,2,1,2,0,0
3825709,Salvador Sevilla López,63,55,87.3,0,0,0,9,0,5,1,1,3,1
3825709,Timothée Kolodziejczak,39,33,84.62,1,0,0,8,2,2,3,0,0,1
3825709,Vicente Iborra De La Fuente,46,39,84.78,0,0,1,22,5,4,6,4,1,0
3825709,Adil Rami,31,25,80.65,1,0,2,11,1,2,1,3,0,0
3825709,Pau López Sabata,26,20,76.92,0,0,0,0,0,4,0,0,0,0
3825709,Álvaro González Soberón,66,56,84.85,0,0,0,7,1,7,4,2,1,1
3825709,Marco Asensio Willemsen,55,41,74.55,3,0,5,10,0,5,4,2,2,3
3825709,Sebastián Carlos Cristóforo Pepe,49,45,91.84,0,0,0,40,4,5,10,4,4,8
3825709,Víctor Sánchez Mata,33,28,84.85,0,0,1,15,0,0,5,0,0,0
3825709,Víctor Machín Pérez,22,20,90.91,1,0,2,21,1,1,5,3,4,1
3825709,Hernán Arsenio Pérez González,40,32,80.0,2,0,5,18,0,5,3,1,1,6
3825709,Rubén Duarte Sánchez,65,53,81.54,0,0,1,6,8,5,4,2,3,3
3825709,Enzo Pablo Roco Roco,41,34,82.93,0,0,0,7,4,3,0,2,1,1
3825709,Mariano Ferreira Filho,47,30,63.83,0,0,1,13,2,5,3,2,1,0
3825709,Felipe Salvador Caicedo Corozo,21,18,85.71,2,0,7,7,1,4,4,2,1,2
3825709,Javier López Rodríguez,67,58,86.57,0,0,0,7,3,6,2,0,3,2
3825709,Sergio Rico González,31,20,64.52,0,0,0,0,0,3,0,1,0,0
3825709,Joan Jordán Moreno,40,35,87.5,3,0,1,15,1,2,4,0,1,2
3825709,Jorge Franco Alviz,25,20,80.0,1,0,2,3,1,2,0,1,2,0
3825709,José Antonio Reyes Calderón,15,10,66.67,1,0,1,7,0,2,0,0,1,2
3825709,Michael Krohn-Dehli,15,14,93.33,1,0,1,4,0,2,0,0,0,0
3825709,Gerard Moreno Balaguero,8,6,75.0,1,0,0,2,0,1,0,0,0,0
3825709,Kevin Gameiro,8,5,62.5,1,0,0,4,0,2,1,0,1,0
3825646,Kevin Gameiro,12,11,91.67,0,0,1,14,0,2,7,2,2,2
3825646,Vicente Iborra De La Fuente,25,13,52.0,0,0,0,7,0,1,3,3,1,0
3825646,Michael Krohn-Dehli,33,28,84.85,0,0,0,12,1,2,2,0,1,0
3825646,Jorge Andújar Moreno,28,21,75.0,0,0,0,8,0,2,3,3,2,1
3825646,Adil Rami,55,42,76.36,1,0,0,6,1,4,0,0,2,2
3825646,Timothée Kolodziejczak,50,36,72.0,0,0,0,5,0,7,1,3,2,1
3825646,Benoît Trémoulinas,49,39,79.59,0,0,3,8,1,3,2,0,0,1
3825646,Yevhen Konoplyanka,35,22,62.86,1,0,3,14,3,6,3,0,0,2
3825646,Manuel Trigueros Muñoz,40,32,80.0,1,0,1,9,0,6,2,2,0,3
3825646,Jonathan dos Santos Ramírez,48,38,79.17,0,0,0,23,2,3,3,3,4,0
3825646,Roberto Soldado Rillo,32,21,65.62,0,0,0,10,2,3,5,1,3,5
3825646,Mario Gaspar Pérez Martínez,63,45,71.43,3,1,0,8,3,3,6,0,0,0
3825646,Bruno Soriano Llido,65,53,81.54,1,0,2,1,3,3,4,0,1,0
3825646,Cédric Bakambu,10,7,70.0,2,1,2,4,1,3,7,0,0,2
3825646,Víctor Machín Pérez,27,17,62.96,0,0,2,22,1,2,1,1,3,3
3825646,Jaume Vicent Costa Jordá,41,32,78.05,1,0,0,7,1,6,5,2,2,2
3825646,Denis Suárez Fernández,32,23,71.88,3,0,6,8,2,5,2,2,1,1
3825646,Grzegorz Krychowiak,53,41,77.36,2,0,0,18,5,6,5,1,4,2
3825646,Sergio Rico González,32,28,87.5,0,0,0,0,0,4,0,0,0,0
3825646,Eric Bertrand Bailly,39,28,71.79,1,0,0,8,0,4,2,0,1,1
3825646,Víctor Ruíz Torre,42,34,80.95,0,0,0,7,0,3,4,1,0,1
3825646,Alphonse Areola,24,7,29.17,0,0,0,0,0,4,0,0,0,0
3825646,Tomás Pina Isla,17,15,88.24,0,0,1,5,0,1,2,0,1,1
3825646,Steven N''Kemboanza Mike Christopher Nzonzi,21,12,57.14,0,0,0,5,0,4,0,0,0,0
3825646,Mariano Ferreira Filho,13,10,76.92,0,0,1,3,3,1,1,0,0,0
3825646,Fernando Llorente Torres,5,3,60.0,2,1,0,3,0,0,1,0,0,1
3825646,Matías Nahuel Leiva Esquivel,7,4,57.14,0,0,0,5,1,0,1,0,0,1
3825646,Daniele Bonera,5,4,80.0,0,0,0,0,0,0,0,0,0,0
3825645,Juan Antonio Rodríguez Villamuela,21,14,66.67,0,0,1,14,1,3,1,2,0,1
3825645,Pablo Sarabia García,19,12,63.16,1,0,1,13,0,2,3,2,0,0
3825645,Damián Nicolás Suárez Suárez,35,17,48.57,1,0,1,21,3,9,2,4,0,3
3825645,Stefan Šćepović,19,13,68.42,1,0,0,6,0,0,6,1,0,0
3825645,Daniel Alves da Silva,72,57,79.17,3,0,1,16,3,6,3,2,0,0
3825645,Ivan Rakitić,86,77,89.53,1,0,0,13,2,5,4,0,1,1
3825645,Víctor Rodríguez Romero,29,24,82.76,2,0,0,16,1,6,2,3,0,1
3825645,Sergi Roberto Carnicer,62,49,79.03,1,0,1,10,0,2,4,3,1,0
3825645,Sergio Busquets i Burgos,98,92,93.88,0,0,0,24,0,4,3,3,0,0
3825645,Claudio Andrés Bravo Muñoz,30,27,90.0,0,0,0,0,0,6,0,0,0,0
3825645,Jérémy Mathieu,73,71,97.26,1,0,0,6,2,0,1,0,0,0
3825645,Neymar da Silva Santos Junior,81,61,75.31,2,1,6,15,2,4,1,0,4,1
3825645,Luis Alberto Suárez Díaz,28,20,71.43,4,1,6,15,0,5,4,1,3,0
3825645,Munir El Haddadi Mohamed,21,13,61.9,1,0,1,5,1,0,1,2,1,0
3825645,Vicente Guaita Panadero,36,23,63.89,0,0,0,0,0,6,0,0,0,0
3825645,Roberto Lago Soto,39,30,76.92,0,0,0,17,0,4,4,3,0,2
3825645,Pedro León Sánchez Gil,24,12,50.0,0,0,3,12,1,5,2,1,1,1
3825645,Jordi Alba Ramos,101,83,82.18,2,0,0,16,2,12,4,3,1,0
3825645,Mehdi Lacen,36,31,86.11,0,0,1,22,2,11,4,2,1,0
3825645,Santiago Vergini,30,23,76.67,0,0,0,4,4,5,2,0,0,0
3825645,Gerard Piqué Bernabéu,77,70,90.91,0,0,1,5,2,6,2,1,1,0
3825645,Alexis Ruano Delgado,26,15,57.69,0,0,3,3,3,3,0,2,0,2
3825645,Andrés Iniesta Luján,42,39,92.86,0,0,2,2,0,1,0,1,1,1
3825645,Ángel Lafita Castillo,4,4,100.0,1,0,2,5,1,0,0,0,1,1
3825645,Moisés Gómez Bordonado,14,13,92.86,0,0,1,5,0,1,2,0,0,2
3825645,Sandro Ramírez Castillo,4,4,100.0,0,0,0,6,0,1,0,3,1,0
3825645,Bernard Mensah,10,9,90.0,0,0,1,0,0,0,1,0,0,1
3825644,Iago Aspas Juncal,25,21,84.0,6,2,3,12,1,1,7,2,0,2
3825644,Pedro Pablo Hernández,65,47,72.31,2,1,2,27,3,12,11,3,4,5
3825644,Sergi Gómez Solà,43,37,86.05,0,0,0,7,5,1,3,3,1,4
3825644,Hugo Mallo Novegil,51,35,68.63,0,0,0,28,4,3,6,4,0,2
3825644,Yuri Berchiche Izeta,43,27,62.79,3,0,0,12,2,8,2,1,1,0
3825644,Fabián Ariel Orellana Valenzuela,43,29,67.44,2,0,11,11,1,7,6,0,2,0
3825644,Markel Bergara Larrañaga,29,21,72.41,3,0,1,20,2,7,4,1,2,0
3825644,Carlos Alberto Vela Garrido,37,27,72.97,2,0,2,16,0,7,7,0,5,1
3825644,David Zurutuza Veillet,34,27,79.41,0,0,2,16,4,5,3,2,0,3
3825644,Imanol Agirretxe Arruti,12,8,66.67,3,2,2,10,1,1,4,1,3,0
3825644,Daniel Wass,57,48,84.21,2,0,1,9,2,9,3,3,1,0
3825644,Íñigo Martínez Berridi,24,14,58.33,2,0,0,16,4,5,6,2,1,0
3825644,Xabier Prieto Argarate,33,23,69.7,1,0,1,15,1,2,11,3,1,2
3825644,Jonathan Castro Otto,46,37,80.43,0,0,0,14,1,1,7,0,1,3
3825644,Joseba Zaldúa Bengoetxea,37,23,62.16,1,0,1,18,1,6,2,2,1,2
3825644,Nemanja Radoja,56,48,85.71,1,0,2,17,2,4,6,1,1,1
3825644,Asier Illarramendi Andonegi,54,36,66.67,2,0,2,31,3,10,5,1,4,4
3825644,Andreu Fontàs Prat,52,43,82.69,0,0,0,13,6,6,3,3,1,0
3825644,Sergio Álvarez Conde,27,13,48.15,0,0,0,0,0,5,0,0,0,0
3825644,Manuel Agudo Durán,51,32,62.75,2,0,4,11,0,6,3,2,3,1
3825644,Mikel González de Martín Martínez,24,14,58.33,1,0,0,11,2,5,2,1,0,0
3825644,Gerónimo Rulli,32,13,40.62,0,0,0,0,0,5,0,0,0,0
3825644,Armindo Tué Na Bangna,15,12,80.0,3,0,1,4,0,2,1,0,0,1
3825644,John Guidetti,0,0,0.0,1,0,0,3,0,1,3,0,0,0
3825644,Jonathas Cristian de Jesus,3,2,66.67,0,0,0,2,0,0,0,0,0,1
3825644,Gonzalo Castro Irizábal,3,1,33.33,0,0,0,2,0,0,0,0,0,0
3825644,Lévy Clément Madinda,2,2,100.0,0,0,0,1,1,0,0,0,0,0
3825640,Carlos Alberto Vela Garrido,24,17,70.83,4,2,4,19,0,10,4,2,3,1
3825640,Imanol Agirretxe Arruti,14,9,64.29,1,1,0,16,1,1,2,0,0,1
3825640,Asier Illarramendi Andonegi,30,22,73.33,2,1,0,22,1,2,5,3,4,1
3825640,Roger Martí Salvador,16,13,81.25,3,0,3,11,0,4,4,0,3,7
3825640,Mikel González de Martín Martínez,13,9,69.23,1,0,0,7,1,0,6,1,1,1
3825640,Deyverson Brum Silva Acosta,29,18,62.07,2,0,0,12,0,5,5,1,4,4
3825640,Gerónimo Rulli,32,15,46.88,0,0,0,0,0,4,0,0,0,0
3825640,Antonio García Aranda,53,41,77.36,1,0,0,9,1,6,7,2,1,1
3825640,José María Martín-Bejarano Serrano,25,15,60.0,0,0,0,3,0,6,2,0,1,0
3825640,Íñigo Martínez Berridi,32,15,46.88,0,0,0,3,3,2,5,4,0,0
3825640,Yuri Berchiche Izeta,41,27,65.85,0,0,1,18,4,4,4,4,2,3
3825640,José Luis Morales Nogales,53,41,77.36,2,0,2,24,1,6,6,3,1,0
3825640,David Zurutuza Veillet,33,23,69.7,3,0,4,24,4,2,9,4,5,4
3825640,Zouhair Feddal,58,39,67.24,0,0,0,12,1,10,5,0,1,5
3825640,Jefferson Andrés Lerma Solís,33,24,72.73,1,0,0,8,1,2,2,0,0,4
3825640,Xabier Prieto Argarate,42,26,61.9,0,0,0,12,1,2,7,2,4,1
3825640,Juan Francisco García García,18,5,27.78,0,0,0,2,0,3,1,0,0,0
3825640,Joseba Zaldúa Bengoetxea,45,20,44.44,0,0,3,16,0,3,9,3,2,2
3825640,Simão Mate,41,29,70.73,3,0,0,4,1,4,5,0,1,0
3825640,Rubén Iván Martínez Andrade,30,19,63.33,0,0,0,0,0,2,0,0,0,0
3825640,Markel Bergara Larrañaga,26,20,76.92,0,0,1,23,1,1,2,2,1,1
3825640,Víctor Camarasa Ferrando,40,33,82.5,0,0,2,12,0,4,5,0,1,1
3825640,Nabil Ghilas,10,4,40.0,0,0,4,8,1,2,2,1,1,1
3825640,José Antonio García Rabasco,37,27,72.97,0,0,1,8,0,2,2,0,2,1
3825640,Rubén García Santos,27,17,62.96,1,0,2,8,0,0,2,1,0,2
3825640,Gonzalo Castro Irizábal,9,8,88.89,1,0,4,3,0,3,2,0,2,0
3825640,Sergio Canales Madrazo,8,6,75.0,1,0,0,4,1,0,0,1,1,0
3825640,Mikel Oyarzabal Ugarte,3,2,66.67,0,0,0,2,0,0,1,0,0,2
3825639,Denis Suárez Fernández,50,27,54.0,0,0,0,22,0,2,4,0,4,3
3825639,Cédric Bakambu,11,7,63.64,1,0,0,18,0,1,3,1,0,1
3825639,Daniele Bonera,29,23,79.31,0,0,0,6,1,2,1,1,1,1
3825639,Javier Varas Herrera,42,27,64.29,0,0,1,0,0,3,0,0,0,0
3825639,Sergio Ezequiel Araújo,20,12,60.0,1,0,0,10,0,3,7,3,0,1
3825639,Jonathan dos Santos Ramírez,34,28,82.35,0,0,0,37,3,4,4,6,0,1
3825639,Jonathan Viera Ramos,43,29,67.44,1,0,5,14,2,5,4,1,2,1
3825639,Mario Gaspar Pérez Martínez,43,29,67.44,1,0,1,9,0,4,2,2,1,1
3825639,Matías Nahuel Leiva Esquivel,19,11,57.89,0,0,0,16,1,1,4,1,0,1
3825639,Javier Garrido Behovide,58,47,81.03,0,0,1,9,3,2,4,3,0,0
3825639,Pedro Bigas Rigo,65,59,90.77,1,0,1,7,5,3,3,0,1,2
3825639,Aythami Artiles Oliva,77,63,81.82,1,0,0,10,3,5,1,5,1,2
3825639,Pedro Taunausú Domínguez Placeres,62,48,77.42,0,0,5,27,2,11,5,1,7,2
3825639,José Vicente Gómez Umpiérrez,47,42,89.36,0,0,2,9,3,7,2,0,0,1
3825639,Roque Mesa Quevedo,67,56,83.58,0,0,3,21,2,13,6,1,2,1
3825639,David Simón Rodríguez Santana,76,61,80.26,1,0,1,18,1,3,3,4,0,1
3825639,Samuel Castillejo Azuaga,32,18,56.25,2,0,2,31,1,6,3,9,1,1
3825639,Nabil El Zhar,22,16,72.73,1,0,5,13,0,6,5,1,3,0
3825639,Bruno Soriano Llido,60,41,68.33,1,0,0,15,1,8,5,4,2,3
3825639,Víctor Ruíz Torre,51,34,66.67,0,0,0,8,5,6,2,6,1,0
3825639,Jaume Vicent Costa Jordá,63,51,80.95,0,0,0,14,0,3,7,5,1,1
3825639,Alphonse Areola,15,10,66.67,0,0,0,0,0,4,0,0,0,0
3825639,Roberto Soldado Rillo,9,6,66.67,0,0,2,5,0,1,1,0,0,1
3825639,Samuel García Sánchez,16,10,62.5,0,0,2,6,0,2,3,0,1,1
3825639,Hernán Daniel Santana Trujillo,19,18,94.74,1,0,0,4,0,1,0,0,0,1
3825639,Nauzet Alemán Viera,11,6,54.55,0,0,0,1,0,2,1,0,0,0
3825639,Antonio Rukavina,7,5,71.43,0,0,0,1,0,1,1,0,0,1
3825639,Willian José da Silva,3,2,66.67,0,0,0,0,0,0,1,0,0,0
3825636,Lucas Pérez Martínez,27,20,74.07,2,0,1,14,0,2,2,0,1,1
3825636,Oriol Riera Magem,15,9,60.0,1,0,3,13,0,1,4,1,1,2
3825636,Sidnei Rechel da Silva Júnior,38,32,84.21,0,0,1,4,3,6,0,2,0,1
3825636,Weligton Róbson Pena de Oliveira,56,37,66.07,0,0,0,4,0,3,2,4,1,1
3825636,Raúl Albentosa Redal,56,44,78.57,0,0,0,1,1,4,2,1,0,0
3825636,Fayçal Fajr,55,43,78.18,0,0,0,16,2,3,6,2,1,0
3825636,Fernando Damián Tissone,66,48,72.73,0,0,0,4,3,10,3,0,1,2
3825636,Adnane Tighadouini,28,13,46.43,4,1,6,6,0,4,4,1,1,2
3825636,Alejandro Arribas Garrido,41,28,68.29,1,0,1,14,6,3,2,0,2,1
3825636,Juan Francisco Moreno Fuertes,47,29,61.7,0,0,0,9,1,4,5,3,0,0
3825636,Juan Carlos Pérez López,34,28,82.35,2,1,1,11,2,3,5,4,1,1
3825636,Arthur Etienne Boka,53,41,77.36,0,0,7,7,0,5,6,4,1,0
3825636,José Luis García del Pozo,50,36,72.0,1,0,0,10,0,4,4,3,1,2
3825636,Charles Días Barbosa de Oliveira,36,27,75.0,1,0,0,10,1,2,7,0,1,2
3825636,Sérgio Paulo Barbosa Valente,20,14,70.0,0,0,2,9,1,3,2,1,2,3
3825636,Germán Darío Lux,38,23,60.53,0,0,0,1,0,2,0,0,0,0
3825636,Fernando Navarro i Corbacho,55,38,69.09,0,0,1,16,1,4,8,4,2,0
3825636,Roberto José Rosales Altuve,62,45,72.58,1,0,2,8,2,12,4,2,1,1
3825636,Federico Nicolás Cartabia,31,23,74.19,3,0,6,14,2,6,2,1,1,0
3825636,Celso Borges Mora,54,38,70.37,2,0,0,24,4,3,9,3,1,2
3825636,Pedro Mosquera Parada,56,46,82.14,0,0,1,23,0,6,2,4,3,3
3825636,Idriss Carlos Kameni,31,25,80.65,0,0,0,0,0,7,0,0,0,0
3825636,Luis Alberto Romero Alconchel,16,9,56.25,1,0,1,5,1,1,0,0,1,0
3825636,Laureano Sanabria Ruiz,33,25,75.76,0,0,0,3,3,2,1,0,0,1
3825636,Fábio Ricardo Gomes Fonseca,6,4,66.67,0,0,3,1,0,0,0,2,0,0
3825636,Rubén Gracia Calmache,11,7,63.64,0,0,2,2,0,1,0,0,0,0
3825636,Pablo Fornals Malla,8,5,62.5,0,0,2,0,0,1,0,0,0,0
3825636,Ricardo Jorge Luz Horta,4,3,75.0,0,0,0,2,0,0,1,0,0,0
3825635,Lucas Vázquez Iglesias,33,26,78.79,1,0,4,9,1,3,4,1,3,2
3825635,Cristiano Ronaldo dos Santos Aveiro,33,26,78.79,7,1,5,2,0,1,5,0,1,0
3825635,Raphaël Varane,37,32,86.49,0,0,0,4,3,1,1,2,0,2
3825635,Iago Aspas Juncal,27,24,88.89,2,0,1,18,1,2,1,1,6,1
3825635,Sergi Gómez Solà,46,40,86.96,0,0,0,10,5,5,6,3,0,1
3825635,Sergio Álvarez Conde,28,20,71.43,0,0,0,0,0,5,0,0,0,0
3825635,Fabián Ariel Orellana Valenzuela,40,32,80.0,5,0,6,16,2,7,0,2,4,3
3825635,Marcelo Vieira da Silva Júnior,67,53,79.1,1,1,2,6,1,6,2,4,3,2
3825635,Jesé Rodríguez Ruiz,29,24,82.76,0,0,0,6,1,1,2,0,2,0
3825635,Hugo Mallo Novegil,47,37,78.72,0,0,0,28,3,4,6,2,1,5
3825635,Toni Kroos,73,61,83.56,0,0,0,26,2,7,1,0,2,5
3825635,Gustavo Daniel Cabral Cáceres,44,39,88.64,1,0,0,11,3,6,0,0,0,1
3825635,Augusto Matías Fernández,77,69,89.61,1,0,1,25,5,13,1,1,3,4
3825635,Luka Modrić,49,42,85.71,0,0,1,10,2,9,2,0,1,0
3825635,Jonathan Castro Otto,54,47,87.04,1,0,2,23,3,2,3,5,0,1
3825635,Danilo Luiz da Silva,57,48,84.21,2,1,0,11,1,6,5,3,1,2
3825635,Pedro Pablo Hernández,52,40,76.92,1,0,1,20,1,2,4,4,2,3
3825635,Carlos Henrique Casimiro,51,33,64.71,1,0,1,16,5,3,4,6,3,2
3825635,Sergio Ramos García,44,34,77.27,0,0,0,4,2,6,0,2,2,1
3825635,Manuel Agudo Durán,57,43,75.44,3,1,13,8,3,5,1,1,2,1
3825635,Daniel Wass,46,34,73.91,2,0,2,10,0,3,1,2,1,0
3825635,Keylor Navas Gamboa,26,9,34.62,0,0,0,1,0,2,0,0,1,0
3825635,Francisco Román Alarcón Suárez,16,14,87.5,2,0,3,3,1,3,1,2,2,1
3825635,Nemanja Radoja,16,16,100.0,0,0,0,5,0,0,3,0,0,0
3825635,Denis Cheryshev,12,8,66.67,0,0,0,4,3,0,1,1,0,2
3825635,José Ignacio Fernández Iglesias,2,2,100.0,0,0,0,0,0,0,1,0,0,0
3825635,Carles Planas Antolínez,8,8,100.0,0,0,0,3,0,0,0,0,0,0
3825635,John Guidetti,5,4,80.0,1,0,0,5,0,2,2,0,0,1
3825634,Rubén Castro Martín,39,29,74.36,4,1,2,4,0,6,1,1,2,1
3825634,Joaquín Sánchez Rodríguez,39,28,71.79,1,0,5,8,2,9,3,1,3,0
3825634,Heiko Westermann,35,25,71.43,0,0,0,7,4,3,2,1,0,1
3825634,Youssef El-Arabi,23,10,43.48,3,0,3,26,0,7,7,1,1,0
3825634,Vincenzo Renato Rennella,12,5,41.67,0,0,0,9,0,4,11,1,0,0
3825634,Isaac Ajayi Success,21,13,61.9,4,0,7,9,1,3,4,0,2,1
3825634,Alfred John Momar N''Diaye,52,39,75.0,1,0,4,32,2,10,17,3,2,1
3825634,Cristiano Biraghi,35,23,65.71,1,0,0,20,0,4,9,3,0,1
3825634,Rene Krhin,32,19,59.38,1,0,0,31,3,5,9,5,0,1
3825634,Francisco Portillo Soler,61,51,83.61,0,0,4,22,2,7,6,2,0,2
3825634,Andrés Eduardo Fernández Moreno,27,13,48.15,0,0,0,0,0,9,0,0,0,0
3825634,Bruno González Cabrera,51,34,66.67,1,0,0,13,4,3,6,0,0,0
3825634,Petros Matheus dos Santos Araújo,52,41,78.85,0,0,1,26,3,9,2,3,0,0
3825634,Rubén Salvador Pérez Del Mármol,34,23,67.65,4,0,2,22,1,12,6,3,0,2
3825634,Cristiano Piccini,60,45,75.0,1,0,2,14,2,8,2,1,0,4
3825634,Francisco Medina Luna,28,18,64.29,1,0,3,11,1,5,4,5,1,0
3825634,Javier Márquez Moreno,40,22,55.0,0,0,3,44,0,10,8,4,0,1
3825634,Antonio Adán Garrido,37,18,48.65,0,0,0,0,0,8,0,0,0,0
3825634,Francisco Miguel Varela Martín,58,40,68.97,0,0,0,13,3,3,3,3,0,1
3825634,Dimitri Foulquier,42,27,64.29,1,1,2,19,3,5,4,2,1,1
3825634,David Rodríguez Lombán,22,16,72.73,1,0,0,11,1,1,0,2,0,1
3825634,Diego Mainz García,17,12,70.59,1,0,0,8,2,3,1,2,0,0
3825634,Daniel Ceballos Fernández,20,12,60.0,0,0,4,3,1,2,2,0,0,1
3825634,Rubén Rochina Naixes,22,15,68.18,0,0,2,17,2,4,2,3,4,0
3825634,Germán Alejandro Pezzella,12,7,58.33,0,0,0,1,1,0,2,0,0,0
3825634,Nicolás Federico López Alonso,8,7,87.5,0,0,1,5,0,2,1,2,0,0
3825634,Thievy Guivane Bifouma Koulossa,5,5,100.0,0,0,1,1,0,1,1,0,1,0
3825634,Didier Digard,8,6,75.0,0,0,0,4,0,0,0,0,0,2
3825633,Felipe Salvador Caicedo Corozo,13,10,76.92,1,0,1,9,0,2,4,0,0,2
3825633,Enzo Pablo Roco Roco,30,20,66.67,0,0,0,11,1,4,2,0,0,2
3825633,José Eduardo Rosa Vale de Castro,92,78,84.78,1,0,2,5,0,6,3,1,0,1
3825633,Anaitz Arbilla Zabala,46,33,71.74,2,0,1,9,3,3,4,2,2,2
3825633,Răzvan Dincă Raț,82,65,79.27,0,0,4,5,1,4,4,0,0,1
3825633,Diego Javier Llorente Ríos,81,71,87.65,0,0,4,8,3,6,5,0,1,1
3825633,Juan Rafael Fuentes Hernández,38,31,81.58,0,0,1,11,2,5,7,1,0,1
3825633,Alhassane Bangoura,9,6,66.67,0,0,5,2,1,2,2,0,2,0
3825633,José Alberto Cañas Ruiz Herrera,37,23,62.16,0,0,0,14,3,6,3,2,3,0
3825633,Álvaro González Soberón,31,21,67.74,1,0,0,6,3,1,4,6,0,0
3825633,Patrick Ebert,18,9,50.0,1,0,0,11,0,2,2,1,1,2
3825633,Víctor Sánchez Mata,25,18,72.0,1,0,0,10,0,3,1,1,1,3
3825633,Jozabed Sánchez Ruiz,41,35,85.37,1,0,2,7,1,3,2,0,2,0
3825633,Roberto Trashorras Gayoso,119,106,89.08,2,1,0,3,1,3,1,2,3,0
3825633,Pau López Sabata,35,13,37.14,0,0,0,0,0,7,0,0,0,0
3825633,José Raúl Baena Urdiales,48,43,89.58,0,0,1,11,2,2,2,0,2,2
3825633,Javier Guerra Rodríguez,14,10,71.43,5,2,1,9,0,1,7,3,1,2
3825633,Roberto Román Triguero,42,32,76.19,1,0,2,8,1,5,3,3,1,4
3825633,Marco Asensio Willemsen,16,10,62.5,0,0,2,10,0,3,1,0,2,2
3825633,Víctor Guillermo Álvarez Delgado,12,5,41.67,1,0,3,3,1,0,3,2,0,0
3825633,Hernán Arsenio Pérez González,13,8,61.54,0,0,3,7,1,2,4,2,2,0
3825633,Antonio Rodríguez Martínez,34,27,79.41,0,0,0,0,0,3,0,0,0,0
3825633,Tiago Manuel Dias Correia,23,18,78.26,2,0,2,7,0,0,1,1,0,1
3825633,Adrián Embarba Blázquez,12,10,83.33,0,0,2,6,1,3,1,1,0,0
3825633,Jorge Franco Alviz,6,5,83.33,2,0,1,1,0,1,0,0,1,1
3825633,Francisco Montañés Claverías,5,5,100.0,0,0,1,3,0,0,0,0,1,0
3825633,Mamadou Sylla Diallo,6,4,66.67,1,0,1,6,0,1,3,0,0,1
3825633,Alberto Mateus Contreiras Gonçalves,2,2,100.0,0,0,0,0,0,0,0,0,1,0
3825632,Carlos Castro García,17,15,88.24,0,0,1,7,0,0,1,1,0,0
3825632,Alen Halilović,39,30,76.92,2,0,11,9,2,6,2,1,2,1
3825632,Ignacio Cases Mora,57,46,80.7,4,1,1,15,2,8,9,2,1,0
3825632,Luis Hernández Rodríguez,78,63,80.77,0,0,0,5,4,4,2,1,0,0
3825632,Bernardo José Espinosa Zúñiga,55,45,81.82,3,1,0,9,3,1,2,1,1,1
3825632,Matheus Dória Macedo,15,10,66.67,0,0,0,10,4,0,1,2,0,2
3825632,Jonathan Rodríguez Menéndez,43,26,60.47,1,0,6,9,0,4,2,2,5,3
3825632,Alberto Lora Ramos,61,46,75.41,1,0,4,19,1,7,4,2,1,2
3825632,Cristiano Biraghi,32,22,68.75,0,0,0,11,2,2,3,0,1,3
3825632,Youssef El-Arabi,21,16,76.19,3,1,3,10,0,3,5,0,1,0
3825632,Rubén Salvador Pérez Del Mármol,35,22,62.86,2,0,5,19,1,5,9,3,1,2
3825632,Rene Krhin,27,19,70.37,0,0,0,12,3,2,8,3,1,0
3825632,Sergio Álvarez Díaz,56,51,91.07,1,0,2,16,1,7,4,2,1,3
3825632,Roberto Canella Suárez,57,45,78.95,0,0,0,9,1,3,5,0,2,1
3825632,Alejandro Menéndez Díez,20,11,55.0,0,0,2,7,0,1,2,1,0,0
3825632,Javier Márquez Moreno,19,14,73.68,0,0,0,20,1,4,8,4,1,3
3825632,Isaac Ajayi Success,19,11,57.89,5,1,6,10,1,6,1,1,3,1
3825632,Alberto García Cabrera,43,26,60.47,0,0,0,0,0,9,0,0,0,0
3825632,Hugo Miguel Almeida Costa Lopes,34,23,67.65,0,0,2,18,7,5,6,0,0,2
3825632,Francisco Medina Luna,24,11,45.83,2,1,2,7,0,4,2,3,0,1
3825632,David Rodríguez Lombán,16,14,87.5,1,0,0,11,3,0,1,1,1,0
3825632,Andrés Eduardo Fernández Moreno,28,8,28.57,0,0,0,0,0,6,0,0,0,0
3825632,Miguel Ángel Guerrero Martín,12,8,66.67,3,1,1,4,1,0,4,0,1,2
3825632,Pablo Pérez Rodríguez,14,14,100.0,0,0,0,1,0,0,3,0,0,0
3825632,Dimitri Foulquier,7,3,42.86,0,0,3,4,0,3,1,1,2,0
3825632,Thievy Guivane Bifouma Koulossa,6,3,50.0,1,0,2,2,0,2,2,0,1,0
3825632,Omar Mascarell González,17,12,70.59,0,0,0,1,0,0,1,0,1,0
3825632,Francisco Manuel Rico Castro,4,1,25.0,0,0,0,2,0,1,0,0,0,1
3825631,Imanol Agirretxe Arruti,22,15,68.18,2,0,3,7,0,5,11,0,1,1
3825631,Carlos Alberto Vela Garrido,33,26,78.79,2,0,4,10,1,4,4,1,4,1
3825631,Íñigo Martínez Berridi,68,59,86.76,1,0,2,6,3,7,2,0,1,2
3825631,Filipe Luís Kasmirski,72,56,77.78,0,0,4,19,2,3,8,2,0,2
3825631,Jorge Resurrección Merodio,51,35,68.63,1,0,6,17,0,6,5,3,2,0
3825631,Jackson Arley Martínez Valencia,14,9,64.29,1,0,1,11,0,1,4,1,1,0
3825631,Antoine Griezmann,28,23,82.14,2,1,5,17,3,5,6,0,2,0
3825631,Joseba Zaldúa Bengoetxea,59,48,81.36,0,0,2,18,0,4,6,3,1,3
3825631,Markel Bergara Larrañaga,47,36,76.6,0,0,2,17,0,5,3,1,1,6
3825631,Tiago Cardoso Mendes,62,52,83.87,1,0,0,16,2,8,3,1,1,2
3825631,Diego Antonio Reyes Rosales,61,49,80.33,1,0,0,9,1,1,6,1,0,1
3825631,Gerónimo Rulli,39,22,56.41,0,0,0,0,0,6,0,0,0,0
3825631,Gabriel Fernández Arenas,47,35,74.47,0,0,1,27,0,4,4,5,0,1
3825631,Asier Illarramendi Andonegi,85,63,74.12,1,0,1,14,1,3,5,4,1,0
3825631,Ángel Martín Correa,20,13,65.0,0,0,3,29,2,4,4,2,1,1
3825631,Sergio Canales Madrazo,34,28,82.35,2,0,1,18,0,3,2,2,1,2
3825631,Diego Roberto Godín Leal,27,21,77.78,0,0,0,9,2,4,2,0,4,1
3825631,José María Giménez de Vargas,31,23,74.19,0,0,0,11,3,2,2,4,0,1
3825631,Juan Francisco Torres Belén,40,30,75.0,0,0,0,12,2,5,6,6,1,2
3825631,Jan Oblak,28,14,50.0,0,0,0,0,0,4,0,0,1,0
3825631,David Zurutuza Veillet,52,38,73.08,1,0,4,11,1,8,4,2,2,0
3825631,Alberto De La Bella Madureño,76,55,72.37,0,0,2,6,0,1,3,2,0,0
3825631,Yannick Ferreira Carrasco,13,10,76.92,1,1,1,8,0,3,1,1,0,2
3825631,Fernando José Torres Sanz,7,5,71.43,0,0,3,3,0,1,2,1,3,1
3825631,Armindo Tué Na Bangna,14,10,71.43,1,0,5,1,0,3,0,1,0,0
3825631,Rubén Pardo Gutiérrez,4,3,75.0,0,0,0,2,0,0,0,0,0,0
3825631,Jonathas Cristian de Jesus,1,1,100.0,0,0,2,0,0,1,0,0,1,0
3825631,Saúl Ñíguez Esclapez,1,1,100.0,1,0,0,3,0,0,1,0,0,0
3825630,Lucas Pérez Martínez,16,12,75.0,3,1,1,12,0,2,4,1,3,0
3825630,Luis Alberto Romero Alconchel,22,13,59.09,3,0,2,13,0,5,6,1,2,1
3825630,Pedro Mosquera Parada,68,58,85.29,1,0,3,28,2,5,7,2,2,3
3825630,Sidnei Rechel da Silva Júnior,51,43,84.31,0,0,1,6,3,8,4,2,0,2
3825630,Alejandro Arribas Garrido,58,44,75.86,2,1,1,3,2,7,8,2,0,0
3825630,Aymeric Laporte,33,23,69.7,0,0,2,5,0,2,1,1,1,4
3825630,Xabier Etxeita Gorritxategi,46,39,84.78,1,0,0,7,2,4,1,1,0,1
3825630,Markel Susaeta Laskurain,21,13,61.9,0,0,4,11,1,6,3,1,1,1
3825630,Juan Francisco Moreno Fuertes,83,64,77.11,1,0,4,12,1,9,5,2,0,1
3825630,Juan Domínguez Lamas,9,8,88.89,2,0,0,9,0,1,3,2,0,1
3825630,Rubén Gracia Calmache,31,24,77.42,0,0,5,12,2,5,5,3,1,0
3825630,Mikel Balenziaga Oruesagasti,54,32,59.26,0,0,2,12,2,3,3,1,0,1
3825630,Beñat Etxebarria Urkiaga,45,34,75.56,0,0,1,13,2,7,5,2,2,2
3825630,Iñaki Williams Arthuer,31,17,54.84,1,1,5,9,2,3,1,2,3,3
3825630,Fernando Navarro i Corbacho,51,38,74.51,0,0,3,19,3,2,7,2,2,2
3825630,Fayçal Fajr,58,50,86.21,1,0,3,16,0,7,6,3,2,1
3825630,Gorka Iraizoz Moreno,33,24,72.73,0,0,0,0,0,7,0,0,0,0
3825630,Óscar de Marcos Arana,51,34,66.67,1,0,4,10,1,4,2,1,0,2
3825630,Mikel San José Domínguez,39,29,74.36,1,0,2,18,3,6,4,4,1,3
3825630,Germán Darío Lux,34,11,32.35,0,0,0,0,0,3,0,0,2,0
3825630,Raúl García Escudero,29,21,72.41,1,0,2,16,0,2,4,1,2,2
3825630,Aritz Aduriz Zubeldia,25,12,48.0,2,1,2,3,0,1,3,3,2,1
3825630,Celso Borges Mora,23,21,91.3,1,0,1,14,0,3,2,4,0,1
3825630,Oriol Riera Magem,10,6,60.0,2,0,0,3,0,2,6,0,2,0
3825630,Federico Nicolás Cartabia,21,16,76.19,1,0,3,7,0,0,1,0,4,1
3825630,Sabin Merino Zuloaga,4,2,50.0,0,0,2,5,0,3,2,1,0,0
3825630,Íñigo Lekue Martínez,4,4,100.0,0,0,2,3,0,2,2,0,0,0
3825630,Javier Eraso Goñi,7,5,71.43,0,0,0,1,0,1,0,0,1,0
3825629,Iago Aspas Juncal,25,20,80.0,1,0,1,21,0,3,2,0,0,1
3825629,Pedro Pablo Hernández,45,38,84.44,1,0,0,16,0,2,5,0,4,2
3825629,Daniel Wass,80,69,86.25,2,0,0,13,0,2,5,2,1,1
3825629,Jonathan Castro Otto,86,72,83.72,1,0,0,17,4,6,0,5,0,1
3825629,Roberto Soldado Rillo,34,25,73.53,1,0,2,15,2,2,2,3,1,3
3825629,Sergi Gómez Solà,41,38,92.68,0,0,0,10,3,2,3,3,0,1
3825629,Sergio Álvarez Conde,32,22,68.75,0,0,0,0,0,3,0,0,0,0
3825629,Samuel García Sánchez,25,17,68.0,0,0,1,7,0,5,2,3,1,0
3825629,Manuel Agudo Durán,65,41,63.08,4,1,1,15,1,9,1,1,0,1
3825629,Eric Bertrand Bailly,17,10,58.82,0,0,0,4,1,2,2,0,2,3
3825629,Manuel Trigueros Muñoz,47,32,68.09,5,0,0,15,0,6,6,1,2,1
3825629,Gustavo Daniel Cabral Cáceres,65,64,98.46,0,0,0,11,3,7,3,2,0,1
3825629,Hugo Mallo Novegil,70,59,84.29,0,0,0,13,0,0,7,2,1,1
3825629,Leonardo Carrilho Baptistão,19,13,68.42,1,0,3,7,0,2,3,1,1,0
3825629,Víctor Ruíz Torre,37,28,75.68,0,0,0,3,7,4,2,3,1,0
3825629,Tomás Pina Isla,29,19,65.52,1,0,0,18,2,4,5,3,3,0
3825629,Mario Gaspar Pérez Martínez,31,25,80.65,2,0,1,6,2,5,5,5,0,0
3825629,Fabián Ariel Orellana Valenzuela,71,62,87.32,2,1,4,8,1,4,1,0,2,0
3825629,Augusto Matías Fernández,93,86,92.47,2,0,0,15,5,5,0,4,1,2
3825629,Jaume Vicent Costa Jordá,25,20,80.0,0,0,0,12,1,5,3,0,1,0
3825629,Matías Nahuel Leiva Esquivel,14,9,64.29,1,0,4,8,1,4,1,1,1,3
3825629,Alphonse Areola,25,13,52.0,0,0,0,1,0,3,0,1,0,0
3825629,Antonio Rukavina,16,10,62.5,0,0,1,4,2,3,2,1,0,0
3825629,Denis Suárez Fernández,13,7,53.85,1,1,0,6,0,1,1,2,0,0
3825629,Cédric Bakambu,5,4,80.0,0,0,0,8,0,0,6,0,0,0
3825629,Théo Bongonda Mbul''Ofeko Batombo,12,9,75.0,0,0,0,0,0,1,0,0,0,0
3825629,John Guidetti,4,3,75.0,0,0,0,2,0,0,0,0,0,2
3825629,Nemanja Radoja,8,7,87.5,0,0,0,1,0,0,0,0,0,0
3825627,Javier Guerra Rodríguez,41,37,90.24,5,1,3,20,1,2,6,3,0,0
3825627,Patrick Ebert,50,39,78.0,5,0,2,25,1,8,0,0,2,2
3825627,Roberto Trashorras Gayoso,84,75,89.29,1,0,1,13,1,8,3,2,2,1
3825627,José Ignacio Martínez García,25,18,72.0,0,0,0,13,1,2,2,2,1,1
3825627,Diego Javier Llorente Ríos,34,28,82.35,1,0,1,14,0,4,6,3,1,5
3825627,José Eduardo Rosa Vale de Castro,61,51,83.61,0,0,1,10,2,4,7,3,0,0
3825627,Neymar da Silva Santos Junior,46,32,69.57,7,4,5,16,0,6,1,0,4,2
3825627,Sergi Roberto Carnicer,38,36,94.74,1,0,5,27,2,5,5,4,2,1
3825627,Gerard Piqué Bernabéu,50,47,94.0,0,0,0,8,2,4,3,3,0,1
3825627,Daniel Alves da Silva,44,36,81.82,0,0,0,15,4,4,3,4,2,0
3825627,Claudio Andrés Bravo Muñoz,54,42,77.78,0,0,0,0,0,2,0,0,0,0
3825627,Jérémy Mathieu,43,36,83.72,0,0,0,11,3,6,3,3,0,1
3825627,Jordi Alba Ramos,45,38,84.44,0,0,0,15,5,0,4,7,2,2
3825627,Alhassane Bangoura,48,34,70.83,3,0,6,14,0,7,4,1,1,2
3825627,Tiago Manuel Dias Correia,22,17,77.27,2,0,5,15,0,7,1,8,0,4
3825627,Sandro Ramírez Castillo,13,9,69.23,1,0,1,8,2,4,2,0,4,0
3825627,Sergio Busquets i Burgos,36,32,88.89,0,0,1,15,5,4,2,2,1,0
3825627,Luis Alberto Suárez Díaz,29,15,51.72,4,1,2,12,2,6,1,1,2,0
3825627,Ivan Rakitić,45,39,86.67,1,0,1,25,4,5,1,0,1,2
3825627,Răzvan Dincă Raț,70,49,70.0,1,0,0,6,0,4,3,0,0,1
3825627,Jozabed Sánchez Ruiz,69,58,84.06,3,1,0,25,1,13,5,3,1,0
3825627,Antonio Rodríguez Martínez,33,28,84.85,0,0,0,0,0,7,0,0,0,0
3825627,José Antonio Dorado Ramírez,23,18,78.26,0,0,0,3,0,1,3,2,0,1
3825627,Munir El Haddadi Mohamed,8,7,87.5,0,0,2,6,3,0,0,2,0,0
3825627,Adrián Embarba Blázquez,12,9,75.0,1,0,2,5,0,2,0,1,1,2
3825627,Douglas Pereira dos Santos,3,2,66.67,0,0,0,4,1,0,0,0,1,0
3825627,Gerard Gumbau Garriga,8,5,62.5,0,0,0,10,0,1,1,2,0,0
3825625,Roger Martí Salvador,15,10,66.67,3,0,0,7,0,1,4,1,2,1
3825625,Deyverson Brum Silva Acosta,21,11,52.38,6,0,1,10,0,9,3,1,1,1
3825625,Juan Francisco García García,46,38,82.61,0,0,0,6,4,5,3,1,1,1
3825625,Antonio García Aranda,62,49,79.03,0,0,0,9,3,4,0,1,1,1
3825625,José María Martín-Bejarano Serrano,36,32,88.89,1,0,0,10,1,3,0,0,1,3
3825625,Zouhair Feddal,16,14,87.5,1,0,1,5,3,1,3,1,1,1
3825625,José Luis Morales Nogales,65,46,70.77,0,0,0,17,1,6,3,3,0,1
3825625,Carlos Henrique Casimiro,62,53,85.48,3,0,1,18,2,4,8,5,1,2
3825625,Toni Kroos,64,53,82.81,1,0,0,26,1,2,2,2,1,1
3825625,Víctor Camarasa Ferrando,39,37,94.87,1,0,1,11,2,4,4,1,1,2
3825625,Danilo Luiz da Silva,73,61,83.56,1,0,0,8,4,8,7,1,0,1
3825625,Francisco Román Alarcón Suárez,33,30,90.91,1,0,4,8,2,2,0,0,4,1
3825625,Raphaël Varane,48,46,95.83,0,0,0,4,2,1,2,4,1,0
3825625,Keylor Navas Gamboa,33,26,78.79,0,0,0,0,0,6,0,0,0,0
3825625,Cristiano Ronaldo dos Santos Aveiro,25,22,88.0,6,1,1,1,1,0,0,1,2,1
3825625,Rubén Iván Martínez Andrade,37,25,67.57,0,0,0,0,0,4,0,0,0,0
3825625,Marcelo Vieira da Silva Júnior,101,82,81.19,2,1,4,5,3,6,1,1,1,0
3825625,José Ignacio Fernández Iglesias,66,62,93.94,0,0,0,7,1,4,5,3,1,0
3825625,Gareth Frank Bale,18,13,72.22,2,0,1,6,0,3,0,1,0,1
3825625,Mateo Kovačić,35,32,91.43,0,0,0,17,1,5,3,1,1,1
3825625,Víctor Casadesús Castaño,41,32,78.05,0,0,1,12,1,3,2,2,0,0
3825625,Simão Mate,36,32,88.89,0,0,0,14,2,3,2,2,0,1
3825625,Lucas Vázquez Iglesias,22,16,72.73,4,0,1,12,1,0,3,1,2,0
3825625,Nabil Ghilas,7,5,71.43,3,0,4,8,0,1,0,1,0,1
3825625,Jefferson Andrés Lerma Solís,25,24,96.0,1,0,2,6,0,2,0,0,0,1
3825625,Jesé Rodríguez Ruiz,15,13,86.67,1,1,4,2,0,1,0,1,0,0
3825625,Rubén García Santos,5,5,100.0,1,0,0,6,0,0,1,0,0,0
3825625,Marcos Llorente Moreno,12,12,100.0,0,0,0,2,1,0,0,0,0,0
3825624,Kevin Gameiro,19,13,68.42,3,1,2,7,2,1,6,1,0,0
3825624,José Antonio Reyes Calderón,35,18,51.43,2,0,1,9,0,3,1,2,0,2
3825624,Adil Rami,50,40,80.0,1,0,0,5,5,6,0,2,0,1
3825624,Takashi Inui,27,18,66.67,1,0,2,29,1,4,1,1,1,4
3825624,Vicente Iborra De La Fuente,25,11,44.0,1,0,0,13,1,1,9,2,2,0
3825624,Mauro Javier Dos Santos,13,6,46.15,0,0,0,8,2,1,5,1,0,0
3825624,Asier Riesgo Unamuno,30,10,33.33,0,0,0,0,0,6,0,0,0,0
3825624,Borja González Tomás,25,16,64.0,6,1,1,17,0,3,7,1,3,1
3825624,Grzegorz Krychowiak,57,46,80.7,2,0,2,17,2,8,4,1,3,3
3825624,Iván Ramis Barrios,13,11,84.62,0,0,0,9,0,2,4,2,1,0
3825624,David Juncà Reñé,46,32,69.57,0,0,4,8,1,3,1,8,1,1
3825624,Steven N''Kemboanza Mike Christopher Nzonzi,28,20,71.43,0,0,0,6,0,5,3,4,1,2
3825624,Benoît Trémoulinas,56,43,76.79,0,0,3,7,2,2,5,2,3,0
3825624,Daniel García Carrillo,39,24,61.54,1,0,0,21,2,4,4,3,2,2
3825624,Víctor Machín Pérez,38,31,81.58,2,0,3,23,0,9,7,4,4,1
3825624,Ander Capa Rodríguez,53,34,64.15,0,0,2,12,3,5,6,1,0,2
3825624,Timothée Kolodziejczak,57,49,85.96,0,0,0,8,3,5,2,1,0,0
3825624,Gonzalo Escalante,39,29,74.36,1,0,1,27,2,6,9,2,0,4
3825624,Adrián González Morales,29,21,72.41,2,0,0,9,0,5,3,3,2,3
3825624,Saúl Berjón Pérez,30,21,70.0,2,0,5,10,1,5,3,2,1,3
3825624,Jorge Andújar Moreno,55,35,63.64,2,0,0,7,1,5,4,1,2,2
3825624,Sergio Rico González,30,20,66.67,0,0,0,1,0,3,0,0,0,0
3825624,Yevhen Konoplyanka,17,12,70.59,2,0,6,8,0,6,2,2,1,0
3825624,Aleksandar Pantić,4,3,75.0,0,0,0,5,1,0,4,0,0,1
3825624,Éver Maximiliano David Banega,25,15,60.0,0,0,6,6,0,6,2,1,4,0
3825624,Sergio Gontán Gallardo,10,10,100.0,0,0,0,6,0,4,0,0,1,0
3825624,Sergio Enrich Ametller,3,2,66.67,1,0,0,5,0,3,1,0,0,0
3825624,Ciro Immobile,2,1,50.0,0,0,0,2,0,2,0,0,1,1
3825622,Aritz Aduriz Zubeldia,26,18,69.23,2,1,3,5,0,2,5,2,1,1
3825622,Aymeric Laporte,66,57,86.36,3,1,1,4,1,9,3,4,1,0
3825622,Markel Susaeta Laskurain,36,31,86.11,2,1,1,16,1,4,8,2,3,2
3825622,Rúben Miguel Nunes Vezo,35,27,77.14,0,0,0,12,4,2,4,4,0,0
3825622,Raúl García Escudero,36,24,66.67,2,0,1,19,0,1,4,4,0,5
3825622,Óscar de Marcos Arana,47,39,82.98,0,0,0,16,1,2,5,3,0,3
3825622,Mikel San José Domínguez,55,43,78.18,0,0,0,8,2,2,4,1,2,0
3825622,Xabier Etxeita Gorritxategi,46,34,73.91,0,0,0,8,1,0,6,3,0,3
3825622,Javier Fuego Martínez,57,47,82.46,0,0,1,19,0,6,5,2,3,1
3825622,André Filipe Tavares Gomes,41,34,82.93,1,0,2,13,0,2,6,3,3,1
3825622,Beñat Etxebarria Urkiaga,77,55,71.43,1,0,1,6,1,10,0,1,2,3
3825622,Jaume Doménech Sánchez,29,18,62.07,0,0,0,0,0,6,0,0,0,0
3825622,Iñaki Williams Arthuer,21,15,71.43,5,0,3,8,0,8,0,3,1,0
3825622,Lucas Alfonso Orbán Alegre,51,39,76.47,0,0,1,6,4,7,4,1,1,2
3825622,Zakaria Bakkali,31,25,80.65,0,0,2,10,2,1,2,4,2,0
3825622,Álvaro Negredo Sánchez,14,9,64.29,1,0,1,2,0,1,4,0,0,1
3825622,João Pedro Cavaco Cancelo,44,38,86.36,0,0,2,11,2,5,8,4,0,1
3825622,Sofiane Feghouli,42,30,71.43,1,0,4,10,0,7,2,4,0,3
3825622,Daniel Parejo Muñoz,57,50,87.72,3,1,1,15,1,10,1,0,5,1
3825622,Gorka Iraizoz Moreno,30,19,63.33,0,0,0,0,0,4,0,0,0,0
3825622,Shkodran Mustafi,42,34,80.95,1,0,0,7,4,10,4,2,1,1
3825622,Mikel Balenziaga Oruesagasti,47,36,76.6,0,0,4,5,0,4,5,0,0,0
3825622,Rodrigo Javier De Paul,22,16,72.73,2,0,1,1,0,1,0,1,1,0
3825622,Francisco Alcácer García,9,7,77.78,0,0,0,2,0,0,0,0,1,0
3825622,Sabin Merino Zuloaga,9,6,66.67,1,0,3,2,1,1,1,0,0,0
3825622,Javier Eraso Goñi,3,3,100.0,0,0,0,2,0,1,1,0,0,0
3825622,Rodrigo Moreno Machado,4,3,75.0,1,0,0,1,0,1,0,0,0,0
3825622,Mikel Rico Moreno,3,3,100.0,0,0,0,2,0,1,2,0,0,0
3825621,Fernando José Torres Sanz,10,7,70.0,3,0,1,12,0,0,1,0,1,0
3825621,Ángel Martín Correa,17,12,70.59,4,0,5,25,1,3,5,1,1,5
3825621,José María Giménez de Vargas,39,31,79.49,2,0,1,15,1,3,4,1,0,1
3825621,Carlos Henrique Casimiro,76,63,82.89,0,0,0,26,4,7,10,7,4,2
3825621,Cristiano Ronaldo dos Santos Aveiro,29,18,62.07,6,0,2,3,1,4,0,0,3,1
3825621,Gabriel Fernández Arenas,84,69,82.14,2,0,1,20,2,5,5,2,3,2
3825621,Karim Benzema,20,16,80.0,1,1,3,11,1,2,4,0,3,1
3825621,Marcelo Vieira da Silva Júnior,78,62,79.49,0,0,1,17,2,4,1,3,1,1
3825621,Toni Kroos,56,52,92.86,1,0,1,21,3,7,4,0,2,2
3825621,Luka Modrić,74,72,97.3,1,0,7,17,2,7,5,3,7,1
3825621,Sergio Ramos García,78,72,92.31,0,0,0,14,2,6,5,3,1,2
3825621,Daniel Carvajal Ramos,32,27,84.38,0,0,2,4,1,2,1,0,2,0
3825621,Óliver Torres Muñoz,22,17,77.27,0,0,0,13,0,2,1,0,0,2
3825621,Filipe Luís Kasmirski,69,61,88.41,0,0,2,17,2,3,4,0,2,1
3825621,Francisco Román Alarcón Suárez,33,31,93.94,0,0,2,8,0,1,5,0,0,0
3825621,Raphaël Varane,44,42,95.45,0,0,0,2,0,0,2,3,0,1
3825621,Antoine Griezmann,42,28,66.67,2,0,4,26,1,4,6,1,1,4
3825621,Juan Francisco Torres Belén,75,64,85.33,0,0,1,8,1,5,1,1,1,2
3825621,Tiago Cardoso Mendes,66,61,92.42,0,0,0,7,2,7,2,2,4,1
3825621,Jan Oblak,25,19,76.0,0,0,0,0,0,5,0,0,0,0
3825621,Keylor Navas Gamboa,34,19,55.88,0,0,0,0,0,7,0,0,0,0
3825621,Diego Roberto Godín Leal,34,28,82.35,1,0,1,4,1,3,4,1,0,2
3825621,Álvaro Arbeloa Coca,32,23,71.88,0,0,0,8,0,0,1,3,0,4
3825621,Yannick Ferreira Carrasco,33,24,72.73,0,0,2,12,0,4,2,0,2,0
3825621,Luciano Vietto,11,8,72.73,3,1,1,8,0,2,0,0,0,2
3825621,Gareth Frank Bale,9,6,66.67,0,0,1,4,1,1,2,0,0,0
3825621,Jackson Arley Martínez Valencia,6,3,50.0,1,0,1,4,0,1,6,1,1,1
3825621,Mateo Kovačić,12,11,91.67,0,0,0,3,1,1,1,0,0,1
3825620,Rubén Castro Martín,16,10,62.5,3,1,1,6,1,3,3,2,2,0
3825620,Vincenzo Renato Rennella,16,7,43.75,1,0,3,12,0,4,6,0,0,4
3825620,Heiko Westermann,20,6,30.0,1,1,1,11,0,4,9,2,1,1
3825620,Álvaro Cejudo Carmona,28,14,50.0,0,0,3,24,3,2,3,9,1,3
3825620,Răzvan Dincă Raț,94,67,71.28,2,0,2,11,4,5,1,4,2,2
3825620,Jozabed Sánchez Ruiz,28,22,78.57,2,0,4,18,1,5,2,0,0,1
3825620,Petros Matheus dos Santos Araújo,29,22,75.86,0,0,1,29,2,8,5,3,1,0
3825620,Francisco Portillo Soler,23,16,69.57,0,0,1,19,1,2,3,2,0,2
3825620,José Raúl Baena Urdiales,43,36,83.72,0,0,0,20,4,5,6,3,4,1
3825620,Roberto Trashorras Gayoso,103,87,84.47,1,0,2,15,4,7,6,2,1,2
3825620,Adrián Embarba Blázquez,22,14,63.64,0,0,1,12,0,1,3,1,0,0
3825620,Diego Javier Llorente Ríos,51,46,90.2,0,0,2,8,0,3,1,0,0,0
3825620,Javier Guerra Rodríguez,41,31,75.61,5,0,1,14,0,2,5,0,1,4
3825620,Tiago Manuel Dias Correia,46,34,73.91,6,0,3,14,0,6,3,2,3,2
3825620,Cristiano Piccini,51,33,64.71,1,0,4,17,5,6,5,3,2,2
3825620,Antonio Adán Garrido,44,10,22.73,0,0,0,0,0,10,0,0,0,0
3825620,Bruno González Cabrera,14,8,57.14,0,0,0,13,0,1,4,1,0,0
3825620,Francisco Miguel Varela Martín,33,21,63.64,1,0,1,9,2,1,2,6,1,0
3825620,Antonio Rodríguez Martínez,34,29,85.29,0,0,0,0,0,11,0,0,0,0
3825620,Alfred John Momar N''Diaye,27,15,55.56,0,0,3,23,2,4,5,1,1,3
3825620,José Eduardo Rosa Vale de Castro,64,49,76.56,2,0,1,15,6,4,8,2,1,1
3825620,José Ignacio Martínez García,46,39,84.78,2,0,0,9,3,2,0,1,2,1
3825620,Alhassane Bangoura,27,17,62.96,3,0,4,5,1,4,1,1,0,1
3825620,Luis Carlos Fariña Olivera,15,14,93.33,0,0,2,8,2,4,1,0,0,0
3825620,Alberto Mateus Contreiras Gonçalves,7,5,71.43,0,0,1,2,1,3,2,0,2,0
3825620,Joaquín Sánchez Rodríguez,10,9,90.0,2,0,1,3,0,3,0,0,0,0
3825620,Jorge Molina Vidal,6,3,50.0,0,0,0,6,0,0,2,0,2,1
3825620,Francisco José Molinero Calderón,7,2,28.57,0,0,0,0,0,0,0,0,0,0
3825617,Luis Alberto Suárez Díaz,22,18,81.82,6,0,2,3,0,4,0,0,3,1
3825617,Neymar da Silva Santos Junior,64,48,75.0,9,1,6,8,0,2,2,0,7,3
3825617,Sergi Roberto Carnicer,67,55,82.09,2,0,1,6,1,3,2,3,2,0
3825617,Gerard Piqué Bernabéu,55,47,85.45,3,0,0,7,0,2,6,2,1,1
3825617,Jérémy Mathieu,25,23,92.0,0,0,0,4,3,0,2,2,0,1
3825617,Kevin Gameiro,21,15,71.43,3,0,4,16,0,6,5,0,1,0
3825617,Víctor Machín Pérez,27,21,77.78,0,0,1,31,1,5,2,4,2,2
3825617,Jordi Alba Ramos,71,55,77.46,0,0,1,12,3,7,3,5,0,2
3825617,Jorge Andújar Moreno,33,24,72.73,1,0,1,26,3,3,4,5,5,3
3825617,Steven N''Kemboanza Mike Christopher Nzonzi,32,26,81.25,1,0,0,16,0,6,4,5,0,1
3825617,Vicente Iborra De La Fuente,21,9,42.86,2,1,0,9,0,1,3,1,2,4
3825617,Javier Alejandro Mascherano,62,58,93.55,0,0,0,12,4,3,8,3,1,0
3825617,Sergio Busquets i Burgos,59,53,89.83,0,0,0,19,0,5,6,0,4,2
3825617,Grzegorz Krychowiak,44,35,79.55,1,0,1,18,3,9,4,3,1,1
3825617,Michael Krohn-Dehli,48,37,77.08,3,1,0,22,3,2,3,1,2,4
3825617,Claudio Andrés Bravo Muñoz,32,26,81.25,0,0,0,0,0,4,0,0,0,0
3825617,Ivan Rakitić,63,54,85.71,3,0,2,3,1,2,0,0,2,3
3825617,Munir El Haddadi Mohamed,19,13,68.42,1,0,1,11,1,3,0,4,1,3
3825617,Sergio Rico González,31,20,64.52,0,0,0,0,0,7,0,1,0,0
3825617,Timothée Kolodziejczak,22,14,63.64,0,0,0,15,1,2,4,2,1,3
3825617,Benoît Trémoulinas,29,16,55.17,0,0,0,11,1,2,2,2,2,2
3825617,Marco Andreolli,16,11,68.75,1,0,0,10,0,1,2,5,0,1
3825617,Sandro Ramírez Castillo,11,9,81.82,4,0,0,2,0,0,0,1,0,1
3825617,Daniel Alves da Silva,29,20,68.97,0,0,0,3,0,1,1,2,0,0
3825617,José Antonio Reyes Calderón,6,2,33.33,0,0,0,10,0,1,0,2,0,0
3825617,Fernando Llorente Torres,10,7,70.0,0,0,0,10,0,2,0,0,1,1
3825617,Mariano Ferreira Filho,2,1,50.0,0,0,0,1,0,0,0,0,0,0
3825615,Felipe Salvador Caicedo Corozo,19,14,73.68,2,1,1,13,0,3,5,0,5,1
3825615,Marco Asensio Willemsen,59,48,81.36,2,0,5,14,0,3,5,0,4,2
3825615,Álvaro González Soberón,58,41,70.69,1,0,0,12,3,5,2,1,0,1
3825615,Bernardo José Espinosa Zúñiga,47,41,87.23,0,0,0,10,4,1,5,2,0,5
3825615,Víctor Sánchez Mata,66,55,83.33,1,0,2,28,3,8,4,4,1,2
3825615,Hernán Arsenio Pérez González,31,22,70.97,1,0,10,23,1,10,2,3,3,2
3825615,Sergio Álvarez Díaz,56,47,83.93,1,0,3,26,1,9,6,1,2,0
3825615,Arnaldo Antonio Sanabria Ayala,21,16,76.19,2,0,1,13,0,3,10,1,4,1
3825615,José Alberto Cañas Ruiz Herrera,90,82,91.11,0,0,2,15,4,10,4,1,3,2
3825615,Alejandro Menéndez Díez,27,21,77.78,4,1,2,16,1,5,8,1,1,1
3825615,Anaitz Arbilla Zabala,77,63,81.82,2,0,5,17,2,4,2,2,1,3
3825615,Luis Hernández Rodríguez,67,52,77.61,2,0,1,8,4,4,1,0,1,1
3825615,Jonathan Rodríguez Menéndez,24,15,62.5,0,0,2,10,0,4,4,1,2,1
3825615,Ignacio Cases Mora,52,45,86.54,0,0,2,24,3,3,6,1,4,3
3825615,Roberto Canella Suárez,58,41,70.69,0,0,1,18,4,3,6,3,0,1
3825615,Alen Halilović,28,22,78.57,2,1,4,7,0,8,1,1,2,1
3825615,Alberto Lora Ramos,39,33,84.62,0,0,1,19,2,6,3,3,3,2
3825615,Enzo Pablo Roco Roco,32,25,78.12,0,0,0,11,1,3,1,1,0,2
3825615,Pau López Sabata,25,17,68.0,0,0,0,0,0,7,0,0,0,0
3825615,Alberto García Cabrera,34,12,35.29,0,0,0,0,0,4,0,0,1,0
3825615,Víctor Guillermo Álvarez Delgado,17,11,64.71,0,0,2,7,1,0,0,2,1,1
3825615,Rubén Duarte Sánchez,58,46,79.31,1,0,0,20,2,5,5,1,0,3
3825615,Jorge Franco Alviz,22,17,77.27,1,0,1,7,0,2,0,1,0,1
3825615,Gerard Moreno Balaguero,6,2,33.33,1,0,1,5,0,0,0,1,1,1
3825615,Miguel Ángel Guerrero Martín,5,2,40.0,0,0,1,11,0,0,6,0,0,2
3825615,Omar Mascarell González,8,7,87.5,0,0,0,7,0,0,2,1,1,2
3825615,Pablo Pérez Rodríguez,1,1,100.0,1,0,0,5,1,2,0,0,0,1
3825615,Salvador Sevilla López,3,2,66.67,0,0,0,0,0,0,0,0,0,0
3825613,Álvaro Vázquez García,12,8,66.67,1,0,1,7,1,1,2,1,2,1
3825613,Álvaro Medrán Just,23,16,69.57,2,0,1,12,1,4,3,1,2,2
3825613,Damián Nicolás Suárez Suárez,50,37,74.0,0,0,0,11,3,6,6,3,2,4
3825613,Sergi Gómez Solà,78,68,87.18,0,0,0,17,5,2,4,0,0,0
3825613,Santiago Vergini,25,18,72.0,0,0,2,7,5,6,2,2,0,4
3825613,Iago Aspas Juncal,19,14,73.68,2,0,2,12,1,2,6,1,1,2
3825613,Jonathan Castro Otto,65,49,75.38,0,0,3,27,2,8,4,1,1,0
3825613,Daniel Wass,65,46,70.77,1,0,1,11,1,2,3,3,3,1
3825613,Gustavo Daniel Cabral Cáceres,77,70,90.91,2,0,1,12,4,4,7,0,1,2
3825613,Hugo Mallo Novegil,60,44,73.33,0,0,0,16,2,10,5,3,1,1
3825613,Sergio Álvarez Conde,35,28,80.0,0,0,0,1,0,3,0,0,0,0
3825613,Pedro Pablo Hernández,49,40,81.63,3,0,3,29,3,6,10,2,7,4
3825613,Alexis Ruano Delgado,21,11,52.38,0,0,0,0,2,2,0,1,2,1
3825613,Vicente Guaita Panadero,29,12,41.38,0,0,0,1,0,3,0,0,0,0
3825613,Carlos Martín Vigaray,30,21,70.0,0,0,4,9,3,3,9,1,1,1
3825613,Nemanja Radoja,62,55,88.71,0,0,1,23,1,4,3,1,0,1
3825613,Víctor Rodríguez Romero,31,24,77.42,2,0,1,13,2,8,5,1,0,0
3825613,Juan Antonio Rodríguez Villamuela,21,18,85.71,0,0,1,25,6,2,5,3,1,6
3825613,Pablo Sarabia García,32,19,59.38,0,0,2,13,2,2,2,0,0,1
3825613,Manuel Agudo Durán,49,27,55.1,6,0,5,15,1,6,3,1,5,3
3825613,Ángel Lafita Castillo,22,13,59.09,3,0,2,11,1,5,8,0,2,0
3825613,Fabián Ariel Orellana Valenzuela,44,31,70.45,3,0,3,12,1,7,4,0,1,0
3825613,Stefan Šćepović,5,4,80.0,1,0,0,6,0,1,3,0,0,1
3825613,John Guidetti,2,2,100.0,1,0,0,3,0,0,1,0,0,0
3825613,Emiliano Buendía,2,0,0.0,0,0,1,8,0,3,1,0,0,0
3825613,Moisés Gómez Bordonado,2,1,50.0,0,0,0,5,1,0,2,1,0,0
3825613,Théo Bongonda Mbul''Ofeko Batombo,2,0,0.0,0,0,0,0,0,0,0,0,0,0
3825610,Alen Halilović,61,54,88.52,3,0,4,8,1,4,1,2,2,0
3825610,Carlos Castro García,17,15,88.24,2,1,0,5,0,2,7,0,1,1
3825610,Sergio Álvarez Díaz,65,58,89.23,0,0,0,29,2,5,13,1,0,4
3825610,Alberto Lora Ramos,59,49,83.05,0,0,0,7,3,4,5,1,2,0
3825610,Luis Hernández Rodríguez,42,35,83.33,2,0,0,2,4,2,1,0,1,0
3825610,Jorge Meré Pérez,47,35,74.47,0,0,0,7,0,3,3,0,0,1
3825610,Ignacio Cases Mora,71,61,85.92,3,0,1,23,1,7,3,1,0,5
3825610,Jonathan Rodríguez Menéndez,31,21,67.74,2,0,2,14,2,4,0,2,2,0
3825610,Francisco Portillo Soler,61,52,85.25,0,0,2,15,2,2,2,1,3,2
3825610,Ismael López Blanco,41,32,78.05,0,0,0,13,0,6,4,2,0,2
3825610,Daniel Ceballos Fernández,41,36,87.8,1,0,2,17,2,5,1,0,2,1
3825610,Bruno González Cabrera,26,22,84.62,0,0,0,14,4,3,3,0,1,1
3825610,Alejandro Menéndez Díez,68,45,66.18,3,0,4,20,5,6,8,2,1,0
3825610,Heiko Westermann,27,23,85.19,1,0,0,7,1,1,1,1,0,1
3825610,Joaquín Sánchez Rodríguez,49,41,83.67,2,1,5,9,0,4,3,2,1,0
3825610,Alfred John Momar N''Diaye,38,33,86.84,0,0,2,23,2,6,3,4,1,1
3825610,Antonio Adán Garrido,33,15,45.45,0,0,0,0,0,4,0,0,0,0
3825610,Francisco Miguel Varela Martín,27,20,74.07,1,0,1,13,0,4,2,1,0,1
3825610,Álvaro Cejudo Carmona,38,27,71.05,3,0,3,16,1,8,3,2,2,2
3825610,Cristiano Piccini,60,51,85.0,0,0,1,14,3,3,7,1,0,2
3825610,Alberto García Cabrera,29,18,62.07,0,0,0,0,0,4,0,0,0,0
3825610,Rubén Castro Martín,22,19,86.36,4,1,0,6,1,2,6,1,3,0
3825610,Miguel Ángel Guerrero Martín,6,4,66.67,3,0,0,3,1,0,2,0,1,0
3825610,Petros Matheus dos Santos Araújo,16,13,81.25,0,0,0,8,0,0,0,2,0,0
3825610,Juan Muñiz Gallego,13,9,69.23,0,0,0,1,0,0,4,1,2,0
3825610,Jorge Molina Vidal,8,4,50.0,1,0,0,2,0,1,2,0,1,0
3825610,Pablo Pérez Rodríguez,14,14,100.0,1,0,0,3,1,2,1,1,0,1
3825610,Xavier Torres Buigues,3,3,100.0,0,0,0,1,0,0,0,1,0,1
3825606,Adnane Tighadouini,20,12,60.0,1,0,5,7,0,3,3,0,1,0
3825606,Nordin Amrabat,19,14,73.68,4,0,2,12,1,7,3,0,4,3
3825606,Fernando Damián Tissone,30,25,83.33,1,0,3,14,0,4,1,2,0,1
3825606,Weligton Róbson Pena de Oliveira,23,13,56.52,0,0,1,7,3,5,2,4,0,1
3825606,Marcos Alberto Angeleri,11,11,100.0,1,0,0,11,1,2,4,3,0,1
3825606,Roberto José Rosales Altuve,44,39,88.64,0,0,0,8,4,3,5,4,2,1
3825606,José Ignacio Fernández Iglesias,45,44,97.78,1,0,0,8,0,3,2,6,0,1
3825606,Francisco Román Alarcón Suárez,71,59,83.1,5,0,6,7,0,4,0,0,0,1
3825606,Toni Kroos,107,99,92.52,1,0,0,18,2,7,1,1,1,0
3825606,Pablo Fornals Malla,23,18,78.26,1,0,1,16,1,2,1,0,0,0
3825606,José Luis García del Pozo,32,27,84.38,1,0,2,12,1,6,1,1,2,1
3825606,Luka Modrić,91,79,86.81,2,0,0,6,1,5,2,1,1,0
3825606,Raphaël Varane,45,40,88.89,1,0,0,7,3,4,4,2,2,4
3825606,Keylor Navas Gamboa,27,23,85.19,0,0,0,0,0,3,0,0,1,0
3825606,Karim Benzema,23,17,73.91,4,0,1,2,0,2,3,0,1,1
3825606,Daniel Carvajal Ramos,106,87,82.08,0,0,1,6,3,7,3,2,0,1
3825606,Marcelo Vieira da Silva Júnior,106,92,86.79,0,0,4,4,3,9,0,3,2,3
3825606,Jesé Rodríguez Ruiz,36,26,72.22,3,0,1,3,1,2,4,1,2,0
3825606,Miguel Torres Gómez,29,23,79.31,0,0,1,14,1,1,4,4,0,1
3825606,Cristiano Ronaldo dos Santos Aveiro,34,29,85.29,14,0,2,0,0,0,2,1,1,1
3825606,Juan Carlos Pérez López,27,18,66.67,1,0,2,9,1,2,3,4,1,1
3825606,Idriss Carlos Kameni,47,27,57.45,0,0,0,0,0,5,0,0,0,0
3825606,Mateo Kovačić,26,22,84.62,0,0,0,1,0,3,1,1,0,0
3825606,Juan Pablo Añor Acosta,6,6,100.0,1,0,2,4,0,3,1,1,1,0
3825606,Ricardo Jorge Luz Horta,5,3,60.0,1,0,0,5,0,0,2,0,0,1
3825605,Tiago Manuel Dias Correia,24,17,70.83,4,1,4,14,0,3,6,2,2,1
3825605,Javier Guerra Rodríguez,23,21,91.3,2,1,5,9,0,1,3,1,3,2
3825605,Jozabed Sánchez Ruiz,37,33,89.19,2,0,3,10,0,5,0,1,2,1
3825605,José Ignacio Martínez García,60,47,78.33,2,0,0,15,1,4,2,1,0,2
3825605,Antonio Amaya Carazo,45,36,80.0,0,0,1,8,3,0,3,1,0,2
3825605,Antonio Rodríguez Martínez,39,28,71.79,0,0,0,0,0,6,0,0,0,0
3825605,Kevin Gameiro,24,17,70.83,3,1,0,17,0,4,2,1,3,1
3825605,Benoît Trémoulinas,47,38,80.85,1,0,1,5,1,5,1,3,2,0
3825605,Timothée Kolodziejczak,52,41,78.85,0,0,0,10,3,3,2,0,1,1
3825605,Marco Andreolli,42,38,90.48,1,0,0,5,3,2,1,0,1,0
3825605,Adrián Embarba Blázquez,21,17,80.95,0,0,4,9,1,2,2,0,1,1
3825605,Diego Javier Llorente Ríos,43,36,83.72,0,0,1,7,4,3,6,4,1,3
3825605,Michael Krohn-Dehli,50,36,72.0,2,0,0,16,2,5,6,2,0,1
3825605,José Antonio Reyes Calderón,48,25,52.08,1,0,2,43,0,7,4,2,6,2
3825605,Roberto Trashorras Gayoso,67,58,86.57,2,0,1,7,3,8,3,1,1,2
3825605,José Raúl Baena Urdiales,32,28,87.5,1,0,2,22,3,6,2,0,1,3
3825605,Vicente Iborra De La Fuente,27,13,48.15,2,0,1,7,0,2,4,2,1,2
3825605,Grzegorz Krychowiak,52,41,78.85,1,0,2,17,2,2,4,2,2,1
3825605,Steven N''Kemboanza Mike Christopher Nzonzi,25,22,88.0,2,1,0,23,2,2,3,1,0,2
3825605,Jorge Andújar Moreno,36,30,83.33,2,0,4,10,1,3,6,1,1,1
3825605,Sergio Rico González,37,24,64.86,0,0,0,0,0,4,0,0,0,0
3825605,Răzvan Dincă Raț,54,35,64.81,2,0,0,4,3,2,2,2,0,1
3825605,Yevhen Konoplyanka,3,3,100.0,2,1,0,4,0,0,0,0,0,0
3825605,Alhassane Bangoura,7,4,57.14,2,0,4,5,0,0,3,1,0,1
3825605,Mariano Ferreira Filho,8,7,87.5,1,0,1,4,0,2,0,3,0,0
3825605,Sebastián Carlos Cristóforo Pepe,5,5,100.0,0,0,1,5,0,1,1,1,1,0
3825605,Alberto Mateus Contreiras Gonçalves,4,2,50.0,1,0,0,1,0,0,0,0,0,1
3825605,José Antonio Dorado Ramírez,2,2,100.0,0,0,0,2,0,0,1,1,0,0
3825604,Youssef El-Arabi,21,17,80.95,3,0,4,19,0,5,4,0,6,2
3825604,Javier Márquez Moreno,30,24,80.0,3,0,0,9,0,3,3,0,1,1
3825604,David Rodríguez Lombán,33,29,87.88,0,0,0,8,1,2,3,4,0,1
3825604,Francisco Alcácer García,27,21,77.78,2,0,2,14,0,3,6,1,2,0
3825604,Hugo Miguel Almeida Costa Lopes,64,49,76.56,0,0,4,17,2,9,8,5,1,4
3825604,Zakaria Bakkali,35,20,57.14,0,0,8,9,0,6,3,0,2,0
3825604,Isaac Ajayi Success,20,13,65.0,1,0,1,9,1,6,2,0,2,2
3825604,Lucas Alfonso Orbán Alegre,38,31,81.58,0,0,1,21,6,6,7,0,4,5
3825604,Enzo Nicolás Pérez,21,18,85.71,1,0,0,14,0,5,1,0,2,4
3825604,Álvaro Negredo Sánchez,33,20,60.61,4,0,5,6,0,5,4,1,2,0
3825604,Francisco Manuel Rico Castro,56,45,80.36,0,0,2,8,3,5,3,1,2,4
3825604,Rene Krhin,42,35,83.33,1,0,2,19,3,5,6,1,0,2
3825604,Rubén Rochina Naixes,42,26,61.9,4,0,1,13,1,3,5,3,4,1
3825604,Daniel Parejo Muñoz,43,38,88.37,0,0,7,20,2,9,4,2,5,3
3825604,Shkodran Mustafi,30,23,76.67,2,1,1,12,1,4,2,3,0,4
3825604,Sofiane Feghouli,32,22,68.75,1,0,2,12,0,5,5,1,2,2
3825604,Cristiano Biraghi,31,19,61.29,1,0,0,4,3,4,1,0,0,2
3825604,Rúben Miguel Nunes Vezo,32,26,81.25,1,0,1,8,3,8,1,0,0,3
3825604,Jaume Doménech Sánchez,25,16,64.0,0,0,0,0,0,4,0,0,1,0
3825604,Matheus Dória Macedo,21,12,57.14,2,0,0,11,0,5,5,2,0,1
3825604,Andrés Eduardo Fernández Moreno,21,16,76.19,0,0,0,0,0,2,0,1,2,0
3825604,João Pedro Cavaco Cancelo,39,29,74.36,0,0,4,4,2,2,2,0,0,2
3825604,Pablo Daniel Piatti,15,11,73.33,0,0,6,12,2,5,4,2,3,0
3825604,Thievy Guivane Bifouma Koulossa,16,12,75.0,0,0,3,3,0,1,2,0,1,1
3825604,Uche Henry Agbo,16,14,87.5,0,0,1,6,1,1,3,0,0,2
3825604,Javier Fuego Martínez,9,8,88.89,0,0,0,7,0,0,3,2,0,0
3825604,Nicolás Federico López Alonso,8,5,62.5,3,0,5,4,0,4,1,0,1,0
3825604,Rodrigo Moreno Machado,1,0,0.0,1,0,1,4,0,0,1,0,0,0
3825603,Jonathan Javier Rodríguez Portillo,7,7,100.0,3,0,2,12,0,1,6,0,0,3
3825603,Fayçal Fajr,32,23,71.88,1,1,0,20,2,2,2,5,1,0
3825603,Pedro Mosquera Parada,40,30,75.0,2,0,1,30,0,6,4,3,0,7
3825603,Laureano Sanabria Ruiz,49,29,59.18,0,0,3,12,4,2,4,2,1,4
3825603,Alejandro Arribas Garrido,24,11,45.83,0,0,0,8,0,2,3,2,0,1
3825603,Heiko Westermann,72,59,81.94,0,0,1,13,2,4,5,0,3,1
3825603,Petros Matheus dos Santos Araújo,60,55,91.67,2,1,3,25,1,7,5,1,3,0
3825603,Federico Nicolás Cartabia,31,25,80.65,3,1,3,19,2,6,3,2,4,2
3825603,Rafael van der Vaart,27,19,70.37,0,0,2,11,0,2,1,2,3,0
3825603,Luis Carlos Correia Pinto,25,18,72.0,0,0,3,26,1,3,3,2,2,5
3825603,Bruno González Cabrera,63,47,74.6,1,0,2,12,5,5,4,0,1,1
3825603,Fernando Navarro i Corbacho,49,37,75.51,0,0,1,7,4,2,4,1,1,3
3825603,Xavier Torres Buigues,56,45,80.36,0,0,0,11,2,4,5,0,1,3
3825603,Antonio Adán Garrido,30,19,63.33,0,0,0,0,0,4,0,0,0,0
3825603,Juan Manuel Vargas Risco,61,47,77.05,1,0,1,8,1,4,4,2,1,1
3825603,Cristiano Piccini,57,45,78.95,2,0,4,8,2,11,3,0,2,2
3825603,Jorge Molina Vidal,17,13,76.47,0,0,0,8,0,1,4,1,1,1
3825603,Joaquín Sánchez Rodríguez,36,26,72.22,0,0,3,10,0,2,2,0,6,3
3825603,Sidnei Rechel da Silva Júnior,28,21,75.0,0,0,0,8,3,2,2,0,1,0
3825603,Juan Domínguez Lamas,22,16,72.73,0,0,0,16,1,3,8,1,0,2
3825603,Germán Darío Lux,33,17,51.52,0,0,0,0,0,7,0,0,0,0
3825603,Rubén Castro Martín,29,21,72.41,2,0,0,12,0,2,4,1,3,0
3825603,Daniel Ceballos Fernández,36,27,75.0,0,0,1,12,0,5,1,1,3,1
3825603,Ricky van Wolfswinkel,7,5,71.43,1,0,1,6,0,1,3,1,1,1
3825603,Celso Borges Mora,18,15,83.33,0,0,0,4,0,0,2,0,1,0
3825603,Lucas Pérez Martínez,8,6,75.0,0,0,1,9,0,3,2,0,2,1
3825603,Juan Francisco Moreno Fuertes,11,7,63.64,0,0,4,5,2,0,2,0,1,1
3825603,Vincenzo Renato Rennella,10,9,90.0,0,0,0,3,0,4,1,0,1,0
3825602,Karim Benzema,28,25,89.29,9,2,1,7,1,4,3,0,0,4
3825602,Kléper Laveran Lima Ferreira,53,41,77.36,1,0,1,9,0,7,6,2,2,1
3825602,Cristiano Ronaldo dos Santos Aveiro,41,32,78.05,4,0,5,8,1,4,3,1,1,1
3825602,Mateo Kovačić,69,61,88.41,2,0,3,12,3,5,5,2,1,1
3825602,Marcelo Vieira da Silva Júnior,75,53,70.67,0,0,4,2,4,2,1,0,1,0
3825602,Daniel Carvajal Ramos,56,49,87.5,1,0,1,7,4,5,5,1,2,0
3825602,Toni Kroos,83,80,96.39,1,0,0,18,4,5,4,3,0,1
3825602,Raphaël Varane,55,48,87.27,2,0,1,4,3,0,2,1,1,0
3825602,Gorka Iraizoz Moreno,32,22,68.75,0,0,0,0,0,10,0,0,0,0
3825602,Mikel San José Domínguez,34,28,82.35,0,0,0,12,2,3,2,2,0,1
3825602,Raúl García Escudero,38,33,86.84,4,0,0,18,4,6,6,4,2,4
3825602,Beñat Etxebarria Urkiaga,61,43,70.49,0,0,0,22,1,5,2,1,2,3
3825602,Francisco Román Alarcón Suárez,32,24,75.0,1,0,3,9,1,3,2,1,4,1
3825602,Mikel Balenziaga Oruesagasti,46,41,89.13,0,0,1,13,2,4,2,4,0,1
3825602,Aymeric Laporte,52,43,82.69,0,0,3,11,3,5,5,2,1,1
3825602,Sabin Merino Zuloaga,27,19,70.37,3,1,1,16,0,2,3,1,0,2
3825602,Aritz Aduriz Zubeldia,19,12,63.16,5,0,1,11,0,2,6,3,1,2
3825602,Keylor Navas Gamboa,23,13,56.52,0,0,0,0,0,3,0,0,1,0
3825602,Xabier Etxeita Gorritxategi,43,35,81.4,0,0,0,13,3,3,5,3,0,0
3825602,Luka Modrić,68,64,94.12,1,0,1,11,1,7,8,2,4,1
3825602,Óscar de Marcos Arana,60,50,83.33,0,0,0,15,2,7,1,1,1,3
3825602,Markel Susaeta Laskurain,38,29,76.32,1,0,3,13,0,3,1,4,1,2
3825602,Mikel Rico Moreno,15,11,73.33,0,0,0,9,1,1,3,1,0,0
3825602,Jesé Rodríguez Ruiz,7,4,57.14,0,0,0,1,1,1,0,0,1,0
3825602,Ibai Gómez Pérez,7,3,42.86,0,0,0,1,0,0,0,0,0,1
3825602,Carlos Henrique Casimiro,10,8,80.0,0,0,0,4,1,1,2,1,2,0
3825602,Enrique Sola Clemente,0,0,0.0,0,0,0,0,0,0,2,0,0,0
3825602,Lucas Vázquez Iglesias,2,1,50.0,0,0,0,1,0,1,0,0,0,0
3825600,Charles Días Barbosa de Oliveira,28,22,78.57,3,0,0,8,1,2,7,0,1,2
3825600,Sérgio Paulo Barbosa Valente,59,37,62.71,3,0,3,9,0,4,9,2,2,0
3825600,Fernando Damián Tissone,64,50,78.12,1,0,0,13,0,10,3,1,1,3
3825600,Juan Pablo Añor Acosta,24,20,83.33,0,0,2,9,2,0,5,0,3,1
3825600,Tomás Pina Isla,30,25,83.33,0,0,0,12,1,5,1,0,0,2
3825600,Roberto José Rosales Altuve,73,56,76.71,0,0,2,6,1,7,4,2,3,2
3825600,Denis Suárez Fernández,32,18,56.25,2,0,5,27,1,4,3,1,2,3
3825600,Bojan Jokić,36,23,63.89,0,0,0,12,2,3,5,6,1,0
3825600,Leonardo Carrilho Baptistão,21,12,57.14,4,0,6,19,1,4,9,1,0,2
3825600,Adrián López Álvarez,1,1,100.0,0,0,0,0,0,0,0,0,0,0
3825600,Arthur Etienne Boka,73,51,69.86,0,0,2,3,3,5,1,1,1,2
3825600,Jonathan dos Santos Ramírez,37,29,78.38,0,0,0,30,2,8,4,2,3,4
3825600,Alphonse Areola,31,11,35.48,0,0,0,0,0,4,0,0,0,0
3825600,Eric Bertrand Bailly,25,21,84.0,0,0,0,9,3,6,2,2,2,2
3825600,Marcos Alberto Angeleri,42,30,71.43,0,0,0,10,1,5,3,3,0,1
3825600,José Luis García del Pozo,55,47,85.45,1,0,2,9,1,6,6,2,1,4
3825600,Samuel García Sánchez,39,28,71.79,0,0,1,18,0,3,8,2,3,0
3825600,Antonio Rukavina,47,34,72.34,0,0,1,22,0,4,9,2,1,1
3825600,Ricardo Jorge Luz Horta,23,17,73.91,1,0,4,7,0,2,5,3,0,1
3825600,Weligton Róbson Pena de Oliveira,63,41,65.08,0,0,0,14,3,3,5,2,1,3
3825600,Mario Gaspar Pérez Martínez,27,14,51.85,1,0,0,8,1,5,5,4,0,1
3825600,Idriss Carlos Kameni,29,17,58.62,0,0,0,0,0,6,0,0,0,0
3825600,Matías Nahuel Leiva Esquivel,21,10,47.62,2,0,6,27,0,4,5,2,4,1
3825600,Duje Čop,14,11,78.57,3,0,1,2,0,1,1,0,1,0
3825600,Bruno Soriano Llido,23,17,73.91,0,0,0,3,1,6,0,0,0,0
3825600,Manuel Trigueros Muñoz,15,12,80.0,0,0,0,5,0,2,0,1,1,0
3825600,Adnane Tighadouini,9,8,88.89,3,0,7,1,0,5,1,0,1,0
3825600,Juan Carlos Pérez López,2,1,50.0,0,0,0,2,0,0,0,0,0,1
3825599,Felipe Salvador Caicedo Corozo,22,18,81.82,1,0,7,24,0,0,7,0,3,3
3825599,Marco Asensio Willemsen,39,28,71.79,4,0,2,14,0,3,4,0,2,3
3825599,Álvaro González Soberón,31,28,90.32,2,0,2,5,0,1,3,0,0,2
3825599,Hernán Arsenio Pérez González,33,25,75.76,3,0,12,20,4,5,2,3,3,5
3825599,José Luis Gayà Peña,34,29,85.29,0,0,1,13,1,3,7,1,0,1
3825599,Javier Fuego Martínez,64,56,87.5,0,0,0,23,1,2,3,4,4,1
3825599,José Alberto Cañas Ruiz Herrera,48,36,75.0,0,0,0,14,2,6,4,2,2,1
3825599,Víctor Sánchez Mata,32,25,78.12,1,0,0,30,1,4,6,1,1,2
3825599,Danilo Barbosa da Silva,35,25,71.43,2,0,0,18,1,3,2,2,1,2
3825599,Rubén Duarte Sánchez,33,26,78.79,1,0,0,16,2,2,6,3,1,2
3825599,Anaitz Arbilla Zabala,68,53,77.94,1,0,1,17,2,7,6,0,3,1
3825599,Aymen Abdennour,47,40,85.11,1,0,0,9,2,2,1,1,1,0
3825599,João Pedro Cavaco Cancelo,49,39,79.59,1,0,2,12,2,3,5,4,0,0
3825599,Aderllan Leandro de Jesus Santos,45,34,75.56,0,0,0,10,1,3,5,3,1,1
3825599,Jaume Doménech Sánchez,26,16,61.54,0,0,0,0,0,2,0,0,0,0
3825599,Rodrigo Moreno Machado,22,17,77.27,2,0,2,13,2,4,6,2,1,3
3825599,Zakaria Bakkali,17,10,58.82,2,0,5,8,0,3,2,0,1,3
3825599,Enzo Nicolás Pérez,45,35,77.78,1,0,1,18,0,3,7,3,7,5
3825599,Pau López Sabata,27,15,55.56,0,0,0,0,0,5,0,0,0,0
3825599,Enzo Pablo Roco Roco,30,24,80.0,0,0,0,2,0,3,0,1,0,0
3825599,Víctor Guillermo Álvarez Delgado,23,17,73.91,1,1,6,12,3,7,5,2,0,1
3825599,Santiago Mina Lorenzo,14,9,64.29,0,0,2,10,0,4,1,2,2,1
3825599,Sofiane Feghouli,12,8,66.67,0,0,2,6,0,1,2,0,0,0
3825599,Francisco Alcácer García,4,3,75.0,1,0,1,6,0,0,1,0,0,0
3825599,Pablo Daniel Piatti,11,7,63.64,0,0,2,11,0,0,3,1,0,0
3825599,Jorge Franco Alviz,8,6,75.0,2,0,1,2,0,3,1,0,0,0
3825599,Gerard Moreno Balaguero,4,2,50.0,1,0,2,8,0,0,0,1,0,0
3825599,Papa Kouly Diop,3,3,100.0,2,0,0,1,0,1,1,0,0,1
3825597,Javier Guerra Rodríguez,22,14,63.64,4,1,0,10,0,3,6,1,3,2
3825597,Roberto Trashorras Gayoso,65,52,80.0,1,0,1,11,2,10,3,1,4,2
3825597,Răzvan Dincă Raț,55,42,76.36,1,0,0,9,5,3,2,1,0,1
3825597,Roque Mesa Quevedo,37,28,75.68,2,0,3,14,1,6,6,0,2,2
3825597,Antonio Amaya Carazo,40,24,60.0,0,0,1,8,2,2,2,2,0,4
3825597,Antonio Rodríguez Martínez,44,25,56.82,0,0,0,0,0,14,0,0,1,1
3825597,Jonathan Viera Ramos,36,20,55.56,4,0,4,17,0,3,3,2,4,0
3825597,Adrián Embarba Blázquez,22,15,68.18,1,0,1,11,0,4,9,0,1,3
3825597,Pedro Bigas Rigo,46,29,63.04,0,0,1,22,5,2,6,2,2,1
3825597,José Ignacio Martínez García,50,26,52.0,1,0,1,9,2,4,7,5,1,2
3825597,Aythami Artiles Oliva,40,31,77.5,0,0,0,11,0,6,3,3,0,1
3825597,Sergio Ezequiel Araújo,24,15,62.5,0,0,2,14,0,4,6,6,2,1
3825597,José Raúl Baena Urdiales,26,18,69.23,0,0,0,24,1,7,7,7,2,2
3825597,Dani Castellano Betancor,32,23,71.88,1,0,2,22,5,3,5,2,3,1
3825597,Hernán Daniel Santana Trujillo,28,23,82.14,0,0,1,9,1,6,1,0,0,3
3825597,Diego Javier Llorente Ríos,22,17,77.27,0,0,0,6,1,4,4,0,1,1
3825597,Antolín Alcáraz Viveros,48,36,75.0,0,0,0,10,4,3,6,3,0,0
3825597,David Simón Rodríguez Santana,59,42,71.19,1,0,3,12,3,7,5,2,2,1
3825597,Tiago Manuel Dias Correia,24,12,50.0,3,0,5,9,1,6,9,4,0,3
3825597,Pablo Hernández Domínguez,34,24,70.59,2,0,0,13,1,2,4,1,0,0
3825597,Juan Emmanuel Culio,23,17,73.91,0,0,2,20,1,4,5,5,4,1
3825597,Raúl Lizoáin Cruz,36,15,41.67,0,0,0,0,0,3,0,0,0,0
3825597,Jozabed Sánchez Ruiz,14,13,92.86,2,0,3,7,0,2,1,0,1,2
3825597,Mubarak Wakaso,12,7,58.33,0,0,2,12,0,2,3,2,1,4
3825597,Nabil El Zhar,9,4,44.44,0,0,1,8,1,2,2,0,1,0
3825597,Willian José da Silva,5,2,40.0,0,0,0,0,0,0,3,1,0,0
3825597,Alberto Mateus Contreiras Gonçalves,13,7,53.85,1,0,2,5,0,2,2,1,0,0
3825597,Joaquín José Marín Ruiz,2,2,100.0,1,0,1,0,0,1,1,0,0,0
3825596,Fayçal Fajr,50,39,78.0,2,0,1,12,0,3,2,0,2,1
3825596,Lucas Pérez Martínez,42,27,64.29,4,0,2,13,0,3,3,1,3,2
3825596,Pedro Mosquera Parada,83,69,83.13,4,0,1,23,3,8,10,2,4,1
3825596,Celso Borges Mora,47,40,85.11,1,0,1,11,1,3,3,1,0,0
3825596,Alejandro Arribas Garrido,64,52,81.25,1,0,1,10,2,6,4,2,2,3
3825596,Laureano Sanabria Ruiz,75,61,81.33,0,0,1,10,2,11,10,5,2,1
3825596,Bernardo José Espinosa Zúñiga,30,20,66.67,0,0,0,11,5,3,5,5,0,1
3825596,Juan Francisco Moreno Fuertes,28,20,71.43,1,1,1,9,1,5,2,1,2,0
3825596,Luis Hernández Rodríguez,36,31,86.11,0,0,1,5,5,0,1,1,0,0
3825596,Roberto Canella Suárez,24,18,75.0,0,0,0,11,6,2,2,3,0,2
3825596,Ignacio Cases Mora,39,33,84.62,1,0,0,18,2,4,4,2,2,2
3825596,Sergio Álvarez Díaz,41,23,56.1,0,0,2,28,1,4,7,3,3,3
3825596,Luis Alberto Romero Alconchel,46,27,58.7,5,1,3,12,0,8,5,1,3,1
3825596,Fernando Navarro i Corbacho,47,25,53.19,0,0,0,5,2,3,1,0,0,0
3825596,Alejandro Menéndez Díez,27,9,33.33,1,1,5,16,2,3,6,3,0,3
3825596,Alberto Lora Ramos,44,31,70.45,0,0,2,11,1,3,3,2,1,1
3825596,Alen Halilović,22,18,81.82,1,0,3,6,0,1,1,2,0,1
3825596,Alberto García Cabrera,33,17,51.52,0,0,0,0,0,6,0,0,0,0
3825596,Arnaldo Antonio Sanabria Ayala,20,16,80.0,2,2,2,14,0,4,6,1,2,1
3825596,Germán Darío Lux,25,20,80.0,0,0,0,0,0,5,0,0,0,0
3825596,Sidnei Rechel da Silva Júnior,44,38,86.36,0,0,0,5,0,7,6,0,1,1
3825596,Miguel Ángel Guerrero Martín,19,17,89.47,0,0,2,15,1,3,3,1,0,6
3825596,Jonathan Javier Rodríguez Portillo,5,4,80.0,1,0,0,7,0,0,1,0,0,1
3825596,Luis Carlos Correia Pinto,20,15,75.0,0,0,1,2,0,2,2,0,2,1
3825596,Carlos Carmona Bonet,9,7,77.78,0,0,0,10,1,3,2,3,2,1
3825596,Pablo Pérez Rodríguez,3,0,0.0,0,0,1,6,1,1,0,0,1,1
3825596,Federico Nicolás Cartabia,7,4,57.14,1,0,0,6,1,0,1,0,1,1
3825596,Omar Mascarell González,7,7,100.0,0,0,0,2,1,1,2,0,0,0
3825594,Éver Maximiliano David Banega,28,24,85.71,1,0,0,13,1,3,1,0,0,1
3825594,Steven N''Kemboanza Mike Christopher Nzonzi,39,29,74.36,0,0,0,21,1,2,6,2,1,2
3825594,Víctor Machín Pérez,13,9,69.23,0,0,1,9,0,2,2,0,0,0
3825594,Jonathan Castro Otto,59,49,83.05,0,0,2,20,3,2,13,1,0,2
3825594,Mariano Ferreira Filho,46,32,69.57,1,0,1,9,2,4,4,0,0,4
3825594,Augusto Matías Fernández,50,48,96.0,1,0,0,23,4,6,5,0,1,2
3825594,José Antonio Reyes Calderón,28,17,60.71,2,0,2,15,0,5,3,1,3,2
3825594,Sergi Gómez Solà,48,42,87.5,0,0,0,15,3,0,8,1,0,1
3825594,Kevin Gameiro,17,9,52.94,3,0,2,16,0,5,4,0,4,0
3825594,Hugo Mallo Novegil,56,46,82.14,0,0,1,19,2,7,5,3,0,2
3825594,Pedro Pablo Hernández,36,33,91.67,0,0,0,11,0,2,10,0,3,3
3825594,Manuel Agudo Durán,43,30,69.77,3,1,7,11,5,5,2,3,6,0
3825594,Iago Aspas Juncal,24,19,79.17,2,0,0,18,0,1,3,1,1,5
3825594,Jorge Andújar Moreno,38,30,78.95,0,0,4,13,2,4,1,2,0,2
3825594,Daniel Wass,53,44,83.02,4,1,0,16,1,1,2,0,2,2
3825594,Grzegorz Krychowiak,32,28,87.5,0,0,2,16,3,6,5,0,5,2
3825594,Gustavo Daniel Cabral Cáceres,39,37,94.87,1,0,0,4,2,3,1,2,0,1
3825594,Fabián Ariel Orellana Valenzuela,40,31,77.5,3,0,7,11,1,5,4,0,5,0
3825594,Marco Andreolli,36,31,86.11,0,0,0,6,2,3,3,5,0,1
3825594,Sergio Rico González,30,23,76.67,0,0,0,0,1,6,0,0,1,0
3825594,Timothée Kolodziejczak,47,36,76.6,0,0,0,10,3,6,6,2,0,2
3825594,Sergio Álvarez Conde,40,15,37.5,0,0,0,0,0,6,0,0,0,0
3825594,Michael Krohn-Dehli,32,23,71.88,3,0,3,11,1,2,1,1,2,2
3825594,Fernando Llorente Torres,21,14,66.67,3,1,1,10,3,2,3,1,0,2
3825594,Andreu Fontàs Prat,7,6,85.71,0,0,0,2,0,2,1,2,0,0
3825594,Nemanja Radoja,8,8,100.0,0,0,0,2,1,5,1,0,1,0
3825594,Yevhen Konoplyanka,7,4,57.14,0,0,2,6,0,2,2,0,1,0
3825594,John Guidetti,5,4,80.0,1,0,1,3,1,1,1,0,1,0
3825593,Jackson Arley Martínez Valencia,19,17,89.47,3,0,1,6,1,5,2,1,1,0
3825593,Jorge Resurrección Merodio,58,46,79.31,1,0,2,2,1,4,1,2,1,0
3825593,Tiago Cardoso Mendes,90,77,85.56,0,0,0,13,3,4,5,5,1,1
3825593,Gabriel Fernández Arenas,94,81,86.17,0,0,1,14,1,8,8,6,3,0
3825593,Adrián González Morales,45,33,73.33,0,0,3,13,0,4,2,3,0,2
3825593,Daniel García Carrillo,68,57,83.82,1,0,1,21,0,10,3,3,0,4
3825593,Saúl Berjón Pérez,32,19,59.38,3,0,4,5,0,7,0,1,0,1
3825593,Sergio Enrich Ametller,38,27,71.05,3,0,1,16,1,7,7,1,2,2
3825593,José María Giménez de Vargas,42,35,83.33,1,0,0,5,4,2,2,2,0,0
3825593,Jan Oblak,24,15,62.5,0,0,0,0,0,6,0,0,0,0
3825593,Iván Ramis Barrios,45,35,77.78,0,0,1,11,1,4,2,3,0,0
3825593,Gonzalo Escalante,45,34,75.56,0,0,2,31,2,3,5,2,0,6
3825593,Ander Capa Rodríguez,56,37,66.07,0,0,3,12,0,6,1,2,1,0
3825593,Mauro Javier Dos Santos,48,36,75.0,0,0,1,11,1,5,4,2,0,1
3825593,Antoine Griezmann,51,37,72.55,1,0,1,14,2,6,4,0,1,1
3825593,Antonio Manuel Luna Rodríguez,55,39,70.91,0,0,0,9,0,6,2,3,0,0
3825593,Luciano Vietto,22,14,63.64,3,0,1,3,0,3,1,0,2,0
3825593,Asier Riesgo Unamuno,31,17,54.84,0,0,0,0,0,7,0,0,0,0
3825593,Sergio Gontán Gallardo,38,22,57.89,0,0,4,33,1,8,8,0,2,2
3825593,Filipe Luís Kasmirski,85,72,84.71,1,0,5,14,1,4,4,5,1,1
3825593,Diego Roberto Godín Leal,64,53,82.81,1,0,0,6,3,3,1,0,2,1
3825593,Juan Francisco Torres Belén,70,55,78.57,0,0,1,3,3,8,1,1,0,1
3825593,Óliver Torres Muñoz,53,47,88.68,1,0,2,10,0,1,2,4,4,0
3825593,Fernando José Torres Sanz,12,9,75.0,1,1,3,7,0,4,1,0,1,0
3825593,Ángel Martín Correa,15,11,73.33,1,1,1,5,2,2,4,0,0,2
3825593,Borja González Tomás,9,6,66.67,1,0,0,5,0,1,2,0,0,0
3825593,Simone Verdi,4,4,100.0,1,0,2,7,0,0,1,1,1,0
3825593,Mikel Arruabarrena Aranbide,3,3,100.0,0,0,0,4,0,0,1,0,0,0
3825592,Gerard Moreno Balaguero,31,19,61.29,4,1,4,15,0,5,6,4,1,3
3825592,Álvaro González Soberón,44,37,84.09,0,0,0,7,2,1,1,0,1,1
3825592,Enzo Pablo Roco Roco,43,35,81.4,2,1,0,3,1,6,1,1,0,1
3825592,Imanol Agirretxe Arruti,22,17,77.27,2,1,2,17,1,0,7,1,2,1
3825592,Víctor Guillermo Álvarez Delgado,13,9,69.23,4,0,1,10,1,2,4,1,3,2
3825592,Gerónimo Rulli,17,10,58.82,0,0,0,1,0,4,0,0,0,1
3825592,Mikel González de Martín Martínez,52,47,90.38,0,0,0,9,3,8,2,4,1,3
3825592,Diego Antonio Reyes Rosales,50,41,82.0,0,0,1,6,4,7,4,2,0,1
3825592,Aritz Elustondo Irribaria,37,27,72.97,3,0,2,6,0,2,6,0,2,0
3825592,Juan Rafael Fuentes Hernández,33,27,81.82,0,0,0,10,1,1,3,2,0,0
3825592,Esteban Félix Granero Molina,50,34,68.0,0,0,1,23,2,8,5,5,2,3
3825592,Sergio Canales Madrazo,42,32,76.19,1,0,1,15,0,1,5,1,1,2
3825592,Asier Illarramendi Andonegi,51,47,92.16,1,0,1,14,2,3,7,4,3,2
3825592,Hernán Arsenio Pérez González,40,24,60.0,2,1,8,20,2,9,3,2,2,3
3825592,Víctor Sánchez Mata,47,38,80.85,3,0,1,15,5,5,1,1,3,1
3825592,Roberto Antonio Correa Silva,43,37,86.05,0,0,1,11,1,3,2,1,0,0
3825592,Carlos Alberto Vela Garrido,32,22,68.75,1,0,3,12,1,4,4,0,4,1
3825592,Alberto De La Bella Madureño,71,50,70.42,1,0,0,17,2,6,6,0,1,1
3825592,Armindo Tué Na Bangna,16,12,75.0,0,0,2,12,0,3,0,0,0,1
3825592,Pau López Sabata,27,20,74.07,0,0,0,0,0,3,0,0,0,0
3825592,Marco Asensio Willemsen,39,29,74.36,1,0,3,12,0,8,2,1,2,1
3825592,Papa Kouly Diop,57,45,78.95,1,0,1,19,0,6,5,2,4,5
3825592,Oier Olazábal Paredes,17,6,35.29,0,0,0,0,0,2,0,0,0,0
3825592,Jorge Franco Alviz,9,6,66.67,1,0,2,0,0,2,0,0,1,0
3825592,Gonzalo Castro Irizábal,12,6,50.0,0,0,0,2,0,2,0,0,0,1
3825592,Javier López Rodríguez,1,1,100.0,0,0,0,2,0,1,0,2,0,0
3825592,Jonathas Cristian de Jesus,4,2,50.0,1,1,0,4,0,1,0,0,0,0
3825592,José Alberto Cañas Ruiz Herrera,1,1,100.0,0,0,0,0,0,0,0,0,0,0
3825591,Rodrigo Moreno Machado,40,27,67.5,3,0,2,15,1,4,6,1,4,1
3825591,Francisco Alcácer García,11,7,63.64,4,0,2,4,0,0,2,1,2,0
3825591,Javier Fuego Martínez,83,79,95.18,2,0,0,20,2,5,9,1,2,5
3825591,Aymen Abdennour,64,52,81.25,2,0,1,10,3,7,2,2,1,2
3825591,Jorge Molina Vidal,19,12,63.16,0,0,0,7,0,4,5,3,1,0
3825591,Francisco Portillo Soler,23,17,73.91,0,0,4,8,0,4,2,1,1,1
3825591,Daniel Parejo Muñoz,78,71,91.03,4,0,0,33,2,2,5,4,0,2
3825591,Antonio Barragán Fernández,61,50,81.97,0,0,1,10,2,5,3,1,0,3
3825591,Juan Manuel Vargas Risco,31,21,67.74,0,0,4,2,2,5,0,0,2,3
3825591,Rubén Castro Martín,29,17,58.62,0,0,0,8,3,1,1,2,3,2
3825591,Jaume Doménech Sánchez,23,19,82.61,0,0,0,0,0,5,0,0,0,0
3825591,Shkodran Mustafi,48,45,93.75,2,0,0,7,5,8,4,0,0,0
3825591,Sofiane Feghouli,66,43,65.15,4,0,2,10,0,5,2,2,2,0
3825591,André Filipe Tavares Gomes,41,35,85.37,0,0,2,13,2,7,3,2,0,0
3825591,Daniel Ceballos Fernández,24,21,87.5,0,0,2,8,0,3,1,2,0,3
3825591,Heiko Westermann,18,13,72.22,2,0,0,14,1,2,6,5,2,1
3825591,Lucas Alfonso Orbán Alegre,44,41,93.18,0,0,1,12,2,3,4,1,1,2
3825591,Bruno González Cabrera,11,10,90.91,0,0,0,6,1,2,4,4,0,1
3825591,Francisco José Molinero Calderón,42,31,73.81,0,0,0,5,2,1,2,0,0,1
3825591,Joaquín Sánchez Rodríguez,33,24,72.73,1,0,2,15,1,5,4,2,3,1
3825591,Alfred John Momar N''Diaye,21,15,71.43,0,0,0,22,2,3,3,3,1,1
3825591,Antonio Adán Garrido,35,11,31.43,0,0,0,0,0,6,0,0,0,0
3825591,Zakaria Bakkali,25,17,68.0,1,0,1,10,0,4,3,2,4,0
3825591,Xavier Torres Buigues,9,4,44.44,0,0,0,4,1,3,2,1,1,1
3825591,Álvaro Cejudo Carmona,9,8,88.89,0,0,3,8,1,2,5,1,1,1
3825591,Rodrigo Javier De Paul,26,22,84.62,1,0,1,6,0,1,0,1,0,2
3825591,Vincenzo Renato Rennella,8,5,62.5,0,0,2,4,0,4,5,1,1,2
3825591,Santiago Mina Lorenzo,2,1,50.0,1,0,0,0,0,0,0,0,0,0
3825590,Karim Benzema,22,13,59.09,2,1,3,8,0,3,3,2,2,1
3825590,Francisco Román Alarcón Suárez,61,51,83.61,4,0,4,25,0,7,0,1,3,4
3825590,Kléper Laveran Lima Ferreira,78,72,92.31,1,0,0,10,1,3,2,3,0,1
3825590,Raphaël Varane,69,66,95.65,1,0,0,7,0,5,3,3,0,0
3825590,Luka Modrić,97,86,88.66,2,0,5,17,0,7,3,0,4,0
3825590,Daniel Carvajal Ramos,62,54,87.1,0,0,5,17,1,2,5,6,2,2
3825590,Youssef El-Arabi,26,17,65.38,2,0,6,33,2,4,6,0,1,2
3825590,Cristiano Ronaldo dos Santos Aveiro,31,24,77.42,8,0,2,0,0,0,1,1,0,0
3825590,David Rodríguez Lombán,18,15,83.33,0,0,0,8,2,1,0,1,1,1
3825590,Rubén Rochina Naixes,24,22,91.67,1,0,4,27,1,3,3,1,1,2
3825590,Marcelo Vieira da Silva Júnior,71,62,87.32,0,0,5,9,3,4,7,2,1,1
3825590,Isaac Ajayi Success,17,12,70.59,2,0,6,8,1,1,0,0,1,0
3825590,Javier Márquez Moreno,40,34,85.0,1,0,1,34,2,3,5,3,1,4
3825590,Toni Kroos,73,69,94.52,0,0,2,19,2,3,2,0,0,0
3825590,Lucas Vázquez Iglesias,47,38,80.85,1,0,0,21,2,4,4,1,4,1
3825590,Cristiano Biraghi,41,29,70.73,0,0,4,11,2,3,3,5,1,2
3825590,Keylor Navas Gamboa,25,19,76.0,0,0,0,1,0,1,0,0,0,0
3825590,Matheus Dória Macedo,24,17,70.83,0,0,0,7,3,4,1,2,0,2
3825590,Andrés Eduardo Fernández Moreno,38,24,63.16,0,0,0,1,0,6,0,0,0,0
3825590,Rene Krhin,28,21,75.0,2,0,4,21,5,4,5,0,2,1
3825590,Hugo Miguel Almeida Costa Lopes,40,30,75.0,1,0,4,21,1,4,7,3,1,2
3825590,Edgar Antonio Méndez Ortega,14,12,85.71,2,0,1,16,2,2,0,0,1,3
3825590,Mateo Kovačić,23,22,95.65,0,0,1,6,0,0,1,0,0,1
3825590,Robert Ibáñez Castro,4,3,75.0,0,0,2,3,0,2,1,0,1,0
3825590,Francisco Manuel Rico Castro,14,13,92.86,0,0,0,8,0,0,0,0,0,0
3825590,Nicolás Federico López Alonso,3,1,33.33,1,0,2,4,0,2,2,1,1,0
3825590,Denis Cheryshev,11,9,81.82,1,0,2,7,0,4,1,1,2,2
3825590,Carlos Henrique Casimiro,7,5,71.43,0,0,1,1,0,2,2,0,0,0
3825589,Stefan Šćepović,23,19,82.61,2,1,1,15,0,3,6,3,4,2
3825589,Álvaro Medrán Just,30,25,83.33,0,0,1,24,3,6,4,2,0,3
3825589,Sérgio Paulo Barbosa Valente,77,50,64.94,2,0,4,14,1,5,4,1,8,0
3825589,Roberto Lago Soto,30,22,73.33,0,0,1,6,3,1,3,0,0,1
3825589,Ángel Lafita Castillo,23,13,56.52,1,0,4,26,0,3,4,7,2,1
3825589,Roberto José Rosales Altuve,44,32,72.73,0,0,0,19,1,5,5,4,0,0
3825589,Fernando Damián Tissone,57,48,84.21,0,0,1,18,4,6,4,0,0,3
3825589,Wanderson Maciel Sousa Campos,16,12,75.0,3,0,2,26,1,3,2,5,1,4
3825589,Marcos Alberto Angeleri,44,35,79.55,0,0,0,18,1,1,2,0,0,1
3825589,Alexis Ruano Delgado,19,14,73.68,0,0,0,5,3,0,1,1,0,0
3825589,Charles Días Barbosa de Oliveira,25,19,76.0,1,0,0,11,0,1,4,0,2,0
3825589,Damián Nicolás Suárez Suárez,55,36,65.45,0,0,1,16,4,5,2,3,1,0
3825589,José Luis García del Pozo,68,55,80.88,3,0,1,17,1,9,6,2,2,1
3825589,Arthur Etienne Boka,71,52,73.24,0,0,2,9,0,9,3,0,4,0
3825589,Ricardo Jorge Luz Horta,29,21,72.41,5,0,2,16,0,2,4,2,1,2
3825589,Nordin Amrabat,9,3,33.33,1,0,2,8,0,3,3,0,4,1
3825589,Víctor Rodríguez Romero,30,25,83.33,3,0,3,43,1,6,3,3,1,1
3825589,Idriss Carlos Kameni,23,18,78.26,0,0,0,0,0,5,0,0,0,0
3825589,Mehdi Lacen,36,29,80.56,0,0,1,39,2,5,4,3,1,6
3825589,Emiliano Daniel Velázquez Maldonado,26,15,57.69,0,0,0,10,1,1,2,1,0,2
3825589,Raúl Albentosa Redal,48,39,81.25,0,0,0,10,2,5,4,1,0,1
3825589,Vicente Guaita Panadero,32,12,37.5,0,0,0,0,0,2,0,0,0,0
3825589,Duje Čop,14,10,71.43,0,0,0,8,0,0,1,0,0,0
3825589,Adnane Tighadouini,18,9,50.0,1,0,2,8,0,1,0,0,0,1
3825589,Pedro León Sánchez Gil,11,10,90.91,1,0,0,8,1,0,1,2,0,1
3825589,Santiago Vergini,3,2,66.67,0,0,0,1,2,0,1,2,0,0
3825589,Juan Carlos Pérez López,7,5,71.43,0,0,0,5,0,0,1,0,0,1
3825589,Bernard Mensah,1,1,100.0,0,0,0,3,0,0,0,1,0,1
3825588,Javier Guerra Rodríguez,20,16,80.0,1,0,0,12,0,0,3,0,2,1
3825588,Roberto Trashorras Gayoso,112,93,83.04,0,0,1,14,1,5,2,2,1,3
3825588,Joaquín José Marín Ruiz,36,25,69.44,1,0,3,13,3,3,5,2,2,0
3825588,José Raúl Baena Urdiales,58,52,89.66,0,0,1,13,2,4,3,3,3,2
3825588,Antonio Amaya Carazo,74,55,74.32,0,0,1,11,2,6,1,3,0,1
3825588,Diego Javier Llorente Ríos,75,68,90.67,0,0,1,12,2,8,2,1,0,1
3825588,Juan Carlos Martín Corral,49,42,85.71,0,0,0,0,0,8,0,0,0,0
3825588,Pedro Mosquera Parada,29,22,75.86,0,0,1,28,1,7,14,1,0,1
3825588,Patrick Ebert,33,24,72.73,1,0,1,12,1,1,1,1,0,1
3825588,Fernando Navarro i Corbacho,43,32,74.42,0,0,1,9,3,1,4,3,0,1
3825588,Fayçal Fajr,46,31,67.39,2,0,1,25,3,4,3,2,1,1
3825588,Luis Alberto Romero Alconchel,19,9,47.37,3,1,2,13,2,2,3,1,0,0
3825588,Adrián Embarba Blázquez,38,26,68.42,2,1,4,21,1,9,8,2,0,3
3825588,Celso Borges Mora,34,26,76.47,1,1,0,15,5,4,4,0,0,1
3825588,Laureano Sanabria Ruiz,41,26,63.41,0,0,0,20,3,4,8,2,2,1
3825588,Juan Francisco Moreno Fuertes,23,10,43.48,0,0,1,15,1,4,4,3,2,0
3825588,José Ignacio Martínez García,87,65,74.71,2,0,1,14,1,5,4,7,0,0
3825588,Germán Darío Lux,35,15,42.86,0,0,0,0,0,2,0,0,2,0
3825588,Pablo Hernández Domínguez,30,22,73.33,1,0,3,17,0,1,4,0,1,0
3825588,Sidnei Rechel da Silva Júnior,29,20,68.97,0,0,0,7,4,2,8,1,2,1
3825588,Lucas Pérez Martínez,29,20,68.97,7,1,4,24,3,5,1,0,2,2
3825588,Alejandro Arribas Garrido,19,15,78.95,0,0,0,5,1,3,0,0,1,1
3825588,Alhassane Bangoura,15,7,46.67,0,0,5,8,0,4,3,1,0,1
3825588,Alberto Mateus Contreiras Gonçalves,8,3,37.5,0,0,1,5,0,1,2,0,0,1
3825588,Luis Carlos Correia Pinto,16,9,56.25,0,0,1,6,0,1,5,0,2,0
3825588,Juan Domínguez Lamas,7,3,42.86,1,0,0,6,0,0,2,0,0,1
3825588,Alberto Lopo García,4,2,50.0,0,0,0,1,0,0,0,0,0,0
3825588,Luis Carlos Fariña Olivera,1,1,100.0,0,0,1,2,0,1,0,0,0,0
3825587,Stefan Šćepović,19,10,52.63,0,0,2,7,0,1,7,0,3,1
3825587,Pedro León Sánchez Gil,29,22,75.86,1,0,1,15,0,5,5,1,0,3
3825587,Alexis Ruano Delgado,47,35,74.47,1,0,0,2,3,3,2,3,1,0
3825587,Mikel San José Domínguez,46,35,76.09,0,0,0,9,1,4,4,2,1,1
3825587,Markel Susaeta Laskurain,35,24,68.57,1,0,3,23,1,5,4,3,1,1
3825587,Roberto Lago Soto,49,32,65.31,1,0,4,8,2,3,3,3,2,1
3825587,Gorka Iraizoz Moreno,35,24,68.57,0,0,0,0,0,6,0,0,0,0
3825587,Xabier Etxeita Gorritxategi,42,37,88.1,0,0,0,7,3,3,4,3,1,1
3825587,Carlos Gurpegi Nausia,42,35,83.33,0,0,1,7,1,3,3,3,2,3
3825587,Óscar de Marcos Arana,54,33,61.11,2,0,1,11,5,7,3,2,1,0
3825587,Íñigo Lekue Martínez,73,51,69.86,0,0,2,20,4,5,9,2,1,1
3825587,Juan Antonio Rodríguez Villamuela,34,24,70.59,1,0,1,17,0,3,4,2,2,2
3825587,Beñat Etxebarria Urkiaga,66,53,80.3,0,0,3,13,3,7,1,0,4,3
3825587,Aritz Aduriz Zubeldia,28,19,67.86,5,2,2,10,0,1,7,1,2,0
3825587,Raúl García Escudero,30,23,76.67,4,1,3,18,0,4,5,1,4,4
3825587,Mehdi Lacen,54,35,64.81,2,0,1,30,2,6,11,3,1,3
3825587,Víctor Rodríguez Romero,27,17,62.96,1,0,1,23,4,1,3,2,2,3
3825587,Vicente Guaita Panadero,29,20,68.97,0,0,0,0,0,2,0,0,0,0
3825587,Ángel Lafita Castillo,29,20,68.97,3,0,1,13,1,5,4,3,2,4
3825587,Ager Aketxe Barrutia,45,34,75.56,0,0,1,15,0,1,5,1,1,0
3825587,Emiliano Daniel Velázquez Maldonado,45,31,68.89,3,1,2,12,3,8,6,1,0,0
3825587,Carlos Martín Vigaray,38,27,71.05,0,0,2,15,3,4,6,3,0,1
3825587,Álvaro Medrán Just,24,19,79.17,0,0,0,4,0,3,1,0,1,0
3825587,Wanderson Maciel Sousa Campos,15,13,86.67,0,0,4,1,0,1,2,0,1,0
3825587,Ibai Gómez Pérez,14,9,64.29,0,0,1,4,0,1,3,0,0,1
3825587,Javier Eraso Goñi,8,8,100.0,1,0,0,7,1,0,1,0,0,0
3825587,Álvaro Vázquez García,3,1,33.33,0,0,0,2,0,1,2,1,0,0
3825587,Mikel Rico Moreno,5,5,100.0,1,0,0,1,0,2,0,0,0,0
3825586,Nordin Amrabat,25,13,52.0,2,0,3,6,0,9,4,0,3,2
3825586,Charles Días Barbosa de Oliveira,25,17,68.0,4,0,1,12,0,5,1,0,2,0
3825586,Fernando Damián Tissone,43,36,83.72,1,0,1,13,4,7,5,1,0,1
3825586,José Luis García del Pozo,48,39,81.25,0,0,2,16,1,7,8,2,3,2
3825586,Roberto José Rosales Altuve,61,40,65.57,0,0,2,19,3,5,6,4,1,0
3825586,Raúl Albentosa Redal,51,39,76.47,0,0,0,14,1,3,3,2,0,1
3825586,Marcos Alberto Angeleri,40,34,85.0,0,0,0,16,3,2,3,2,1,3
3825586,Daniel García Carrillo,39,34,87.18,0,0,2,24,3,6,5,0,1,0
3825586,Saúl Berjón Pérez,28,10,35.71,1,0,7,10,0,2,4,2,0,0
3825586,Adrián González Morales,31,27,87.1,3,0,0,20,0,8,10,1,0,3
3825586,Idriss Carlos Kameni,29,22,75.86,0,0,0,0,0,3,0,0,0,0
3825586,Mauro Javier Dos Santos,36,23,63.89,0,0,1,16,3,3,6,0,0,1
3825586,Ricardo Jorge Luz Horta,20,14,70.0,1,0,1,12,1,4,3,2,1,0
3825586,Asier Riesgo Unamuno,40,16,40.0,0,0,0,0,0,6,0,0,1,0
3825586,Antonio Manuel Luna Rodríguez,40,25,62.5,0,0,1,14,3,1,4,2,0,1
3825586,Sergio Enrich Ametller,27,14,51.85,0,0,0,19,0,2,6,0,2,1
3825586,Arthur Etienne Boka,57,47,82.46,1,0,6,10,4,4,5,2,2,0
3825586,Juan Carlos Pérez López,25,17,68.0,0,0,4,9,2,4,0,3,2,0
3825586,Sergio Gontán Gallardo,34,23,67.65,0,0,5,34,1,3,8,2,2,2
3825586,Ander Capa Rodríguez,46,30,65.22,0,0,1,17,2,10,2,3,1,3
3825586,Gonzalo Escalante,27,23,85.19,2,0,2,22,1,7,3,2,1,5
3825586,Iván Ramis Barrios,25,18,72.0,0,0,0,7,4,4,3,2,0,0
3825586,Sérgio Paulo Barbosa Valente,26,17,65.38,0,0,1,10,2,2,4,1,2,0
3825586,David Juncà Reñé,9,6,66.67,0,0,0,5,0,2,1,0,0,0
3825586,Duje Čop,13,6,46.15,1,0,1,3,1,4,0,0,0,1
3825586,Eddy Silvestre Pascual İsrafilov,8,6,75.0,0,0,0,8,0,2,1,0,1,1
3825586,Borja González Tomás,5,3,60.0,1,0,0,6,0,0,1,0,1,0
3825586,Adnane Tighadouini,3,0,0.0,0,0,0,2,0,0,0,0,0,1
3825585,Willian José da Silva,4,3,75.0,0,0,0,1,0,1,1,0,0,0
3825585,Sergio Ezequiel Araújo,32,19,59.38,3,1,6,16,1,7,4,3,2,2
3825585,Hernán Daniel Santana Trujillo,45,41,91.11,1,0,3,19,5,6,3,2,2,1
3825585,Pedro Bigas Rigo,33,24,72.73,0,0,0,5,5,2,0,0,2,1
3825585,Pedro Pablo Hernández,46,37,80.43,2,0,2,20,1,4,3,3,2,4
3825585,Hugo Mallo Novegil,45,39,86.67,0,0,1,18,2,1,6,1,0,3
3825585,Fabián Ariel Orellana Valenzuela,49,33,67.35,5,1,7,19,2,3,4,2,2,1
3825585,Dani Castellano Betancor,38,32,84.21,0,0,1,5,3,7,5,3,1,0
3825585,Jonathan Viera Ramos,36,28,77.78,2,0,5,9,1,7,4,0,3,1
3825585,Gustavo Daniel Cabral Cáceres,63,61,96.83,1,0,1,13,1,2,5,0,2,2
3825585,Andreu Fontàs Prat,127,117,92.13,0,0,0,10,1,8,5,0,0,0
3825585,Manuel Agudo Durán,59,41,69.49,8,1,12,6,0,7,2,1,4,1
3825585,Javier Varas Herrera,3,1,33.33,0,0,0,0,0,1,0,0,0,1
3825585,Augusto Matías Fernández,98,87,88.78,1,0,1,29,1,8,8,2,1,3
3825585,Jonathan Castro Otto,84,75,89.29,1,0,0,13,1,3,1,2,0,2
3825585,Roque Mesa Quevedo,20,16,80.0,1,0,0,5,1,1,0,0,1,1
3825585,Sergio Álvarez Conde,26,25,96.15,0,0,0,1,0,2,0,0,0,0
3825585,Daniel Wass,77,69,89.61,4,1,0,14,1,5,4,1,1,2
3825585,Juan Emmanuel Culio,46,33,71.74,1,0,5,10,1,5,2,3,7,1
3825585,Iago Aspas Juncal,28,24,85.71,4,0,1,12,0,3,2,2,2,1
3825585,Antolín Alcáraz Viveros,34,24,70.59,0,0,0,10,5,3,6,3,0,4
3825585,David Simón Rodríguez Santana,31,25,80.65,1,1,1,7,1,5,2,6,1,2
3825585,Raúl Lizoáin Cruz,27,9,33.33,0,0,0,0,0,5,0,0,0,0
3825585,Aythami Artiles Oliva,5,5,100.0,0,0,1,3,1,0,3,0,0,0
3825585,John Guidetti,11,9,81.82,0,0,0,2,0,0,1,0,0,0
3825585,Théo Bongonda Mbul''Ofeko Batombo,5,5,100.0,0,0,0,1,0,0,0,0,0,0
3825585,Mubarak Wakaso,2,1,50.0,0,0,2,1,0,2,0,0,0,1
3825583,Álvaro Negredo Sánchez,25,16,64.0,4,0,3,11,0,1,5,3,3,1
3825583,Sofiane Feghouli,61,40,65.57,1,0,5,13,0,6,1,4,1,1
3825583,Shkodran Mustafi,56,45,80.36,0,0,0,11,1,9,9,1,0,0
3825583,Alberto Lora Ramos,49,43,87.76,1,0,1,15,1,4,2,3,1,1
3825583,Sergio Álvarez Díaz,50,37,74.0,0,0,0,23,1,6,9,3,4,0
3825583,Daniel Parejo Muñoz,75,63,84.0,3,0,0,24,1,6,1,1,2,2
3825583,Alen Halilović,27,21,77.78,0,0,7,15,0,2,8,0,1,0
3825583,Enzo Nicolás Pérez,49,47,95.92,0,0,1,22,1,4,5,1,2,2
3825583,José Luis Gayà Peña,76,64,84.21,0,0,2,12,1,2,7,0,2,0
3825583,Javier Fuego Martínez,71,63,88.73,0,0,2,21,4,6,6,0,4,3
3825583,Omar Mascarell González,32,17,53.12,0,0,1,22,1,2,0,5,0,5
3825583,Bernardo José Espinosa Zúñiga,33,23,69.7,2,0,0,10,1,5,4,9,1,2
3825583,Jonathan Rodríguez Menéndez,32,24,75.0,2,0,3,20,2,6,1,1,3,4
3825583,Arnaldo Antonio Sanabria Ayala,40,26,65.0,3,0,1,23,0,5,13,1,0,2
3825583,Pablo Pérez Rodríguez,22,19,86.36,3,0,4,12,2,4,4,0,0,3
3825583,João Pedro Cavaco Cancelo,71,58,81.69,0,0,2,14,3,5,8,3,4,1
3825583,Aymen Abdennour,53,48,90.57,0,0,2,9,3,4,7,2,2,1
3825583,Ismael López Blanco,37,25,67.57,0,0,0,19,0,2,3,4,1,2
3825583,Pablo Daniel Piatti,43,30,69.77,4,0,3,9,0,5,4,1,2,0
3825583,Iván Cuéllar Sacristán,35,19,54.29,0,0,0,0,0,6,0,0,1,0
3825583,Luis Hernández Rodríguez,36,30,83.33,2,0,0,4,1,3,4,1,0,0
3825583,Jaume Doménech Sánchez,27,17,62.96,0,0,0,1,0,1,0,0,0,0
3825583,Ignacio Cases Mora,15,12,80.0,1,0,0,5,0,3,2,1,0,1
3825583,André Filipe Tavares Gomes,18,15,83.33,1,0,3,9,0,5,3,0,0,1
3825583,Miguel Ángel Guerrero Martín,8,6,75.0,1,0,1,6,0,1,4,0,1,2
3825583,Francisco Alcácer García,3,3,100.0,2,1,1,1,0,0,0,1,0,1
3825583,Carlos Carmona Bonet,8,5,62.5,0,0,1,1,0,0,1,0,0,0
3825583,Zakaria Bakkali,7,6,85.71,2,0,1,2,1,0,1,0,0,1
3825582,Rubén Castro Martín,28,21,75.0,2,1,1,11,1,7,6,1,2,1
3825582,Jorge Molina Vidal,10,9,90.0,2,0,0,6,0,1,5,2,0,1
3825582,Heiko Westermann,31,24,77.42,1,0,1,7,3,2,3,1,2,0
3825582,Diego Antonio Reyes Rosales,46,42,91.3,0,0,3,7,2,2,1,2,1,1
3825582,Jonathas Cristian de Jesus,28,25,89.29,3,0,2,17,0,3,7,1,2,3
3825582,Petros Matheus dos Santos Araújo,24,21,87.5,1,0,1,17,0,5,0,1,0,3
3825582,Xabier Prieto Argarate,13,9,69.23,0,0,1,9,0,2,5,2,3,0
3825582,Alfred John Momar N''Diaye,31,23,74.19,0,0,3,26,1,4,8,3,0,2
3825582,Antonio Adán Garrido,32,6,18.75,0,0,0,0,0,2,0,0,0,0
3825582,Francisco Portillo Soler,43,36,83.72,0,0,5,17,1,3,5,2,2,1
3825582,Rubén Pardo Gutiérrez,53,44,83.02,1,0,0,9,1,3,2,1,2,2
3825582,Armindo Tué Na Bangna,56,46,82.14,5,0,1,17,1,8,3,1,1,1
3825582,Juan Manuel Vargas Risco,39,24,61.54,0,0,0,12,4,6,3,2,0,0
3825582,Bruno González Cabrera,19,16,84.21,1,0,0,17,3,2,5,1,1,1
3825582,Alberto De La Bella Madureño,54,37,68.52,1,0,0,8,0,3,0,2,0,3
3825582,Asier Illarramendi Andonegi,78,67,85.9,0,0,3,21,3,8,6,4,0,0
3825582,Carlos Alberto Vela Garrido,40,25,62.5,1,0,6,8,0,6,6,0,2,0
3825582,Joaquín Sánchez Rodríguez,28,22,78.57,1,0,4,15,2,3,4,3,2,0
3825582,Cristiano Piccini,36,28,77.78,1,0,0,8,1,1,2,2,1,3
3825582,Gerónimo Rulli,24,13,54.17,0,0,0,0,0,4,0,0,0,0
3825582,Aritz Elustondo Irribaria,57,40,70.18,1,0,0,8,1,4,3,0,0,0
3825582,Mikel González de Martín Martínez,43,38,88.37,0,0,0,4,3,4,1,1,0,0
3825582,Gonzalo Castro Irizábal,27,17,62.96,0,0,1,11,2,3,1,0,1,0
3825582,Daniel Ceballos Fernández,9,7,77.78,0,0,0,14,4,3,2,1,0,0
3825582,Álvaro Cejudo Carmona,6,2,33.33,0,0,1,12,1,2,1,1,0,0
3825582,Imanol Agirretxe Arruti,12,10,83.33,3,0,0,2,0,0,1,0,0,1
3825582,Francisco José Molinero Calderón,1,0,0.0,0,0,0,2,1,0,2,2,0,0
3825582,Sergio Canales Madrazo,7,6,85.71,0,0,0,3,0,0,2,1,0,0
3825581,Felipe Salvador Caicedo Corozo,20,18,90.0,4,0,4,9,0,1,6,0,1,3
3825581,Gerard Moreno Balaguero,40,34,85.0,4,0,8,10,0,0,2,2,1,3
3825581,Javier López Rodríguez,30,24,80.0,0,0,0,10,1,2,3,0,0,1
3825581,Mickaël Ciani,19,14,73.68,0,0,0,1,1,0,0,0,0,0
3825581,Karim Benzema,23,16,69.57,2,1,2,14,0,1,0,2,0,3
3825581,Keylor Navas Gamboa,23,14,60.87,0,0,0,0,0,3,0,0,0,0
3825581,Cristiano Ronaldo dos Santos Aveiro,32,21,65.62,7,5,2,0,0,0,2,0,2,1
3825581,Anaitz Arbilla Zabala,83,65,78.31,2,0,0,12,1,4,5,0,0,2
3825581,Marcelo Vieira da Silva Júnior,63,54,85.71,0,0,3,15,2,6,3,3,2,0
3825581,Carlos Henrique Casimiro,48,39,81.25,2,0,1,27,1,3,5,1,1,2
3825581,Kléper Laveran Lima Ferreira,30,26,86.67,0,0,1,11,1,1,4,3,0,0
3825581,Daniel Carvajal Ramos,52,48,92.31,2,0,6,15,5,4,3,1,4,1
3825581,Luka Modrić,46,41,89.13,0,0,1,12,0,6,1,1,1,0
3825581,Víctor Guillermo Álvarez Delgado,48,42,87.5,0,0,1,16,0,3,0,0,0,2
3825581,Francisco Román Alarcón Suárez,47,40,85.11,0,0,3,13,0,6,0,2,3,1
3825581,Rubén Duarte Sánchez,44,35,79.55,0,0,1,7,5,5,3,2,0,0
3825581,Sergio Ramos García,40,30,75.0,0,0,0,13,2,3,3,4,3,2
3825581,Salvador Sevilla López,75,65,86.67,2,0,2,12,2,6,5,1,4,1
3825581,Álvaro González Soberón,32,30,93.75,1,0,0,6,1,6,2,2,1,3
3825581,Pau López Sabata,21,16,76.19,0,0,0,0,0,6,0,0,0,0
3825581,Gareth Frank Bale,34,25,73.53,1,0,0,13,1,3,3,1,1,1
3825581,Víctor Sánchez Mata,35,34,97.14,1,0,1,16,0,3,0,1,1,1
3825581,Francisco Montañés Claverías,26,18,69.23,0,0,3,9,1,1,0,0,1,1
3825581,José Alberto Cañas Ruiz Herrera,42,40,95.24,0,0,0,13,1,6,2,2,3,2
3825581,Mateo Kovačić,36,36,100.0,0,0,1,12,0,2,1,0,3,1
3825581,Joan Jordán Moreno,26,25,96.15,1,0,0,5,0,1,1,0,0,2
3825581,Lucas Vázquez Iglesias,18,14,77.78,1,0,2,4,0,1,0,1,1,0
3825581,Raphaël Varane,8,7,87.5,0,0,0,2,0,0,0,1,0,0
3825580,Kevin Gameiro,22,17,77.27,0,0,3,16,1,4,2,1,0,0
3825580,Benoît Trémoulinas,51,33,64.71,0,0,0,6,1,2,1,2,0,0
3825580,Víctor Machín Pérez,34,24,70.59,1,0,4,20,0,9,7,3,3,1
3825580,Antonio García Aranda,50,37,74.0,1,0,4,9,1,5,5,1,2,0
3825580,Grzegorz Krychowiak,41,33,80.49,0,0,0,10,2,3,5,2,1,0
3825580,Gaël Kakuta,8,5,62.5,0,0,0,15,0,2,2,0,0,2
3825580,Víctor Camarasa Ferrando,49,39,79.59,1,1,2,21,2,5,3,2,0,0
3825580,José Luis Morales Nogales,41,27,65.85,1,0,2,7,3,5,3,0,4,1
3825580,Nabil Ghilas,19,13,68.42,3,0,2,12,0,2,9,0,0,5
3825580,Timothée Kolodziejczak,31,24,77.42,0,0,0,7,0,0,4,2,0,1
3825580,Steven N''Kemboanza Mike Christopher Nzonzi,41,30,73.17,1,1,0,20,0,2,5,2,1,1
3825580,Marco Andreolli,34,32,94.12,0,0,0,3,2,2,1,0,3,0
3825580,Jorge Andújar Moreno,60,43,71.67,2,0,1,13,2,5,3,4,3,1
3825580,Ángel Trujillo Canorea,29,26,89.66,1,0,0,8,2,2,2,1,0,0
3825580,António Alberto Bastos Pimparel,31,21,67.74,0,0,0,0,0,3,0,0,1,0
3825580,Fernando Llorente Torres,28,19,67.86,1,0,0,16,1,0,10,1,0,1
3825580,José María Martín-Bejarano Serrano,60,54,90.0,3,0,1,22,3,9,12,3,1,3
3825580,Deyverson Brum Silva Acosta,17,6,35.29,2,0,1,13,2,0,6,0,2,0
3825580,Juan Francisco García García,46,34,73.91,0,0,0,13,1,3,2,3,0,2
3825580,José Antonio García Rabasco,72,56,77.78,1,0,1,16,2,5,1,2,0,1
3825580,Rubén Iván Martínez Andrade,24,11,45.83,0,0,0,0,0,3,0,0,0,0
3825580,Zouhair Feddal,40,34,85.0,0,0,0,5,6,3,4,3,0,1
3825580,Yevhen Konoplyanka,25,11,44.0,0,0,4,10,2,2,2,3,2,2
3825580,Víctor Casadesús Castaño,9,8,88.89,0,0,2,0,0,2,1,0,0,2
3825580,Iván López Mendoza,10,6,60.0,1,0,1,1,0,2,1,1,0,0
3825580,Ciro Immobile,4,3,75.0,3,0,0,2,0,0,0,0,0,0
3825580,Michael Krohn-Dehli,8,5,62.5,0,0,0,1,0,1,0,0,1,0
3825580,Roger Martí Salvador,3,2,66.67,0,0,0,4,0,0,0,0,0,0
3825578,Javier Eraso Goñi,13,10,76.92,0,0,0,12,1,3,2,1,4,0
3825578,Beñat Etxebarria Urkiaga,68,51,75.0,0,0,0,14,2,9,2,0,1,0
3825578,Eneko Bóveda Altube,58,40,68.97,1,0,2,16,1,4,9,0,1,0
3825578,Óscar de Marcos Arana,47,39,82.98,0,0,3,10,2,5,5,4,0,1
3825578,Xabier Etxeita Gorritxategi,75,59,78.67,0,0,1,9,2,4,3,0,1,1
3825578,Aymeric Laporte,81,67,82.72,1,0,3,6,0,4,4,1,1,1
3825578,Gorka Elustondo Urkola,54,48,88.89,1,0,2,17,2,8,5,2,1,3
3825578,Aritz Aduriz Zubeldia,15,6,40.0,0,0,0,5,0,2,11,0,1,2
3825578,Ander Capa Rodríguez,35,19,54.29,0,0,1,12,1,7,4,1,1,1
3825578,Mauro Javier Dos Santos,22,13,59.09,1,0,0,4,2,2,3,3,0,1
3825578,Sergio Enrich Ametller,30,20,66.67,0,0,2,23,0,3,12,1,1,4
3825578,Sergio Gontán Gallardo,24,17,70.83,2,0,3,32,2,2,12,1,2,1
3825578,Íñigo Lekue Martínez,17,14,82.35,0,0,0,8,1,2,3,0,0,1
3825578,Gorka Iraizoz Moreno,40,31,77.5,0,0,0,0,0,4,0,0,0,0
3825578,Ibai Gómez Pérez,18,10,55.56,0,0,2,16,0,3,2,2,0,2
3825578,Gonzalo Escalante,37,31,83.78,0,0,5,19,2,4,4,3,0,2
3825578,Saúl Berjón Pérez,44,23,52.27,2,1,5,11,1,1,4,1,1,1
3825578,Iván Ramis Barrios,24,12,50.0,0,0,0,2,1,1,2,2,1,0
3825578,Daniel García Carrillo,46,35,76.09,0,0,1,10,6,4,4,0,0,1
3825578,Asier Riesgo Unamuno,40,18,45.0,0,0,0,0,0,9,0,0,0,0
3825578,Antonio Manuel Luna Rodríguez,52,40,76.92,0,0,2,10,3,3,2,3,2,2
3825578,Adrián González Morales,39,29,74.36,3,1,1,9,3,3,1,1,3,0
3825578,Markel Susaeta Laskurain,17,10,58.82,2,0,0,12,1,5,0,0,0,1
3825578,Sabin Merino Zuloaga,16,10,62.5,0,0,0,4,0,1,3,0,1,1
3825578,Ager Aketxe Barrutia,14,10,71.43,4,0,0,6,0,1,0,1,1,0
3825578,David Juncà Reñé,11,5,45.45,0,0,1,5,0,0,1,0,0,1
3825578,Mikel Arruabarrena Aranbide,9,8,88.89,0,0,0,4,0,0,1,0,1,0
3825578,Borja González Tomás,4,2,50.0,1,0,0,6,0,0,0,0,0,1
3825577,Emiliano Buendía,24,22,91.67,2,0,3,7,0,6,1,0,3,1
3825577,Álvaro Vázquez García,18,10,55.56,0,0,2,5,0,2,4,0,1,0
3825577,Álvaro Medrán Just,34,31,91.18,2,0,1,5,0,6,1,0,2,0
3825577,Alexis Ruano Delgado,38,32,84.21,0,0,0,4,1,1,3,3,0,0
3825577,Víctor Rodríguez Romero,41,33,80.49,1,0,3,11,2,8,1,0,1,0
3825577,Carlos Martín Vigaray,36,27,75.0,0,0,5,12,2,4,7,3,0,3
3825577,Isaac Ajayi Success,14,8,57.14,1,1,1,6,1,3,0,0,4,1
3825577,Hugo Miguel Almeida Costa Lopes,42,30,71.43,0,0,3,18,6,4,8,2,2,0
3825577,Mehdi Lacen,52,41,78.85,2,0,1,13,1,10,3,0,2,2
3825577,Javier Márquez Moreno,35,22,62.86,1,0,0,21,0,5,2,1,4,2
3825577,Rubén Rochina Naixes,16,6,37.5,2,0,4,12,1,5,5,1,0,2
3825577,Jean-Sylvain Claude Babin,22,15,68.18,0,0,0,10,0,0,3,0,0,0
3825577,Rene Krhin,23,15,65.22,0,0,0,14,5,5,3,1,1,3
3825577,Youssef El-Arabi,16,9,56.25,4,1,3,18,1,4,1,2,2,0
3825577,Vicente Guaita Panadero,33,18,54.55,0,0,0,0,0,7,0,0,0,0
3825577,David Rodríguez Lombán,23,17,73.91,0,0,0,6,4,0,0,1,0,1
3825577,Cristiano Biraghi,29,22,75.86,0,0,0,11,4,4,3,2,1,1
3825577,Pedro León Sánchez Gil,22,15,68.18,1,0,4,6,1,0,3,1,2,1
3825577,Damián Nicolás Suárez Suárez,61,39,63.93,2,0,1,14,1,5,4,2,3,3
3825577,Rubén Salvador Pérez Del Mármol,35,27,77.14,1,0,1,19,2,4,3,5,2,4
3825577,Emiliano Daniel Velázquez Maldonado,49,40,81.63,1,0,1,10,3,4,3,0,0,2
3825577,Andrés Eduardo Fernández Moreno,23,9,39.13,0,0,0,0,0,2,0,0,0,0
3825577,Ángel Lafita Castillo,10,8,80.0,3,1,2,3,0,1,3,0,1,3
3825577,Thievy Guivane Bifouma Koulossa,7,6,85.71,0,0,1,6,0,1,2,1,0,2
3825577,Edgar Antonio Méndez Ortega,4,1,25.0,0,0,2,16,0,1,6,0,0,3
3825577,Wanderson Maciel Sousa Campos,16,9,56.25,1,0,3,2,0,3,0,0,2,0
3825577,Moisés Gómez Bordonado,9,8,88.89,0,0,2,1,0,1,0,0,2,1
3825577,Francisco Medina Luna,1,0,0.0,0,0,0,5,0,0,0,1,0,1
3825576,Lucas Pérez Martínez,35,24,68.57,3,1,5,24,1,7,6,0,0,1
3825576,Luis Alberto Romero Alconchel,4,2,50.0,3,0,2,3,0,1,0,0,0,1
3825576,Pedro Mosquera Parada,49,43,87.76,0,0,0,34,2,4,8,3,1,2
3825576,Fernando Navarro i Corbacho,39,30,76.92,0,0,1,16,5,5,7,3,2,0
3825576,Santiago Mina Lorenzo,21,15,71.43,0,0,2,14,0,1,2,2,2,3
3825576,Antonio Barragán Fernández,53,40,75.47,0,0,3,13,0,2,5,0,3,6
3825576,Danilo Barbosa da Silva,22,18,81.82,2,0,2,19,1,3,3,1,2,1
3825576,Shkodran Mustafi,52,39,75.0,2,0,0,9,1,2,4,2,2,1
3825576,Fayçal Fajr,39,28,71.79,0,0,4,23,0,5,4,3,1,3
3825576,Álvaro Negredo Sánchez,18,11,61.11,1,1,2,8,0,2,5,1,1,0
3825576,Javier Fuego Martínez,56,49,87.5,0,0,1,10,2,5,4,2,1,0
3825576,Celso Borges Mora,42,34,80.95,0,0,1,13,2,4,7,1,0,1
3825576,Alejandro Arribas Garrido,35,21,60.0,1,0,0,6,3,1,3,3,1,2
3825576,Rúben Miguel Nunes Vezo,51,39,76.47,1,0,0,5,4,4,3,2,1,1
3825576,José Luis Gayà Peña,57,46,80.7,1,0,0,14,1,6,2,3,0,0
3825576,Rodrigo Moreno Machado,30,18,60.0,1,0,0,16,2,2,2,2,2,0
3825576,Laureano Sanabria Ruiz,49,39,79.59,0,0,1,9,2,6,2,5,1,3
3825576,Germán Darío Lux,39,19,48.72,0,0,0,0,0,2,0,0,1,0
3825576,Sidnei Rechel da Silva Júnior,34,27,79.41,1,0,2,5,5,7,3,0,0,0
3825576,Juan Francisco Moreno Fuertes,28,19,67.86,2,0,3,7,1,3,2,1,2,0
3825576,Mathew Ryan,28,23,82.14,0,0,0,0,0,3,0,0,0,0
3825576,Rodrigo Javier De Paul,49,34,69.39,2,0,6,25,1,12,6,0,1,2
3825576,Luis Carlos Correia Pinto,15,5,33.33,2,0,2,20,1,2,5,2,4,3
3825576,Daniel Parejo Muñoz,26,23,88.46,0,0,0,8,1,1,1,2,0,0
3825576,Sofiane Feghouli,21,9,42.86,0,0,3,3,0,2,2,1,0,0
3825576,Jonathan Javier Rodríguez Portillo,2,0,0.0,0,0,1,6,0,1,3,0,0,1
3825576,Francisco Alcácer García,2,1,50.0,3,0,0,1,0,1,0,0,0,0
3825575,Nabil Ghilas,13,6,46.15,0,0,3,20,0,2,9,4,2,3
3825575,Juan Francisco García García,41,30,73.17,0,0,1,7,2,3,4,3,1,1
3825575,Javier Varas Herrera,25,16,64.0,0,0,0,0,0,5,0,0,0,0
3825575,David Simón Rodríguez Santana,64,54,84.38,1,0,3,20,2,5,4,2,2,2
3825575,Antonio García Aranda,39,28,71.79,0,0,2,12,3,6,4,0,4,2
3825575,Antolín Alcáraz Viveros,69,49,71.01,0,0,0,5,1,6,5,1,2,0
3825575,Deyverson Brum Silva Acosta,11,5,45.45,0,0,2,19,1,1,10,3,1,1
3825575,Jonathan Viera Ramos,62,44,70.97,2,0,3,23,1,4,2,1,2,2
3825575,Hernán Daniel Santana Trujillo,70,59,84.29,2,0,0,18,2,11,12,0,0,2
3825575,Aythami Artiles Oliva,57,49,85.96,1,0,1,4,1,6,3,1,0,1
3825575,José Antonio García Rabasco,40,27,67.5,0,0,0,23,3,8,1,2,1,1
3825575,José María Martín-Bejarano Serrano,12,9,75.0,3,0,2,19,2,2,4,0,1,4
3825575,Dani Castellano Betancor,45,35,77.78,0,0,2,14,1,6,4,1,2,0
3825575,Juan Emmanuel Culio,72,55,76.39,2,0,4,23,2,14,4,3,9,4
3825575,Zouhair Feddal,29,19,65.52,0,0,0,17,7,3,5,1,0,2
3825575,Víctor Camarasa Ferrando,31,22,70.97,0,0,3,27,3,8,5,2,0,3
3825575,Pedro Bigas Rigo,51,45,88.24,0,0,1,8,6,5,4,0,2,0
3825575,Roque Mesa Quevedo,41,35,85.37,4,0,3,12,0,7,4,0,2,2
3825575,Rubén Iván Martínez Andrade,37,10,27.03,0,0,0,0,0,6,0,0,0,0
3825575,Ángel Trujillo Canorea,14,8,57.14,0,0,0,7,4,2,3,1,0,2
3825575,Sergio Ezequiel Araújo,25,16,64.0,4,0,0,9,1,3,5,0,1,1
3825575,Iván López Mendoza,43,26,60.47,0,0,2,17,2,8,4,0,1,4
3825575,Víctor Casadesús Castaño,9,6,66.67,0,0,0,6,0,3,3,0,2,2
3825575,Roger Martí Salvador,5,2,40.0,0,0,0,11,0,0,1,0,0,0
3825575,Nabil El Zhar,4,3,75.0,0,0,0,2,0,0,0,0,0,0
3825575,Willian José da Silva,2,2,100.0,0,0,0,1,0,1,2,0,0,0
3825575,Jefferson Andrés Lerma Solís,0,0,0.0,0,0,0,0,0,0,0,0,0,0
3825574,Pedro Pablo Hernández,56,49,87.5,0,0,2,23,0,3,10,1,3,1
3825574,Iago Aspas Juncal,30,22,73.33,5,0,1,33,1,3,3,0,3,0
3825574,Augusto Matías Fernández,101,96,95.05,0,0,0,34,3,6,7,1,0,1
3825574,Andreu Fontàs Prat,102,93,91.18,1,1,0,15,2,4,6,2,0,0
3825574,Tiago Manuel Dias Correia,2,1,50.0,0,0,1,4,1,0,1,0,0,0
3825574,Hugo Mallo Novegil,53,45,84.91,2,0,2,15,5,2,3,0,0,1
3825574,Diego Javier Llorente Ríos,46,38,82.61,0,0,1,14,3,9,1,3,0,1
3825574,Daniel Wass,62,45,72.58,0,0,1,19,0,4,3,4,4,2
3825574,Fabián Ariel Orellana Valenzuela,53,42,79.25,2,0,5,14,2,9,2,2,2,1
3825574,Sergio Álvarez Conde,31,22,70.97,0,0,0,0,0,4,0,0,0,0
3825574,José Eduardo Rosa Vale de Castro,21,5,23.81,0,0,0,3,1,2,0,1,0,0
3825574,Gustavo Daniel Cabral Cáceres,104,96,92.31,0,0,0,3,1,4,3,0,1,0
3825574,Patrick Ebert,41,34,82.93,0,0,0,18,0,1,1,1,2,0
3825574,Alberto Mateus Contreiras Gonçalves,18,12,66.67,0,0,0,10,0,1,5,1,0,1
3825574,José Ignacio Martínez García,51,37,72.55,1,0,1,16,3,2,6,4,0,2
3825574,José Raúl Baena Urdiales,21,18,85.71,0,0,0,27,0,6,3,1,1,1
3825574,Joaquín José Marín Ruiz,47,33,70.21,0,0,2,20,5,5,6,4,1,1
3825574,Roberto Trashorras Gayoso,70,46,65.71,1,0,2,20,1,7,2,0,2,3
3825574,Antonio Rodríguez Martínez,6,4,66.67,0,0,0,0,0,2,0,0,0,1
3825574,Alhassane Bangoura,22,15,68.18,1,0,6,23,2,4,3,0,3,2
3825574,Manuel Agudo Durán,65,42,64.62,3,2,2,30,1,4,2,3,1,0
3825574,Jonathan Castro Otto,44,39,88.64,0,0,2,17,6,0,4,1,0,3
3825574,Juan Carlos Martín Corral,32,18,56.25,0,0,0,0,0,5,0,0,0,0
3825574,Antonio Amaya Carazo,25,15,60.0,0,0,0,11,1,1,4,2,0,3
3825574,Carles Planas Antolínez,12,10,83.33,0,0,0,2,1,0,1,0,1,0
3825574,Nicolás Ladislao Fedor Flores,8,8,100.0,0,0,2,6,0,2,0,0,0,0
3825574,John Guidetti,1,1,100.0,0,0,0,8,0,0,0,0,0,0
3825574,Nemanja Radoja,9,9,100.0,0,0,0,3,1,0,0,0,0,0
3825573,Miguel Ángel Guerrero Martín,13,8,61.54,2,0,1,29,0,2,5,3,1,3
3825573,Carlos Carmona Bonet,19,14,73.68,0,0,1,22,1,3,1,2,1,2
3825573,Sergio Álvarez Díaz,32,23,71.88,1,0,0,34,1,2,3,2,2,3
3825573,Xabier Prieto Argarate,41,35,85.37,0,0,0,3,0,0,6,0,3,0
3825573,Arnaldo Antonio Sanabria Ayala,29,23,79.31,0,0,2,23,1,3,8,2,1,3
3825573,Aritz Elustondo Irribaria,68,48,70.59,0,0,2,12,4,5,4,3,0,1
3825573,Carlos Alberto Vela Garrido,48,34,70.83,2,0,3,10,0,5,5,2,5,0
3825573,Ismael López Blanco,40,30,75.0,0,0,3,15,5,4,3,0,0,0
3825573,Rubén Pardo Gutiérrez,76,55,72.37,0,0,0,10,1,7,1,0,0,0
3825573,Bernardo José Espinosa Zúñiga,39,24,61.54,0,0,0,8,3,2,0,1,2,2
3825573,Gerónimo Rulli,33,28,84.85,0,0,0,0,0,4,0,0,0,0
3825573,Jonathan Rodríguez Menéndez,45,23,51.11,2,0,8,20,2,5,5,1,3,2
3825573,Iván Cuéllar Sacristán,32,5,15.62,0,0,0,0,0,4,0,0,0,0
3825573,Alberto De La Bella Madureño,58,45,77.59,1,0,1,7,2,3,1,2,2,1
3825573,Alberto Lora Ramos,41,30,73.17,1,0,0,17,4,6,4,2,0,1
3825573,Asier Illarramendi Andonegi,54,49,90.74,0,0,1,10,7,5,2,0,1,2
3825573,Íñigo Martínez Berridi,64,53,82.81,1,0,0,10,2,7,5,1,4,3
3825573,Jonathas Cristian de Jesus,11,8,72.73,7,0,3,11,0,5,7,4,1,1
3825573,Diego Antonio Reyes Rosales,48,45,93.75,0,0,0,8,3,6,5,2,2,0
3825573,Ignacio Cases Mora,41,36,87.8,1,0,2,22,3,1,7,1,0,2
3825573,Luis Hernández Rodríguez,34,27,79.41,0,0,0,9,4,4,4,5,0,0
3825573,Armindo Tué Na Bangna,44,36,81.82,2,0,5,10,0,1,2,0,0,2
3825573,Alen Halilović,14,11,78.57,0,0,3,5,0,5,2,0,1,0
3825573,Omar Mascarell González,12,11,91.67,0,0,0,8,0,1,3,1,0,1
3825573,Gonzalo Castro Irizábal,13,9,69.23,0,0,0,1,0,0,0,0,1,0
3825573,Sergio Canales Madrazo,7,6,85.71,0,0,0,9,0,0,2,0,0,1
3825573,Markel Bergara Larrañaga,9,7,77.78,1,0,0,8,0,0,3,0,1,3
3825573,Juan Muñiz Gallego,7,4,57.14,0,0,0,7,0,1,0,1,3,1
3825571,Felipe Salvador Caicedo Corozo,25,18,72.0,1,1,0,17,0,0,6,2,0,3
3825571,Gerard Moreno Balaguero,33,22,66.67,1,0,5,5,1,5,3,0,0,1
3825571,Javier López Rodríguez,37,28,75.68,0,0,1,11,0,3,1,1,0,2
3825571,Anaitz Arbilla Zabala,55,47,85.45,0,0,2,12,2,7,4,3,2,4
3825571,Álvaro González Soberón,34,27,79.41,1,0,0,4,1,1,3,1,0,0
3825571,Víctor Ruíz Torre,69,59,85.51,1,0,1,9,1,8,6,2,0,0
3825571,Francisco Montañés Claverías,14,9,64.29,0,0,1,10,1,1,3,1,1,1
3825571,Jaume Vicent Costa Jordá,75,62,82.67,0,0,0,14,0,4,7,1,1,1
3825571,Samuel Castillejo Azuaga,30,20,66.67,1,0,4,17,1,4,3,1,5,0
3825571,Manuel Trigueros Muñoz,68,54,79.41,2,0,0,14,1,8,5,1,1,2
3825571,Eric Bertrand Bailly,68,55,80.88,0,0,0,10,3,5,4,1,3,1
3825571,Mario Gaspar Pérez Martínez,51,35,68.63,1,0,0,10,0,5,7,5,1,1
3825571,Tomás Pina Isla,40,30,75.0,0,0,0,23,0,6,9,1,2,0
3825571,Víctor Sánchez Mata,50,41,82.0,0,0,1,16,4,12,5,5,4,2
3825571,Roberto Soldado Rillo,23,13,56.52,2,1,3,11,0,3,5,0,3,1
3825571,Antonio José Raillo Arenas,27,24,88.89,1,0,0,5,1,1,2,0,1,1
3825571,Pau López Sabata,39,21,53.85,0,0,0,1,0,9,0,0,0,0
3825571,Víctor Guillermo Álvarez Delgado,20,11,55.0,1,0,3,13,0,3,7,2,0,1
3825571,Alphonse Areola,20,15,75.0,0,0,0,0,0,6,0,0,0,0
3825571,Rubén Duarte Sánchez,46,32,69.57,0,0,1,17,6,1,6,4,2,4
3825571,Matías Nahuel Leiva Esquivel,52,39,75.0,1,0,3,14,1,12,2,2,2,1
3825571,Leonardo Carrilho Baptistão,9,7,77.78,3,0,3,12,0,1,4,1,1,0
3825571,Hernán Arsenio Pérez González,7,4,57.14,0,0,0,7,0,0,2,2,2,1
3825571,Samuel García Sánchez,15,6,40.0,1,0,1,7,0,3,3,0,1,2
3825571,Cédric Bakambu,9,7,77.78,2,2,2,9,0,0,0,2,1,2
3825571,José Alberto Cañas Ruiz Herrera,12,9,75.0,0,0,1,3,1,1,0,1,0,2
3825571,Jonathan dos Santos Ramírez,12,12,100.0,1,0,2,5,0,2,1,2,0,1
3825571,Jorge Franco Alviz,5,1,20.0,0,0,0,0,0,1,0,0,0,0
3825569,Deyverson Brum Silva Acosta,21,14,66.67,2,0,2,23,0,5,7,1,4,2
3825569,Nabil Ghilas,26,15,57.69,1,0,5,10,0,2,5,0,0,0
3825569,Juan Francisco García García,38,21,55.26,1,0,2,9,3,6,1,0,0,0
3825569,Antonio García Aranda,34,24,70.59,0,0,4,11,1,2,3,2,1,2
3825569,Víctor Camarasa Ferrando,25,21,84.0,1,0,1,17,0,5,3,0,2,1
3825569,Augusto Matías Fernández,91,87,95.6,1,0,0,20,1,5,5,1,0,3
3825569,José María Martín-Bejarano Serrano,28,22,78.57,0,0,3,12,0,6,3,0,3,0
3825569,Pedro Pablo Hernández,71,57,80.28,1,0,2,16,1,7,6,6,3,5
3825569,Rubén Blanco Veiga,24,21,87.5,0,0,0,0,0,2,0,0,1,0
3825569,Manuel Agudo Durán,59,43,72.88,3,0,7,7,0,1,2,0,2,1
3825569,Rubén Iván Martínez Andrade,24,10,41.67,0,0,0,0,0,4,0,0,0,0
3825569,Jonathan Castro Otto,86,76,88.37,1,0,2,9,5,2,2,0,1,1
3825569,Andreu Fontàs Prat,81,79,97.53,0,0,0,5,3,6,1,1,0,1
3825569,Gustavo Daniel Cabral Cáceres,74,70,94.59,0,0,0,7,4,3,3,1,0,3
3825569,Hugo Mallo Novegil,63,53,84.13,0,0,0,8,2,2,3,1,0,0
3825569,Iago Aspas Juncal,23,14,60.87,3,1,1,12,1,3,3,1,1,1
3825569,Iván López Mendoza,30,17,56.67,1,0,4,8,1,6,4,1,0,1
3825569,Simão Mate,1,1,100.0,0,0,0,2,0,0,1,0,0,1
3825569,José Antonio García Rabasco,54,38,70.37,2,1,1,22,1,12,1,1,3,3
3825569,Daniel Wass,68,55,80.88,1,0,0,9,2,3,4,2,1,0
3825569,Ángel Trujillo Canorea,11,8,72.73,0,0,0,3,0,1,2,4,0,0
3825569,Fabián Ariel Orellana Valenzuela,59,50,84.75,4,1,1,9,0,7,3,2,3,1
3825569,John Guidetti,6,4,66.67,0,0,1,4,0,0,1,0,0,1
3825569,Víctor Casadesús Castaño,5,3,60.0,1,0,0,1,0,1,1,0,1,0
3825569,José Luis Morales Nogales,8,3,37.5,1,0,2,2,0,2,0,1,0,1
3825569,Rubén García Santos,6,5,83.33,1,0,1,5,0,2,0,0,2,1
3825569,Néstor Díaz García,2,2,100.0,0,0,0,0,0,0,0,0,0,0
3825568,Roberto Soldado Rillo,21,13,61.9,3,1,0,8,1,0,2,1,3,3
3825568,Bruno Soriano Llido,31,21,67.74,0,0,0,6,3,4,6,2,0,2
3825568,Eric Bertrand Bailly,13,9,69.23,0,0,0,3,2,2,3,1,1,2
3825568,Leonardo Carrilho Baptistão,9,8,88.89,1,0,2,12,0,3,4,2,0,2
3825568,Juan Manuel Vargas Risco,58,42,72.41,3,0,0,4,2,8,1,1,1,1
3825568,Mario Gaspar Pérez Martínez,32,16,50.0,0,0,0,5,0,2,4,2,0,2
3825568,Matías Nahuel Leiva Esquivel,29,20,68.97,0,0,2,19,1,6,0,4,2,2
3825568,Bruno González Cabrera,34,27,79.41,1,0,0,11,2,0,5,0,1,2
3825568,Jorge Molina Vidal,19,15,78.95,1,0,0,2,0,2,3,1,3,1
3825568,Alfred John Momar N''Diaye,24,16,66.67,0,0,1,11,2,2,11,1,0,1
3825568,Jaume Vicent Costa Jordá,31,20,64.52,0,0,0,12,1,2,3,11,0,0
3825568,Víctor Ruíz Torre,16,10,62.5,1,0,0,6,0,2,1,1,1,3
3825568,Xavier Torres Buigues,49,43,87.76,4,0,1,19,2,7,5,0,5,2
3825568,Samuel Castillejo Azuaga,18,13,72.22,1,0,2,26,0,5,4,2,1,2
3825568,Antonio Adán Garrido,27,15,55.56,0,0,0,1,0,5,0,0,0,0
3825568,Tomás Pina Isla,21,16,76.19,0,0,0,10,1,7,2,3,5,3
3825568,Francisco Portillo Soler,56,44,78.57,1,0,5,6,1,10,2,1,3,1
3825568,Cristiano Piccini,72,52,72.22,3,0,4,10,0,3,5,1,3,0
3825568,Álvaro Cejudo Carmona,45,27,60.0,4,0,3,7,1,11,2,0,2,1
3825568,Rubén Castro Martín,29,17,58.62,3,1,2,4,0,4,1,2,2,1
3825568,Germán Alejandro Pezzella,38,30,78.95,1,0,0,6,2,4,4,0,0,1
3825568,Alphonse Areola,27,14,51.85,0,0,0,0,0,2,0,0,0,0
3825568,Cédric Bakambu,5,2,40.0,1,0,1,9,0,1,4,0,0,2
3825568,Samuel García Sánchez,8,1,12.5,1,0,0,10,0,2,1,1,0,3
3825568,Daniel Ceballos Fernández,19,17,89.47,0,0,1,2,0,0,1,0,2,2
3825568,Manuel Trigueros Muñoz,2,1,50.0,0,0,0,2,0,0,1,0,0,1
3825568,Fabián Ruiz Peña,3,3,100.0,0,0,0,2,0,0,1,0,0,0
3825568,Vincenzo Renato Rennella,4,3,75.0,1,0,0,0,0,1,0,0,1,0
3825567,Arnaldo Antonio Sanabria Ayala,23,12,52.17,1,0,2,15,0,6,11,2,1,1
3825567,Miguel Ángel Guerrero Martín,27,25,92.59,1,0,0,16,1,2,4,1,0,2
3825567,Sergio Álvarez Díaz,36,27,75.0,0,0,0,25,2,4,5,3,1,3
3825567,Jonathan Rodríguez Menéndez,24,14,58.33,0,0,0,11,1,5,0,1,1,2
3825567,Ismael López Blanco,37,25,67.57,0,0,1,13,1,7,2,2,0,1
3825567,Raphaël Varane,51,43,84.31,1,0,0,7,1,4,2,1,0,1
3825567,Keylor Navas Gamboa,28,24,85.71,0,0,0,0,0,5,0,0,0,0
3825567,Marcelo Vieira da Silva Júnior,90,69,76.67,2,0,8,3,3,8,4,2,3,0
3825567,Toni Kroos,93,85,91.4,1,0,2,5,0,8,2,2,2,0
3825567,Sergio Ramos García,76,68,89.47,0,0,0,9,5,7,0,2,3,1
3825567,Danilo Luiz da Silva,74,62,83.78,0,0,0,4,0,5,4,0,1,1
3825567,Francisco Román Alarcón Suárez,36,25,69.44,3,0,6,8,0,2,3,1,6,1
3825567,Ignacio Cases Mora,36,28,77.78,1,0,1,23,0,9,8,3,2,3
3825567,Luka Modrić,87,81,93.1,2,0,2,6,5,6,2,2,2,0
3825567,Gareth Frank Bale,57,45,78.95,4,0,8,8,1,4,2,0,5,0
3825567,Jesé Rodríguez Ruiz,19,16,84.21,2,0,1,6,2,4,6,3,0,1
3825567,Bernardo José Espinosa Zúñiga,22,15,68.18,1,0,0,12,2,3,5,3,0,4
3825567,Iván Cuéllar Sacristán,34,9,26.47,0,0,0,1,0,7,0,0,0,0
3825567,Alberto Lora Ramos,44,29,65.91,0,0,0,12,1,6,5,2,0,2
3825567,Carlos Carmona Bonet,36,19,52.78,1,0,2,44,1,9,9,8,1,3
3825567,Cristiano Ronaldo dos Santos Aveiro,33,22,66.67,10,0,4,2,0,5,2,1,0,0
3825567,Luis Hernández Rodríguez,22,11,50.0,0,0,0,2,1,3,2,5,0,1
3825567,James David Rodríguez Rubio,29,19,65.52,2,0,2,2,0,2,0,1,1,1
3825567,Mateo Kovačić,18,16,88.89,0,0,0,5,0,1,0,0,0,0
3825567,Juan Muñiz Gallego,3,1,33.33,0,0,2,13,0,1,1,0,0,1
3825567,Alejandro Menéndez Díez,4,3,75.0,1,0,0,1,0,3,0,0,0,0
3825567,Rachid Aït-Atmane,1,0,0.0,0,0,2,3,0,1,1,0,0,0
3825567,Daniel Carvajal Ramos,7,6,85.71,0,0,0,1,0,0,1,0,0,0
3825566,Álvaro Negredo Sánchez,22,14,63.64,2,0,0,7,0,2,8,0,2,1
3825566,Pablo Daniel Piatti,21,14,66.67,1,0,4,21,0,10,5,4,1,0
3825566,Javier Fuego Martínez,38,27,71.05,0,0,1,25,4,6,4,3,3,3
3825566,Alberto Mateus Contreiras Gonçalves,17,13,76.47,1,0,2,21,1,3,11,0,1,2
3825566,José Raúl Baena Urdiales,62,46,74.19,0,0,1,22,2,8,8,1,1,1
3825566,Tiago Manuel Dias Correia,25,15,60.0,3,0,4,13,2,6,3,1,0,2
3825566,Roberto Trashorras Gayoso,72,57,79.17,2,0,2,17,2,4,2,1,2,0
3825566,José Ignacio Martínez García,40,29,72.5,0,0,1,21,1,1,6,3,1,4
3825566,Santiago Mina Lorenzo,19,16,84.21,2,0,0,20,0,2,8,2,2,1
3825566,João Pedro Cavaco Cancelo,61,47,77.05,1,0,6,26,3,12,4,2,2,0
3825566,Mathew Ryan,41,25,60.98,0,0,0,0,0,1,0,0,0,0
3825566,José Eduardo Rosa Vale de Castro,44,36,81.82,0,0,0,8,1,2,7,2,0,1
3825566,Patrick Ebert,45,30,66.67,1,0,2,14,0,6,2,1,1,4
3825566,Rodrigo Javier De Paul,34,17,50.0,0,0,5,34,3,4,3,2,4,0
3825566,Danilo Barbosa da Silva,23,18,78.26,2,0,2,38,0,5,7,4,2,2
3825566,Antonio Rodríguez Martínez,28,21,75.0,0,0,0,0,0,4,0,0,0,0
3825566,Roberto Román Triguero,53,41,77.36,0,0,2,18,1,2,7,0,1,3
3825566,Lucas Alfonso Orbán Alegre,35,20,57.14,0,0,3,23,3,10,4,1,3,3
3825566,Diego Javier Llorente Ríos,47,43,91.49,0,0,1,11,1,5,5,4,0,1
3825566,Nicolás Ladislao Fedor Flores,28,22,78.57,0,0,0,19,2,6,1,2,1,4
3825566,Shkodran Mustafi,45,37,82.22,1,0,1,14,1,7,3,3,2,1
3825566,Rúben Miguel Nunes Vezo,39,25,64.1,0,0,0,15,1,2,8,1,1,1
3825566,Alhassane Bangoura,11,5,45.45,1,0,6,8,1,3,2,0,1,0
3825566,Zakaria Bakkali,5,4,80.0,1,0,0,10,0,0,0,0,0,1
3825566,Antonio Barragán Fernández,9,7,77.78,0,0,1,6,0,1,1,0,0,0
3825566,Luis Carlos Fariña Olivera,3,2,66.67,0,0,0,3,1,1,0,0,1,0
3825566,Rodrigo Moreno Machado,3,0,0.0,0,0,0,3,0,2,0,0,0,0
3825565,Felipe Salvador Caicedo Corozo,19,14,73.68,0,0,3,15,0,2,4,4,0,0
3825565,Salvador Sevilla López,21,14,66.67,1,1,0,15,0,1,1,1,1,1
3825565,Javier López Rodríguez,29,21,72.41,1,0,2,26,2,3,6,1,1,4
3825565,Álvaro Vázquez García,12,7,58.33,4,0,0,13,0,5,6,1,1,0
3825565,Rubén Duarte Sánchez,34,22,64.71,0,0,0,17,1,6,2,1,0,2
3825565,Francisco Montañés Claverías,25,13,52.0,1,0,4,29,2,2,7,0,3,4
3825565,Carlos Martín Vigaray,52,45,86.54,0,0,0,12,5,7,5,1,1,3
3825565,Víctor Rodríguez Romero,47,42,89.36,1,0,3,16,0,1,5,2,2,0
3825565,Anaitz Arbilla Zabala,39,29,74.36,0,0,1,20,1,4,3,4,0,3
3825565,Juan Antonio Rodríguez Villamuela,41,37,90.24,0,0,1,13,1,4,2,0,3,0
3825565,Alexis Ruano Delgado,57,48,84.21,0,0,0,5,2,4,1,0,0,2
3825565,Pablo Sarabia García,42,21,50.0,2,0,1,15,0,3,0,2,2,1
3825565,Antonio José Raillo Arenas,16,8,50.0,1,0,0,2,3,1,0,0,0,1
3825565,Víctor Guillermo Álvarez Delgado,31,18,58.06,0,0,3,19,2,5,3,2,3,4
3825565,Pedro León Sánchez Gil,45,27,60.0,4,0,4,10,0,5,0,0,5,4
3825565,Damián Nicolás Suárez Suárez,54,45,83.33,1,0,1,15,1,4,5,1,2,1
3825565,Vicente Guaita Panadero,37,23,62.16,0,0,1,0,0,5,0,0,0,0
3825565,Álvaro González Soberón,15,11,73.33,0,0,0,8,4,1,1,3,0,0
3825565,Santiago Vergini,55,52,94.55,0,0,2,2,3,8,2,1,0,2
3825565,Víctor Sánchez Mata,38,22,57.89,0,0,1,40,1,6,10,4,2,5
3825565,Mehdi Lacen,90,77,85.56,0,0,1,14,1,5,5,1,5,1
3825565,Pau López Sabata,23,10,43.48,0,0,0,0,0,5,0,0,0,0
3825565,Gerard Moreno Balaguero,12,7,58.33,1,0,1,9,0,2,2,0,1,1
3825565,Emiliano Buendía,21,17,80.95,0,0,1,2,0,4,1,0,3,0
3825565,Álvaro Medrán Just,23,22,95.65,0,0,0,3,0,1,2,0,1,1
3825565,José Alberto Cañas Ruiz Herrera,6,4,66.67,0,0,0,5,0,1,2,0,0,0
3825565,Jorge Franco Alviz,9,7,77.78,0,0,1,4,1,1,1,1,1,0
3825565,Ian González Nieto,11,9,81.82,1,0,0,0,0,0,0,0,0,0
3825564,Rubén Pardo Gutiérrez,42,28,66.67,3,0,1,11,0,6,4,0,0,1
3825564,Carlos Alberto Vela Garrido,39,23,58.97,3,0,4,9,0,3,3,2,3,0
3825564,Íñigo Martínez Berridi,39,26,66.67,0,0,1,2,3,4,2,2,1,1
3825564,Xabier Prieto Argarate,44,31,70.45,0,0,3,13,0,4,2,4,1,1
3825564,Fernando Navarro i Corbacho,51,39,76.47,0,0,0,8,1,2,6,3,0,2
3825564,Joseba Zaldúa Bengoetxea,45,31,68.89,0,0,1,11,2,6,1,1,4,2
3825564,Rubén Gracia Calmache,36,27,75.0,1,0,1,6,4,5,1,1,1,1
3825564,Pedro Mosquera Parada,63,58,92.06,2,0,0,21,1,10,6,1,1,2
3825564,Diego Antonio Reyes Rosales,23,22,95.65,0,0,0,6,1,2,3,6,0,1
3825564,Fayçal Fajr,60,46,76.67,2,0,3,14,1,2,4,0,3,3
3825564,Sidnei Rechel da Silva Júnior,64,53,82.81,0,0,1,9,3,6,1,2,0,0
3825564,Alberto Lopo García,55,42,76.36,0,0,0,11,1,3,8,3,2,2
3825564,Lucas Pérez Martínez,23,21,91.3,5,0,2,14,1,1,4,0,1,1
3825564,Laureano Sanabria Ruiz,57,40,70.18,0,0,1,15,3,5,6,1,0,3
3825564,Celso Borges Mora,43,35,81.4,2,0,1,19,3,2,5,2,1,2
3825564,Armindo Tué Na Bangna,30,22,73.33,1,0,2,19,2,2,4,2,3,2
3825564,Alberto De La Bella Madureño,56,36,64.29,0,0,0,14,5,4,8,6,1,0
3825564,Juan Francisco Moreno Fuertes,39,22,56.41,1,0,1,6,2,7,2,0,0,0
3825564,Jonathas Cristian de Jesus,28,20,71.43,3,0,4,21,0,4,9,4,4,3
3825564,Gerónimo Rulli,27,18,66.67,0,0,0,0,0,4,0,0,0,0
3825564,Markel Bergara Larrañaga,38,29,76.32,0,0,0,22,2,1,5,2,0,1
3825564,Germán Darío Lux,36,23,63.89,0,0,0,0,0,6,0,0,0,0
3825564,Oriol Riera Magem,6,3,50.0,0,0,0,9,0,0,3,1,0,1
3825564,Federico Nicolás Cartabia,11,4,36.36,3,0,1,5,0,2,0,2,1,1
3825564,Sergio Canales Madrazo,3,2,66.67,0,0,0,2,0,2,0,0,1,0
3825564,Gonzalo Castro Irizábal,3,0,0.0,0,0,0,1,0,0,0,0,0,0
3825563,Jonathan Viera Ramos,39,29,74.36,0,0,5,25,2,3,3,0,1,1
3825563,Aythami Artiles Oliva,46,43,93.48,1,0,0,10,4,3,3,2,1,1
3825563,Antolín Alcáraz Viveros,62,46,74.19,0,0,1,13,3,2,5,2,1,2
3825563,Antoine Griezmann,54,43,79.63,3,1,3,23,0,4,1,3,2,1
3825563,Sergio Ezequiel Araújo,13,10,76.92,1,0,1,12,0,4,4,1,1,2
3825563,José María Giménez de Vargas,50,42,84.0,0,0,0,6,0,3,0,0,1,0
3825563,Hernán Daniel Santana Trujillo,28,19,67.86,0,0,1,12,4,3,5,2,3,1
3825563,Tiago Cardoso Mendes,70,58,82.86,1,0,0,18,0,4,5,2,1,0
3825563,Pedro Bigas Rigo,43,36,83.72,1,0,1,17,2,2,2,1,0,4
3825563,Juan Francisco Torres Belén,68,54,79.41,0,0,2,11,3,4,3,2,0,1
3825563,Jackson Arley Martínez Valencia,19,14,73.68,0,0,0,8,0,3,7,1,1,2
3825563,Javi Castellano Betancor,41,33,80.49,1,0,0,18,4,5,5,2,3,2
3825563,Gabriel Fernández Arenas,85,69,81.18,0,0,2,28,3,11,4,2,3,4
3825563,Diego Roberto Godín Leal,69,63,91.3,0,0,3,3,3,4,0,1,0,0
3825563,Jorge Resurrección Merodio,88,70,79.55,2,0,0,14,3,2,7,1,4,1
3825563,Dani Castellano Betancor,31,25,80.65,1,0,2,12,8,0,3,1,2,0
3825563,Óliver Torres Muñoz,37,32,86.49,1,0,1,22,0,5,3,4,2,2
3825563,Raúl Lizoáin Cruz,36,21,58.33,0,0,0,0,0,5,0,0,0,0
3825563,David Simón Rodríguez Santana,40,26,65.0,1,0,1,13,3,4,3,0,1,2
3825563,Filipe Luís Kasmirski,78,69,88.46,2,0,3,9,1,5,4,0,1,0
3825563,Roque Mesa Quevedo,22,19,86.36,1,0,1,6,3,2,1,0,0,0
3825563,Jan Oblak,22,14,63.64,0,0,0,0,0,3,0,0,0,0
3825563,Fernando José Torres Sanz,12,6,50.0,0,0,2,6,0,0,3,0,0,1
3825563,José Vicente Gómez Umpiérrez,12,7,58.33,0,0,3,12,1,3,0,0,0,2
3825563,Ángel Martín Correa,16,10,62.5,2,0,2,6,1,1,1,1,1,2
3825563,Jerónimo Figueroa Cabrera,7,5,71.43,0,0,1,8,0,2,3,0,0,1
3825563,Willian José da Silva,4,2,50.0,0,0,0,5,0,1,0,0,0,1
3825563,Raúl García Escudero,6,5,83.33,1,0,2,2,0,1,1,1,3,0
266498,Wanderson Maciel Sousa Campos,24,20,83.33,1,0,9,20,2,3,5,1,2,1
266498,Stefan Šćepović,22,15,68.18,0,0,0,8,0,0,1,0,1,0
266498,Abdoul Karim Yoda,20,13,65.0,2,0,5,22,0,5,2,1,0,1
266498,Jordi Alba Ramos,85,74,87.06,0,0,0,13,1,2,6,2,0,0
266498,Jérémy Mathieu,56,52,92.86,0,0,0,3,1,2,3,0,1,0
266498,Emiliano Buendía,43,37,86.05,0,0,3,37,7,13,9,3,3,1
266498,Neymar da Silva Santos Junior,69,57,82.61,5,2,11,9,0,4,2,0,7,3
266498,Claudio Andrés Bravo Muñoz,27,26,96.3,0,0,0,0,0,1,0,0,0,0
266498,Aleix Vidal Parreu,80,71,88.75,0,0,2,16,2,6,2,1,2,0
266498,Gerard Piqué Bernabéu,64,60,93.75,1,0,0,4,1,2,1,1,0,1
266498,Munir El Haddadi Mohamed,27,24,88.89,1,1,1,18,1,2,0,1,0,0
266498,Santiago Vergini,22,18,81.82,0,0,1,8,2,5,2,1,0,0
266498,Andrés Iniesta Luján,55,47,85.45,0,0,3,13,2,2,2,0,0,1
266498,Álvaro Medrán Just,35,27,77.14,0,0,3,25,0,7,2,2,0,4
266498,Arda Turan,69,65,94.2,2,1,3,19,0,10,4,3,2,1
266498,Sergi Roberto Carnicer,58,56,96.55,0,0,1,22,2,5,3,0,1,1
266498,Emiliano Daniel Velázquez Maldonado,20,13,65.0,0,0,0,18,2,2,4,1,0,1
266498,Vicente Guaita Panadero,24,14,58.33,0,0,0,0,0,4,0,0,0,0
266498,Pedro León Sánchez Gil,6,3,50.0,0,0,0,10,0,2,2,0,0,3
266498,Lionel Andrés Messi Cuccittini,54,45,83.33,6,1,14,5,0,3,0,0,3,0
266498,Juan Antonio Rodríguez Villamuela,36,31,86.11,0,0,1,15,0,2,5,1,0,1
266498,Álvaro Daniel Pereira Barragán,24,17,70.83,0,0,1,15,2,0,4,1,0,1
266498,Víctor Rodríguez Romero,18,15,83.33,0,0,1,11,0,4,0,0,0,0
266498,Moisés Gómez Bordonado,27,20,74.07,2,0,0,13,0,2,3,0,0,2
266498,Sergi Samper Montaña,26,22,84.62,0,0,0,11,0,2,2,0,0,0
266498,Thomas Vermaelen,23,21,91.3,0,0,0,2,0,1,0,0,0,0
266498,Marc Bartra Aregall,18,18,100.0,0,0,0,4,0,0,2,1,0,0
266498,Bernard Mensah,2,1,50.0,1,0,2,7,0,0,0,0,0,1
266986,Lionel Andrés Messi Cuccittini,83,61,73.49,2,0,6,8,0,6,1,0,2,0
266986,Luis Alberto Suárez Díaz,24,18,75.0,4,1,2,13,1,1,1,1,1,1
266986,Sergio Busquets i Burgos,91,85,93.41,0,0,0,26,1,6,1,1,0,2
266986,Gerard Piqué Bernabéu,91,86,94.51,0,0,0,1,1,6,1,0,1,1
266986,Javier Alejandro Mascherano,91,88,96.7,0,0,2,10,1,8,3,1,0,1
266986,Jordi Alba Ramos,88,77,87.5,0,0,0,8,1,5,1,1,0,0
266986,Claudio Andrés Bravo Muñoz,13,13,100.0,0,0,0,0,0,1,0,0,0,0
266986,Martín Montoya Torralbo,31,21,67.74,0,0,4,23,1,2,4,3,1,1
266986,Daniel Alves da Silva,66,57,86.36,0,0,1,9,0,3,1,1,1,3
266986,Rubén Castro Martín,27,20,74.07,1,0,1,9,0,4,2,0,2,0
266986,Joaquín Sánchez Rodríguez,19,15,78.95,0,0,2,6,0,3,6,1,0,0
266986,Andrés Iniesta Luján,103,95,92.23,1,0,0,23,1,7,5,1,0,1
266986,Petros Matheus dos Santos Araújo,36,27,75.0,0,0,1,40,1,6,5,4,2,2
266986,Germán Alejandro Pezzella,15,13,86.67,0,0,0,11,1,1,3,3,0,0
266986,Bruno González Cabrera,26,19,73.08,1,0,4,13,0,5,3,2,0,2
266986,Neymar da Silva Santos Junior,52,41,78.85,3,0,8,12,1,1,3,0,4,1
266986,Álvaro Cejudo Carmona,28,18,64.29,0,0,0,20,2,4,4,2,2,1
266986,Daniel Ceballos Fernández,13,10,76.92,0,0,2,24,0,2,2,0,4,4
266986,Ivan Rakitić,59,54,91.53,2,1,0,21,1,5,5,1,2,3
266986,Alfred John Momar N''Diaye,25,23,92.0,0,0,0,32,1,1,1,2,0,0
266986,Heiko Westermann,5,4,80.0,0,0,0,5,0,0,2,0,0,2
266986,Antonio Adán Garrido,34,10,29.41,0,0,0,0,0,9,0,0,0,0
266986,Charly Musonda Junior,6,5,83.33,0,0,3,7,0,1,0,0,1,0
266986,Francisco Portillo Soler,9,9,100.0,0,0,3,6,0,0,2,1,0,0
266986,Sergi Roberto Carnicer,13,10,76.92,0,0,0,2,0,1,1,0,1,0
266986,Ricky van Wolfswinkel,4,4,100.0,0,0,0,2,0,1,0,0,0,0
266986,Arda Turan,2,2,100.0,0,0,0,2,0,0,0,0,0,0
266986,Marc-André ter Stegen,1,1,100.0,0,0,0,0,0,0,0,0,0,0
267533,Luis Alberto Suárez Díaz,26,21,80.77,3,0,1,5,0,1,3,2,4,2
267533,Lionel Andrés Messi Cuccittini,83,70,84.34,3,0,3,3,0,1,0,0,1,2
267533,Sergio Busquets i Burgos,91,86,94.51,0,0,1,11,1,7,6,1,3,4
267533,Javier Alejandro Mascherano,79,75,94.94,0,0,0,7,2,4,1,3,0,2
267533,Gerard Piqué Bernabéu,82,78,95.12,1,1,0,4,0,5,4,3,0,0
267533,Ivan Rakitić,49,44,89.8,2,0,1,15,2,3,1,0,4,3
267533,Carlos Henrique Casimiro,38,33,86.84,0,0,0,31,3,3,6,4,3,4
267533,Jordi Alba Ramos,80,75,93.75,0,0,1,6,0,8,0,4,1,2
267533,Neymar da Silva Santos Junior,43,37,86.05,1,0,4,8,0,4,2,1,3,3
267533,Andrés Iniesta Luján,83,73,87.95,1,0,3,11,0,6,2,1,3,1
267533,Claudio Andrés Bravo Muñoz,24,19,79.17,0,0,0,0,0,4,0,0,0,0
267533,Luka Modrić,33,33,100.0,1,0,1,17,1,6,1,1,3,2
267533,Kléper Laveran Lima Ferreira,30,18,60.0,0,0,0,8,1,5,2,0,3,1
267533,Cristiano Ronaldo dos Santos Aveiro,18,12,66.67,5,1,8,8,0,5,2,0,3,2
267533,Marcelo Vieira da Silva Júnior,45,39,86.67,1,0,2,11,2,7,1,2,2,2
267533,Keylor Navas Gamboa,26,18,69.23,0,0,0,0,0,4,0,0,0,0
267533,Karim Benzema,25,18,72.0,4,1,1,9,0,1,2,1,0,0
267533,Toni Kroos,42,37,88.1,0,0,0,38,0,1,2,1,3,3
267533,Daniel Carvajal Ramos,36,28,77.78,0,0,2,13,4,1,0,1,2,2
267533,Gareth Frank Bale,28,21,75.0,4,0,0,11,0,3,2,0,2,3
267533,Daniel Alves da Silva,63,58,92.06,2,0,1,8,0,2,4,2,1,2
267533,Sergio Ramos García,20,14,70.0,0,0,0,6,1,2,3,2,0,4
267533,Arda Turan,9,9,100.0,1,0,0,3,0,2,0,1,1,0
267533,Jesé Rodríguez Ruiz,8,7,87.5,0,0,0,5,0,1,1,0,0,0
267533,Lucas Vázquez Iglesias,1,1,100.0,0,0,0,2,0,0,0,0,0,0
266310,Lucas Pérez Martínez,39,30,76.92,5,0,2,21,0,5,2,1,0,4
266310,Rubén Gracia Calmache,31,25,80.65,1,0,1,11,1,4,3,1,0,3
266310,Sidnei Rechel da Silva Júnior,27,21,77.78,0,0,2,9,1,2,2,1,0,0
266310,Oriol Riera Magem,34,27,79.41,2,0,1,22,0,6,3,0,0,0
266310,Javier Alejandro Mascherano,53,47,88.68,0,0,0,13,5,0,3,3,0,0
266310,Pedro Mosquera Parada,52,45,86.54,2,0,1,40,0,6,3,2,2,2
266310,Marc Bartra Aregall,54,48,88.89,1,1,0,7,3,2,0,1,1,0
266310,Alejandro Bergantiños García,26,20,76.92,0,0,1,10,0,2,0,0,0,1
266310,Jordi Alba Ramos,78,72,92.31,0,0,0,9,3,4,2,4,1,0
266310,Andrés Iniesta Luján,66,62,93.94,0,0,2,12,1,1,1,0,3,0
266310,Sergio Busquets i Burgos,54,53,98.15,0,0,0,20,2,1,2,2,1,1
266310,Neymar da Silva Santos Junior,55,49,89.09,2,1,4,13,0,2,1,0,4,1
266310,Laureano Sanabria Ruiz,39,29,74.36,0,0,1,12,0,2,1,4,0,2
266310,Ivan Rakitić,74,66,89.19,3,1,4,27,0,2,4,1,2,2
266310,Daniel Alves da Silva,107,101,94.39,0,0,0,24,2,3,4,0,1,1
266310,Lionel Andrés Messi Cuccittini,80,72,90.0,3,1,8,3,0,0,0,1,0,1
266310,Fernando Navarro i Corbacho,12,7,58.33,0,0,0,9,0,1,3,1,1,0
266310,Luis Alberto Suárez Díaz,29,27,93.1,8,4,2,13,0,1,0,0,0,2
266310,Celso Borges Mora,30,25,83.33,2,0,1,10,0,3,0,0,2,1
266310,Manuel Fernández Muñíz,25,14,56.0,0,0,0,0,0,5,0,0,1,0
266310,Claudio Andrés Bravo Muñoz,26,25,96.15,0,0,0,0,0,0,0,0,0,0
266310,Juan Francisco Moreno Fuertes,38,31,81.58,0,0,3,14,2,2,3,0,1,0
266310,Sergi Roberto Carnicer,34,32,94.12,0,0,2,15,0,3,1,0,0,0
266310,Federico Nicolás Cartabia,15,14,93.33,2,0,0,9,1,1,0,0,0,0
266310,Fayçal Fajr,27,25,92.59,2,0,1,8,1,4,0,1,1,1
266310,Adriano Correia Claro,20,20,100.0,0,0,0,5,0,0,0,0,0,0
266310,Jonás Manuel Gutiérrez,8,6,75.0,1,0,1,13,0,1,1,0,0,0
266310,Rafael Alcântara do Nascimento,18,18,100.0,0,0,1,6,0,0,0,0,1,1
267576,Luis Alberto Suárez Díaz,18,16,88.89,3,1,5,6,0,2,2,0,3,0
267576,Neymar da Silva Santos Junior,47,42,89.36,1,0,6,8,0,1,0,0,6,2
267576,Sergio Busquets i Burgos,71,64,90.14,0,0,1,22,0,4,5,2,0,0
267576,Daniel Alves da Silva,95,86,90.53,2,0,2,16,0,6,5,2,0,2
267576,Gerard Piqué Bernabéu,86,86,100.0,0,0,0,6,2,6,4,2,1,0
267576,Javier Alejandro Mascherano,71,69,97.18,0,0,0,14,0,3,6,2,0,1
267576,Antoine Griezmann,33,25,75.76,2,0,2,16,1,6,2,0,0,0
267576,Yannick Ferreira Carrasco,32,26,81.25,1,0,12,19,2,8,5,1,2,2
267576,Claudio Andrés Bravo Muñoz,28,24,85.71,0,0,0,0,0,5,0,0,1,0
267576,Jordi Alba Ramos,83,69,83.13,0,0,0,6,0,3,1,1,0,0
267576,Saúl Ñíguez Esclapez,30,19,63.33,1,0,6,35,2,5,10,2,0,3
267576,Andrés Iniesta Luján,80,66,82.5,0,0,0,16,0,7,4,0,1,2
267576,Augusto Matías Fernández,25,21,84.0,1,0,2,17,5,3,1,0,1,0
267576,Juan Francisco Torres Belén,31,27,87.1,0,0,2,15,1,3,2,1,2,5
267576,Gabriel Fernández Arenas,22,18,81.82,0,0,0,7,1,3,1,1,1,1
267576,Diego Roberto Godín Leal,10,9,90.0,0,0,1,11,6,1,6,0,0,3
267576,Ivan Rakitić,34,29,85.29,0,0,3,14,0,7,2,0,2,1
267576,Jorge Resurrección Merodio,50,33,66.0,1,1,0,31,2,10,6,2,1,0
267576,Filipe Luís Kasmirski,20,16,80.0,0,0,1,17,2,1,2,1,0,5
267576,José María Giménez de Vargas,11,7,63.64,1,0,1,14,2,4,4,3,0,0
267576,Jan Oblak,18,4,22.22,0,0,0,0,0,0,0,0,0,0
267576,Lionel Andrés Messi Cuccittini,68,54,79.41,3,1,10,10,0,5,0,1,4,0
267576,Jesús Gámez Duarte,20,14,70.0,0,0,0,14,1,0,1,0,0,0
267576,Stefan Savić,2,2,100.0,0,0,0,4,0,0,1,0,0,1
267576,Arda Turan,27,26,96.3,1,0,1,6,0,1,2,1,1,0
267576,Thomas Teye Partey,4,3,75.0,0,0,1,13,0,1,5,1,1,1
267576,Sergi Roberto Carnicer,11,11,100.0,0,0,0,0,0,0,0,0,0,0
266653,Francisco Medina Luna,22,14,63.64,0,0,2,10,0,6,0,0,1,1
266653,Alberto Mateus Contreiras Gonçalves,17,11,64.71,1,1,0,19,1,1,7,2,0,2
266653,Manuel Rolando Iturra Urrutia,22,20,90.91,0,0,1,33,1,2,2,0,1,3
266653,Joaquín José Marín Ruiz,40,26,65.0,1,0,0,23,0,1,2,0,1,2
266653,Diego Javier Llorente Ríos,23,19,82.61,0,0,1,11,1,5,1,3,2,2
266653,Juan Carlos Martín Corral,37,31,83.78,0,0,0,0,0,4,0,0,1,0
266653,Luis Alberto Suárez Díaz,25,17,68.0,6,0,3,9,0,5,3,1,0,3
266653,Jérémy Mathieu,48,40,83.33,1,0,1,8,1,4,3,3,0,0
266653,Javier Alejandro Mascherano,52,46,88.46,0,0,0,14,1,2,1,3,0,0
266653,Gerard Piqué Bernabéu,58,53,91.38,2,0,0,6,0,6,2,0,0,0
266653,Ivan Rakitić,40,35,87.5,1,1,1,18,1,7,2,2,5,0
266653,Claudio Andrés Bravo Muñoz,43,37,86.05,0,0,0,0,0,5,0,0,0,0
266653,Roberto Román Triguero,31,19,61.29,2,0,0,13,1,4,3,3,1,2
266653,Lionel Andrés Messi Cuccittini,51,39,76.47,5,3,6,10,0,6,1,0,4,0
266653,Adrián Embarba Blázquez,28,21,75.0,3,0,4,21,2,4,5,0,0,0
266653,Tiago Manuel Dias Correia,18,11,61.11,0,0,0,15,0,5,2,1,0,2
266653,Andrés Iniesta Luján,66,56,84.85,1,0,0,15,0,5,3,0,1,1
266653,Sergio Busquets i Burgos,46,39,84.78,0,0,0,23,1,4,7,0,5,1
266653,José Ángel Crespo Rincón,31,24,77.42,0,0,0,13,4,1,6,3,0,3
266653,Sergi Roberto Carnicer,36,30,83.33,0,0,0,3,1,2,2,1,1,0
266653,Neymar da Silva Santos Junior,49,38,77.55,4,0,4,9,0,2,0,1,3,3
266653,Roberto Trashorras Gayoso,45,34,75.56,0,0,4,17,0,5,3,1,0,1
266653,Jonhatan Montiel Caballero,6,4,66.67,1,0,1,10,0,1,0,0,1,1
266653,Antonio Amaya Carazo,11,10,90.91,0,0,0,7,0,1,1,0,1,0
266653,Arda Turan,18,15,83.33,1,1,2,4,1,1,0,0,0,1
266653,Aleix Vidal Parreu,8,6,75.0,0,0,0,1,0,0,0,0,0,1
266653,Thomas Vermaelen,9,9,100.0,0,0,0,0,0,0,0,1,0,0
266653,Javier Guerra Rodríguez,4,2,50.0,0,0,0,1,0,0,1,0,1,0
265944,Alejandro Menéndez Díez,19,10,52.63,2,0,2,31,1,5,1,3,0,0
265944,Alen Halilović,33,23,69.7,2,0,3,17,0,7,0,1,0,0
265944,Luis Alberto Suárez Díaz,28,19,67.86,6,4,5,9,0,2,0,0,1,2
265944,Rachid Aït-Atmane,29,23,79.31,0,0,1,27,1,9,3,2,1,1
265944,Jordi Alba Ramos,97,79,81.44,1,0,0,14,0,5,3,2,0,1
265944,Ognjen Vranješ,21,17,80.95,0,0,0,28,4,3,4,1,3,6
265944,Andrés Iniesta Luján,79,69,87.34,3,0,2,15,0,6,1,3,1,0
265944,Pablo Pérez Rodríguez,19,5,26.32,0,0,2,21,0,3,8,1,1,1
265944,Neymar da Silva Santos Junior,55,45,81.82,3,1,4,11,0,5,1,2,7,4
265944,Lionel Andrés Messi Cuccittini,74,58,78.38,7,1,9,4,0,3,0,0,1,0
265944,Igor Lichnovsky Osorio,19,13,68.42,0,0,0,8,1,0,4,2,1,0
265944,Iván Cuéllar Sacristán,32,16,50.0,0,0,0,0,0,3,0,0,1,0
265944,Miguel Ángel Guerrero Martín,20,14,70.0,0,0,2,24,0,3,3,1,1,1
265944,Ivan Rakitić,76,65,85.53,1,0,0,11,2,6,1,0,0,0
265944,Ismael López Blanco,22,15,68.18,0,0,0,7,0,5,1,1,0,0
265944,Gerard Piqué Bernabéu,49,46,93.88,0,0,0,5,0,3,1,3,0,0
265944,Sergi Roberto Carnicer,42,37,88.1,1,0,0,2,1,4,2,0,1,0
265944,Javier Alejandro Mascherano,67,66,98.51,0,0,1,13,2,2,4,0,0,1
265944,Omar Mascarell González,31,25,80.65,0,0,1,43,0,4,4,1,0,1
265944,Sergio Busquets i Burgos,81,78,96.3,0,0,1,13,1,2,3,2,0,2
265944,Claudio Andrés Bravo Muñoz,13,12,92.31,0,0,0,0,0,1,0,1,0,0
265944,Luis Hernández Rodríguez,26,20,76.92,0,0,1,12,1,2,2,1,1,1
265944,Daniel Alves da Silva,59,52,88.14,0,0,0,3,0,3,0,2,1,0
265944,Arnaldo Antonio Sanabria Ayala,7,6,85.71,0,0,0,11,0,0,1,2,0,1
265944,Marc Bartra Aregall,12,12,100.0,1,0,0,0,0,0,0,0,0,0
265944,Roberto Canella Suárez,10,7,70.0,0,0,1,8,1,1,0,0,0,1
265944,Arda Turan,12,10,83.33,0,0,0,6,0,0,1,0,0,1
265944,Carlos Castro García,3,2,66.67,0,0,0,2,0,0,1,0,1,0
265894,Luis Alberto Suárez Díaz,24,18,75.0,1,0,3,3,0,1,4,2,1,0
265894,Lionel Andrés Messi Cuccittini,53,42,79.25,6,1,3,10,0,7,0,0,2,1
265894,Sergio Busquets i Burgos,58,53,91.38,0,0,0,9,0,3,5,2,1,1
265894,Aleix Vidal Parreu,79,61,77.22,0,0,1,12,1,4,2,5,2,0
265894,Javier Alejandro Mascherano,64,54,84.38,0,0,0,4,0,0,3,3,0,0
265894,Adriano Correia Claro,69,64,92.75,1,0,0,6,0,6,1,3,1,2
265894,Thomas Vermaelen,23,21,91.3,0,0,0,2,0,1,4,2,2,1
265894,Charles Días Barbosa de Oliveira,21,19,90.48,5,0,0,14,0,5,2,0,2,4
265894,Marcos Alberto Angeleri,22,17,77.27,0,0,0,6,1,4,3,0,0,0
265894,Idriss Carlos Kameni,24,18,75.0,0,0,0,0,0,7,0,0,0,0
265894,Munir El Haddadi Mohamed,14,13,92.86,2,1,1,4,0,4,1,1,1,0
265894,Duje Čop,22,14,63.64,3,0,2,17,0,3,0,3,0,0
265894,Gonzalo Castro Irizábal,39,26,66.67,1,0,1,20,2,6,3,2,0,2
265894,José Luis García del Pozo,22,13,59.09,0,0,0,22,1,4,5,3,0,2
265894,Claudio Andrés Bravo Muñoz,39,20,51.28,0,0,0,0,0,5,0,0,0,0
265894,Arda Turan,56,53,94.64,1,0,4,11,0,8,7,3,4,2
265894,Weligton Róbson Pena de Oliveira,29,16,55.17,0,0,0,7,4,3,1,1,0,2
265894,Ignacio Camacho Barnola,31,21,67.74,2,0,1,19,1,7,4,1,2,2
265894,Andrés Iniesta Luján,72,67,93.06,0,0,4,9,0,6,1,1,2,3
265894,Miguel Torres Gómez,26,19,73.08,0,0,1,8,2,1,1,4,0,0
265894,Roberto José Rosales Altuve,28,21,75.0,2,0,1,10,1,3,3,0,1,2
265894,Juan Pablo Añor Acosta,26,17,65.38,1,1,4,14,1,9,3,2,4,2
265894,Jérémy Mathieu,20,18,90.0,0,0,0,1,0,0,0,0,1,0
265894,Ivan Rakitić,14,13,92.86,0,0,0,10,0,1,4,0,1,0
265894,Pablo Fornals Malla,19,13,68.42,0,0,2,6,1,2,0,0,0,3
265894,Sergi Roberto Carnicer,12,7,58.33,0,0,0,4,0,0,2,0,0,0
265894,Sérgio Paulo Barbosa Valente,2,1,50.0,0,0,0,1,0,0,1,0,0,1
265894,Roque Luis Santa Cruz Cantero,3,2,66.67,0,0,0,2,0,0,1,1,0,0
265958,Felipe Salvador Caicedo Corozo,12,10,83.33,1,0,2,11,0,3,3,0,3,3
265958,Enzo Pablo Roco Roco,21,15,71.43,0,0,1,8,0,1,4,1,0,1
265958,Neymar da Silva Santos Junior,65,48,73.85,3,1,7,17,1,3,2,5,6,1
265958,Jordi Alba Ramos,59,57,96.61,0,0,0,4,0,4,2,1,0,0
265958,Javier Alejandro Mascherano,59,55,93.22,0,0,0,13,0,1,2,1,0,4
265958,Hernán Arsenio Pérez González,25,15,60.0,0,0,7,9,0,5,1,0,0,4
265958,Gerard Piqué Bernabéu,59,54,91.53,0,0,1,7,2,4,2,1,1,0
265958,Daniel Alves da Silva,81,65,80.25,0,0,9,12,1,10,2,1,3,2
265958,Víctor Sánchez Mata,32,24,75.0,1,0,1,28,2,2,12,0,0,4
265958,Sergio Busquets i Burgos,69,63,91.3,0,0,3,20,0,4,5,3,4,3
265958,Ivan Rakitić,41,39,95.12,1,0,2,10,0,3,2,0,1,3
265958,Andrés Iniesta Luján,44,36,81.82,0,0,2,9,0,4,2,3,6,0
265958,Luis Alberto Suárez Díaz,18,15,83.33,3,2,7,5,0,4,2,2,1,0
265958,José Alberto Cañas Ruiz Herrera,26,23,88.46,0,0,0,20,1,4,1,4,1,3
265958,Pau López Sabata,24,11,45.83,0,0,0,2,0,5,0,1,0,0
265958,Javier López Rodríguez,33,22,66.67,0,0,0,10,0,7,1,3,1,3
265958,Marco Asensio Willemsen,32,27,84.38,0,0,5,30,0,1,3,3,2,5
265958,Lionel Andrés Messi Cuccittini,63,51,80.95,6,1,9,4,0,4,0,1,10,1
265958,Papa Kouly Diop,26,18,69.23,1,0,0,16,2,3,2,2,1,2
265958,Víctor Guillermo Álvarez Delgado,36,26,72.22,1,0,1,16,0,6,7,2,4,5
265958,Marc-André ter Stegen,23,22,95.65,0,0,0,0,0,7,0,0,0,0
265958,Rubén Duarte Sánchez,10,7,70.0,0,0,0,12,1,2,5,0,1,0
265958,Gerard Moreno Balaguero,16,8,50.0,0,0,3,5,0,3,2,2,1,1
265958,Roberto Antonio Correa Silva,11,7,63.64,0,0,0,7,0,2,0,0,0,3
265958,Jérémy Mathieu,13,9,69.23,0,0,0,0,0,0,0,0,0,0
265958,Rafael Alcântara do Nascimento,16,14,87.5,1,1,0,1,0,3,0,0,0,1
265958,Francisco Montañés Claverías,4,3,75.0,0,0,0,6,0,0,2,0,1,0
265958,Arda Turan,15,14,93.33,0,0,0,5,0,0,1,2,1,0
267611,Luis Alberto Suárez Díaz,20,16,80.0,5,2,4,8,0,3,0,2,0,2
267611,Neymar da Silva Santos Junior,30,25,83.33,5,0,12,16,0,3,2,1,5,0
267611,Javier Alejandro Mascherano,83,80,96.39,1,0,1,20,4,5,7,2,3,3
267611,Adriano Correia Claro,64,58,90.62,0,0,0,10,3,4,4,2,1,0
267611,Marc Bartra Aregall,90,80,88.89,0,0,0,13,1,10,6,2,4,0
267611,Gerard Piqué Bernabéu,81,72,88.89,0,0,0,5,1,8,4,2,0,0
267611,David Simón Rodríguez Santana,37,25,67.57,1,0,4,12,0,8,2,0,0,6
267611,Sergio Busquets i Burgos,51,42,82.35,1,0,4,18,2,4,4,0,7,2
267611,Sergio Ezequiel Araújo,17,13,76.47,2,0,2,18,0,0,4,1,1,2
267611,Sergi Roberto Carnicer,84,71,84.52,0,0,4,10,0,5,4,2,1,2
267611,Lionel Andrés Messi Cuccittini,5,4,80.0,0,0,1,0,0,0,0,0,0,0
267611,Ivan Rakitić,83,66,79.52,1,0,4,11,1,9,3,1,3,1
267611,Mubarak Wakaso,32,27,84.38,1,0,4,28,0,7,3,1,3,4
267611,Hernán Daniel Santana Trujillo,19,16,84.21,0,0,0,17,0,2,0,0,0,3
267611,Dani Castellano Betancor,28,18,64.29,0,0,5,10,3,2,3,0,1,1
267611,Javier Varas Herrera,38,17,44.74,0,0,0,1,0,6,0,0,0,0
267611,Jonathan Viera Ramos,33,29,87.88,5,1,4,17,0,2,3,1,0,1
267611,Pedro Bigas Rigo,22,17,77.27,0,0,1,9,1,3,6,2,0,2
267611,Antolín Alcáraz Viveros,27,15,55.56,1,0,1,7,2,3,6,1,0,2
267611,Roque Mesa Quevedo,32,24,75.0,0,0,3,13,0,8,3,0,2,3
267611,Marc-André ter Stegen,31,29,93.55,0,0,0,0,0,2,0,0,0,0
267611,Munir El Haddadi Mohamed,33,22,66.67,1,0,2,21,0,4,0,0,1,1
267611,Aythami Artiles Oliva,22,17,77.27,0,0,0,2,0,3,3,2,1,0
267611,Juan Emmanuel Culio,13,11,84.62,0,0,2,10,1,3,4,1,2,1
267611,Nabil El Zhar,10,7,70.0,0,0,1,3,0,1,3,0,0,1
267611,Juan Carlos Valerón Santana,13,11,84.62,0,0,0,0,0,3,0,0,2,0
267611,Sandro Ramírez Castillo,2,1,50.0,2,0,1,5,0,1,0,0,0,1
267611,Gerard Gumbau Garriga,1,1,100.0,0,0,0,0,0,0,0,0,0,0
267422,Luis Alberto Suárez Díaz,15,7,46.67,5,0,4,4,0,3,2,1,6,1
267422,Sergio Busquets i Burgos,77,68,88.31,2,0,0,8,3,3,6,0,3,0
267422,Sergi Roberto Carnicer,57,53,92.98,0,0,0,3,0,3,1,0,1,1
267422,Javier Alejandro Mascherano,68,61,89.71,2,0,0,9,1,5,3,3,5,0
267422,Thomas Vermaelen,67,64,95.52,3,1,0,7,2,8,2,1,2,0
267422,Neymar da Silva Santos Junior,66,53,80.3,2,0,15,7,2,7,0,1,2,1
267422,Jordi Alba Ramos,90,76,84.44,0,0,2,3,0,6,1,2,1,0
267422,Nordin Amrabat,12,3,25.0,0,0,1,17,0,0,3,0,0,4
267422,Ricardo Jorge Luz Horta,22,16,72.73,0,0,3,15,2,3,7,1,0,1
267422,Duje Čop,21,14,66.67,1,0,5,26,0,4,4,2,0,4
267422,Lionel Andrés Messi Cuccittini,89,72,80.9,7,0,12,5,1,4,1,0,3,0
267422,Idriss Carlos Kameni,42,21,50.0,0,0,0,0,0,7,0,0,0,0
267422,Andrés Iniesta Luján,71,61,85.92,1,0,4,6,0,4,3,1,7,0
267422,Claudio Andrés Bravo Muñoz,31,28,90.32,0,0,0,0,0,7,0,0,0,0
267422,Roberto José Rosales Altuve,44,28,63.64,0,0,2,17,4,6,6,2,1,1
267422,Marcos Alberto Angeleri,6,3,50.0,0,0,0,11,3,1,7,2,1,1
267422,Fernando Damián Tissone,23,14,60.87,0,0,0,26,0,2,3,3,0,8
267422,Juan Carlos Pérez López,24,18,75.0,1,0,1,17,2,8,4,1,1,3
267422,Weligton Róbson Pena de Oliveira,2,1,50.0,0,0,0,3,0,0,0,0,0,0
267422,Ivan Rakitić,43,36,83.72,0,0,1,4,0,5,1,1,0,1
267422,José Luis García del Pozo,23,16,69.57,1,0,1,13,2,5,2,3,0,2
267422,Miguel Torres Gómez,16,7,43.75,0,0,0,13,1,2,2,3,1,2
267422,Raúl Albentosa Redal,9,7,77.78,0,0,0,5,0,3,1,3,0,2
267422,Charles Días Barbosa de Oliveira,9,6,66.67,1,0,2,4,2,2,2,0,0,2
267422,Rafael Alcântara do Nascimento,19,16,84.21,1,0,0,5,1,0,1,0,0,0
267422,Juan Pablo Añor Acosta,6,4,66.67,0,0,0,8,0,1,0,0,0,0
267422,Sandro Ramírez Castillo,3,3,100.0,0,0,0,2,0,0,0,1,0,0
267422,Jérémy Mathieu,1,1,100.0,0,0,0,1,0,0,0,0,0,0
266236,Mikel Rico Moreno,20,14,70.0,0,0,1,18,1,5,3,1,0,2
266236,Javier Eraso Goñi,21,13,61.9,0,0,2,53,1,2,3,1,1,0
266236,Aymeric Laporte,36,27,75.0,2,0,1,12,2,5,3,1,1,1
266236,Claudio Andrés Bravo Muñoz,66,47,71.21,0,0,0,0,0,7,0,0,0,0
266236,Javier Alejandro Mascherano,93,80,86.02,0,0,1,7,0,4,3,1,1,1
266236,Aritz Aduriz Zubeldia,20,11,55.0,1,0,2,24,1,1,11,0,2,4
266236,Thomas Vermaelen,84,77,91.67,0,0,0,1,0,2,4,1,1,1
266236,Markel Susaeta Laskurain,23,13,56.52,1,0,3,44,2,6,3,2,2,1
266236,Jordi Alba Ramos,103,76,73.79,0,0,2,2,0,3,2,0,0,0
266236,Óscar de Marcos Arana,47,34,72.34,0,0,1,28,3,6,3,2,0,1
266236,Rafael Alcântara do Nascimento,34,25,73.53,0,0,1,11,1,3,4,4,1,1
266236,Andrés Iniesta Luján,65,54,83.08,2,0,3,9,0,6,5,1,3,2
266236,Luis Alberto Suárez Díaz,31,24,77.42,3,1,0,10,0,2,3,0,4,4
266236,Gorka Elustondo Urkola,30,13,43.33,0,0,0,27,2,3,2,1,0,4
266236,Gorka Iraizoz Moreno,28,9,32.14,0,0,0,0,0,2,0,0,0,0
266236,Beñat Etxebarria Urkiaga,44,27,61.36,0,0,2,55,1,5,4,0,1,4
266236,Lionel Andrés Messi Cuccittini,54,39,72.22,4,0,11,7,0,6,2,0,0,0
266236,Mikel Balenziaga Oruesagasti,24,18,75.0,0,0,1,11,0,6,0,1,0,0
266236,Sabin Merino Zuloaga,10,6,60.0,1,0,3,17,1,1,1,2,1,0
266236,Ivan Rakitić,75,61,81.33,0,0,3,5,2,9,3,2,3,2
266236,Daniel Alves da Silva,16,16,100.0,0,0,0,2,0,0,1,0,0,0
266236,Sergio Busquets i Burgos,52,48,92.31,0,0,0,4,0,3,5,0,5,0
266236,Sergi Roberto Carnicer,45,37,82.22,1,0,7,6,3,4,4,1,0,0
266236,Eneko Bóveda Altube,28,14,50.0,0,0,0,12,2,2,1,2,0,0
266236,Ibai Gómez Pérez,10,8,80.0,1,0,2,11,0,1,2,0,0,1
266236,Carlos Gurpegi Nausia,12,8,66.67,0,0,0,4,1,3,2,0,1,0
266236,Marc Bartra Aregall,16,10,62.5,0,0,0,3,0,1,2,0,0,0
266236,Sandro Ramírez Castillo,2,2,100.0,0,0,0,0,0,0,3,0,0,0
267274,Luis Alberto Suárez Díaz,27,21,77.78,4,1,4,15,1,4,1,0,2,4
267274,Lionel Andrés Messi Cuccittini,59,49,83.05,7,0,14,10,1,6,3,1,3,2
267274,Sergio Busquets i Burgos,96,88,91.67,1,0,1,19,0,6,2,2,2,2
267274,Andrés Iniesta Luján,99,87,87.88,0,0,3,16,1,5,4,0,2,3
267274,Neymar da Silva Santos Junior,71,49,69.01,2,0,9,10,1,4,2,1,6,3
267274,Jordi Alba Ramos,84,71,84.52,0,0,0,7,1,5,2,1,0,0
267274,Javier Alejandro Mascherano,96,91,94.79,0,0,0,4,1,5,0,1,0,1
267274,Gerard Piqué Bernabéu,74,71,95.95,0,0,0,5,0,7,0,0,0,0
267274,Daniel Alves da Silva,68,60,88.24,0,0,0,14,0,8,7,4,2,2
267274,Danilo Barbosa da Silva,20,16,80.0,3,0,2,28,1,8,4,3,1,3
267274,Jaume Doménech Sánchez,34,16,47.06,0,0,0,0,0,3,0,0,1,0
267274,Rúben Miguel Nunes Vezo,32,15,46.88,0,0,0,28,6,1,4,2,2,2
267274,Santiago Mina Lorenzo,28,15,53.57,1,1,4,25,0,7,9,3,2,4
267274,Aymen Abdennour,13,12,92.31,0,0,1,12,0,1,1,2,1,1
267274,Aderllan Leandro de Jesus Santos,17,12,70.59,0,0,1,12,4,3,4,3,0,0
267274,Francisco Alcácer García,21,14,66.67,0,0,1,25,2,1,8,1,0,0
267274,Enzo Nicolás Pérez,35,30,85.71,1,0,1,21,1,1,6,3,1,1
267274,Ivan Rakitić,64,53,82.81,2,0,1,16,3,6,3,2,0,1
267274,José Luis Gayà Peña,38,25,65.79,0,0,0,16,2,2,4,2,3,1
267274,Rodrigo Javier De Paul,40,31,77.5,3,0,6,25,1,3,1,1,2,3
267274,Daniel Parejo Muñoz,38,31,81.58,1,0,2,32,2,9,8,2,5,2
267274,Claudio Andrés Bravo Muñoz,20,20,100.0,0,0,0,0,0,3,0,0,0,0
267274,Zakaria Bakkali,4,3,75.0,1,0,0,3,1,0,1,0,0,0
267274,Pablo Daniel Piatti,3,2,66.67,0,0,0,2,1,1,0,0,0,0
267274,Carlos Carbonell Gil,2,1,50.0,0,0,1,3,0,1,0,1,0,0
266961,Luis Alberto Suárez Díaz,41,32,78.05,5,0,6,16,1,4,3,0,3,1
266961,Lionel Andrés Messi Cuccittini,95,80,84.21,8,1,14,4,0,0,0,0,3,0
266961,Sergio Busquets i Burgos,64,56,87.5,0,0,2,19,2,3,2,4,3,0
266961,Jordi Alba Ramos,81,72,88.89,0,0,2,6,1,4,0,2,1,0
266961,Juan Francisco Moreno Fuertes,22,17,77.27,0,0,1,18,0,4,3,1,0,0
266961,Sandro Ramírez Castillo,20,15,75.0,0,0,1,9,1,2,1,0,0,0
266961,Andrés Iniesta Luján,107,89,83.18,2,0,3,16,0,11,1,1,3,1
266961,Daniel Alves da Silva,113,101,89.38,2,0,5,17,0,9,1,1,1,0
266961,Ivan Rakitić,89,80,89.89,2,1,1,22,1,1,3,1,1,2
266961,Alejandro Bergantiños García,39,31,79.49,1,1,1,36,3,3,4,3,0,1
266961,Sidnei Rechel da Silva Júnior,20,14,70.0,0,0,2,9,1,5,1,2,1,1
266961,Germán Darío Lux,42,23,54.76,0,0,0,0,0,8,0,0,0,0
266961,Fernando Navarro i Corbacho,29,22,75.86,0,0,0,20,0,0,4,3,0,1
266961,Lucas Pérez Martínez,32,24,75.0,2,1,2,14,1,0,1,0,2,2
266961,Luis Carlos Correia Pinto,15,11,73.33,0,0,2,14,1,2,2,0,1,3
266961,Laureano Sanabria Ruiz,36,30,83.33,0,0,2,16,1,2,3,2,0,2
266961,Javier Alejandro Mascherano,27,25,92.59,0,0,1,15,1,3,2,4,0,1
266961,Jonathan Javier Rodríguez Portillo,11,6,54.55,3,0,0,8,1,3,3,1,0,1
266961,Fayçal Fajr,43,35,81.4,1,0,0,36,2,4,3,0,0,1
266961,Gerard Piqué Bernabéu,35,34,97.14,0,0,1,5,1,5,1,0,0,0
266961,Claudio Andrés Bravo Muñoz,30,29,96.67,0,0,0,0,0,3,0,0,0,0
266961,Alejandro Arribas Garrido,18,12,66.67,0,0,0,17,1,4,4,2,1,1
266961,Juan Domínguez Lamas,19,16,84.21,1,0,1,38,1,2,3,4,1,1
266961,Luis Alberto Romero Alconchel,10,8,80.0,1,0,1,5,0,1,1,0,0,0
266961,Munir El Haddadi Mohamed,3,3,100.0,0,0,0,12,0,0,1,0,0,1
266961,Sergi Roberto Carnicer,13,11,84.62,0,0,1,4,1,2,3,0,0,0
266961,Miguel Filipe Nunes Cardoso,9,7,77.78,3,0,1,6,0,1,2,0,0,1
266961,Jérémy Mathieu,9,8,88.89,0,0,0,2,0,0,0,0,0,0
266885,Neymar da Silva Santos Junior,49,36,73.47,2,2,10,10,0,4,0,4,3,2
266885,Luis Alberto Suárez Díaz,25,16,64.0,2,1,6,6,0,6,2,1,3,0
266885,Sergio Busquets i Burgos,62,55,88.71,0,0,2,14,3,6,8,5,3,0
266885,Imanol Agirretxe Arruti,22,16,72.73,0,0,2,19,0,0,3,1,2,1
266885,Gerard Piqué Bernabéu,69,62,89.86,0,0,0,5,0,5,1,3,0,1
266885,Javier Alejandro Mascherano,46,44,95.65,0,0,0,3,2,2,2,1,1,2
266885,Sergio Canales Madrazo,29,19,65.52,1,0,0,15,1,4,0,2,2,1
266885,Jérémy Mathieu,43,32,74.42,0,0,1,5,1,1,1,2,0,0
266885,Claudio Andrés Bravo Muñoz,50,42,84.0,0,0,0,0,0,9,0,0,0,0
266885,Rubén Pardo Gutiérrez,53,45,84.91,1,0,2,26,2,4,2,3,0,4
266885,Andrés Iniesta Luján,55,50,90.91,1,0,4,8,1,5,4,2,1,0
266885,Daniel Alves da Silva,48,37,77.08,0,0,1,9,1,3,7,2,0,2
266885,Esteban Félix Granero Molina,68,59,86.76,0,0,0,26,4,4,5,2,1,2
266885,Ivan Rakitić,44,31,70.45,0,0,2,10,1,7,1,4,2,3
266885,Xabier Prieto Argarate,38,31,81.58,0,0,1,17,0,7,3,1,5,0
266885,Lionel Andrés Messi Cuccittini,32,25,78.12,7,1,10,0,0,2,2,1,2,0
266885,Yuri Berchiche Izeta,55,40,72.73,2,0,1,21,0,5,2,4,1,1
266885,Íñigo Martínez Berridi,36,32,88.89,0,0,0,7,2,5,1,1,0,2
266885,Carlos Alberto Vela Garrido,30,27,90.0,0,0,6,25,1,5,1,1,1,2
266885,Gerónimo Rulli,28,14,50.0,0,0,0,1,0,4,0,0,0,0
266885,Mikel González de Martín Martínez,17,13,76.47,0,0,0,11,2,1,4,2,0,1
266885,Aritz Elustondo Irribaria,41,32,78.05,0,0,0,18,2,2,6,3,1,2
266885,Mikel Oyarzabal Ugarte,18,15,83.33,2,0,1,10,0,3,1,0,0,0
266885,Adriano Correia Claro,18,12,66.67,0,0,2,6,0,4,0,0,1,2
266885,Jordi Alba Ramos,16,15,93.75,0,0,0,4,1,2,0,1,0,1
266885,Marc Bartra Aregall,14,11,78.57,0,0,0,1,1,0,0,0,0,0
266885,Héctor Hernández Ortega,8,5,62.5,0,0,2,5,0,2,1,0,0,0
266885,Armindo Tué Na Bangna,8,7,87.5,4,0,3,3,0,0,0,0,0,0
266815,Carlos Castro García,11,6,54.55,1,1,1,21,1,2,5,0,2,3
266815,Alen Halilović,28,20,71.43,1,0,3,16,0,8,1,1,1,1
266815,Ignacio Cases Mora,30,25,83.33,0,0,1,34,0,9,3,1,2,2
266815,Pablo Pérez Rodríguez,15,10,66.67,0,0,0,32,1,3,7,1,1,0
266815,Adriano Correia Claro,88,82,93.18,0,0,0,5,1,4,1,0,0,2
266815,Jérémy Mathieu,78,75,96.15,0,0,0,1,1,3,3,1,0,0
266815,Gerard Piqué Bernabéu,91,87,95.6,1,0,0,2,1,7,3,2,2,0
266815,Claudio Andrés Bravo Muñoz,26,25,96.15,0,0,0,0,0,5,0,0,0,0
266815,Arda Turan,77,70,90.91,1,0,3,19,0,10,5,2,2,2
266815,Omar Mascarell González,25,21,84.0,1,0,0,33,4,7,3,2,0,3
266815,Aleix Vidal Parreu,64,56,87.5,0,0,0,9,1,5,1,2,0,2
266815,Alejandro Menéndez Díez,15,8,53.33,2,0,2,22,1,3,3,4,1,1
266815,Sergio Busquets i Burgos,94,92,97.87,0,0,0,14,0,3,6,2,3,2
266815,Neymar da Silva Santos Junior,64,50,78.12,6,0,7,4,0,3,0,0,1,1
266815,Alberto Lora Ramos,18,10,55.56,0,0,0,21,2,1,6,2,1,1
266815,Lionel Andrés Messi Cuccittini,77,57,74.03,4,2,6,3,0,2,1,0,4,1
266815,Luis Alberto Suárez Díaz,37,30,81.08,4,1,2,1,0,2,0,0,2,0
266815,Ivan Rakitić,76,68,89.47,1,0,0,11,0,4,4,4,1,1
266815,Iván Cuéllar Sacristán,30,10,33.33,0,0,0,1,0,1,0,0,0,1
266815,Jorge Meré Pérez,12,9,75.0,0,0,0,4,0,3,1,1,0,1
266815,Roberto Canella Suárez,20,15,75.0,0,0,3,24,2,2,3,2,1,2
266815,Igor Lichnovsky Osorio,7,4,57.14,0,0,1,10,4,2,3,3,1,0
266815,Jonathan Rodríguez Menéndez,13,9,69.23,0,0,2,13,1,0,2,0,0,0
266815,Ismael López Blanco,1,1,100.0,0,0,0,8,0,1,1,0,0,0
266815,Alejandro Barrera García,9,4,44.44,1,0,0,14,0,0,1,1,0,0
266815,Marc Bartra Aregall,16,15,93.75,0,0,0,0,1,0,0,0,0,0
266815,Javier Alejandro Mascherano,22,21,95.45,0,0,0,0,0,0,1,0,0,0
267506,Luis Alberto Suárez Díaz,30,24,80.0,3,3,8,12,0,3,3,1,0,2
267506,Neymar da Silva Santos Junior,47,39,82.98,2,0,6,16,0,3,3,0,5,0
267506,Sergio Busquets i Burgos,61,55,90.16,0,0,0,13,1,4,3,2,1,1
267506,Ivan Rakitić,50,40,80.0,0,0,2,11,0,6,2,0,2,0
267506,Gerard Piqué Bernabéu,82,76,92.68,2,0,0,5,0,3,1,0,1,0
267506,Javier Alejandro Mascherano,59,56,94.92,0,0,0,12,0,1,3,3,0,1
267506,Rubén Salvador Pérez Del Mármol,46,36,78.26,1,0,2,25,1,5,4,0,0,3
267506,Lionel Andrés Messi Cuccittini,53,40,75.47,4,0,7,6,1,2,0,0,2,0
267506,Hugo Miguel Almeida Costa Lopes,34,25,73.53,0,0,7,16,2,4,4,1,0,3
267506,Daniel Alves da Silva,61,48,78.69,0,0,1,20,1,5,3,3,0,4
267506,Adalberto Peñaranda Maestre,16,12,75.0,0,0,3,14,0,3,3,0,3,2
267506,Youssef El-Arabi,4,4,100.0,1,0,1,15,0,0,3,1,2,1
267506,Andrés Iniesta Luján,55,51,92.73,1,0,3,15,1,4,2,2,4,0
267506,David Rodríguez Lombán,33,26,78.79,1,0,0,10,0,7,2,1,0,0
267506,Jordi Alba Ramos,54,49,90.74,0,0,0,20,1,4,5,0,0,2
267506,Andrés Eduardo Fernández Moreno,28,12,42.86,0,0,0,0,0,9,0,0,1,0
267506,Abdoulaye Doucouré,37,29,78.38,1,0,1,17,1,6,5,0,0,3
267506,Rubén Rochina Naixes,13,4,30.77,0,0,2,3,1,1,1,0,0,2
267506,Marc-André ter Stegen,32,26,81.25,0,0,0,0,0,7,0,0,0,0
267506,Jean-Sylvain Claude Babin,15,13,86.67,1,0,0,4,2,4,4,2,0,0
267506,Francisco Manuel Rico Castro,51,38,74.51,1,0,1,12,1,1,4,0,2,2
267506,Ricardo Miguel Moreira da Costa,15,10,66.67,0,0,0,4,0,3,1,1,0,1
267506,Juan Isaac Cuenca López,17,16,94.12,0,0,3,12,1,3,0,2,2,0
267506,Jérémy Mathieu,3,2,66.67,0,0,0,2,0,0,0,1,0,0
267506,David Barral Torres,1,1,100.0,1,0,0,1,0,0,1,0,0,0
267506,Arda Turan,6,6,100.0,0,0,0,4,0,0,1,1,1,0
267506,Matheus Dória Macedo,6,6,100.0,0,0,0,3,1,0,0,0,0,0
267506,Sergi Roberto Carnicer,2,2,100.0,0,0,0,0,0,0,0,0,0,0
266664,Munir El Haddadi Mohamed,20,15,75.0,1,0,2,9,0,2,2,3,0,2
266664,Lionel Andrés Messi Cuccittini,59,46,77.97,7,0,3,4,0,3,1,0,4,1
266664,Sergio Busquets i Burgos,113,104,92.04,0,0,1,15,0,9,5,0,2,1
266664,Sergi Roberto Carnicer,61,54,88.52,0,0,1,9,3,5,3,1,0,2
266664,Javier Alejandro Mascherano,73,55,75.34,0,0,1,17,1,7,6,2,1,0
266664,Claudio Andrés Bravo Muñoz,22,18,81.82,0,0,0,1,0,2,0,0,0,0
266664,Mikel Oyarzabal Ugarte,21,13,61.9,2,1,1,39,0,4,2,4,1,0
266664,Gerard Piqué Bernabéu,71,66,92.96,0,0,0,9,0,7,3,2,0,0
266664,Alberto De La Bella Madureño,31,22,70.97,1,0,1,10,1,0,3,2,2,3
266664,Carlos Alberto Vela Garrido,28,19,67.86,1,0,2,20,0,7,3,0,2,2
266664,Rafael Alcântara do Nascimento,36,30,83.33,0,0,2,10,1,4,1,0,1,0
266664,Daniel Alves da Silva,80,70,87.5,0,0,2,14,0,5,2,1,0,2
266664,Neymar da Silva Santos Junior,57,40,70.18,2,0,8,14,0,6,3,0,3,3
266664,Asier Illarramendi Andonegi,23,13,56.52,1,0,5,22,2,8,4,2,2,3
266664,Arda Turan,52,49,94.23,1,0,5,6,2,3,5,2,1,4
266664,Esteban Félix Granero Molina,26,18,69.23,0,0,0,38,1,4,4,3,3,2
266664,Xabier Prieto Argarate,34,23,67.65,0,0,1,25,0,4,13,3,2,0
266664,Diego Antonio Reyes Rosales,9,7,77.78,0,0,0,5,1,0,3,2,0,0
266664,Gerónimo Rulli,34,12,35.29,0,0,0,0,0,6,0,0,1,0
266664,David Zurutuza Veillet,25,21,84.0,0,0,2,35,1,7,4,3,2,2
266664,Aritz Elustondo Irribaria,20,12,60.0,0,0,1,10,0,3,2,1,0,1
266664,Mikel González de Martín Martínez,9,9,100.0,0,0,0,6,0,1,4,1,0,1
266664,Andrés Iniesta Luján,35,30,85.71,2,0,0,13,0,1,3,1,0,0
266664,Jordi Alba Ramos,25,17,68.0,0,0,2,4,0,4,0,2,1,1
266664,Ivan Rakitić,22,19,86.36,0,0,0,3,0,2,0,0,1,0
266664,Joseba Zaldúa Bengoetxea,5,4,80.0,0,0,0,1,0,0,0,2,1,0
266664,Rubén Pardo Gutiérrez,5,1,20.0,0,0,0,7,0,1,0,0,0,0
266664,Héctor Hernández Ortega,2,0,0.0,0,0,1,0,0,0,0,0,0,0
266106,Cédric Bakambu,22,14,63.64,5,1,2,14,0,6,1,0,1,0
266106,Roberto Soldado Rillo,30,26,86.67,1,0,0,15,0,3,1,0,2,1
266106,Bruno Soriano Llido,43,41,95.35,2,0,0,21,1,5,4,2,1,1
266106,Manuel Trigueros Muñoz,45,39,86.67,5,0,1,27,1,6,2,1,0,4
266106,Denis Suárez Fernández,27,24,88.89,1,0,3,20,0,2,1,5,1,1
266106,Arda Turan,41,39,95.12,0,0,1,10,0,8,2,1,0,2
266106,Jordi Alba Ramos,93,79,84.95,0,0,0,7,0,3,3,2,0,2
266106,Luis Alberto Suárez Díaz,31,25,80.65,2,0,2,6,0,3,2,0,2,0
266106,Eric Bertrand Bailly,23,17,73.91,0,0,0,11,1,4,2,1,0,3
266106,Sergio Asenjo Andrés,22,10,45.45,0,0,0,0,0,3,0,0,0,1
266106,Víctor Ruíz Torre,32,26,81.25,0,0,0,4,1,5,3,3,0,1
266106,Antonio Rukavina,21,17,80.95,0,0,0,5,0,0,0,0,0,1
266106,Javier Alejandro Mascherano,71,62,87.32,0,0,0,15,2,1,2,6,1,3
266106,Samuel Castillejo Azuaga,21,14,66.67,1,0,2,33,0,4,5,3,1,3
266106,Gerard Piqué Bernabéu,46,41,89.13,0,0,0,1,0,1,2,1,0,1
266106,Claudio Andrés Bravo Muñoz,32,28,87.5,0,0,0,0,0,6,0,0,0,0
266106,Mario Gaspar Pérez Martínez,38,31,81.58,0,0,0,16,0,3,5,3,1,2
266106,Sergio Busquets i Burgos,79,73,92.41,0,0,1,12,0,6,2,2,1,0
266106,Sergi Roberto Carnicer,63,56,88.89,1,0,0,5,2,5,3,0,1,0
266106,Lionel Andrés Messi Cuccittini,71,65,91.55,4,0,8,4,0,2,1,0,2,1
266106,Neymar da Silva Santos Junior,74,59,79.73,2,1,4,7,0,2,2,1,7,1
266106,Ivan Rakitić,59,53,89.83,4,1,3,13,0,4,6,0,3,1
266106,Jérémy Mathieu,23,21,91.3,1,0,0,4,1,0,2,2,0,0
266106,Daniel Alves da Silva,36,28,77.78,1,0,0,2,1,4,0,1,0,0
266106,Adrián López Álvarez,9,5,55.56,0,0,1,6,0,0,0,1,1,0
266106,Tomás Pina Isla,8,5,62.5,0,0,0,3,0,2,1,2,0,1
266106,Leonardo Carrilho Baptistão,5,2,40.0,0,0,1,2,0,0,1,0,0,0
266670,Felipe Salvador Caicedo Corozo,19,13,68.42,0,0,3,16,1,4,0,0,0,1
266670,Marco Asensio Willemsen,31,15,48.39,0,0,3,37,0,3,4,1,0,3
266670,Joan Jordán Moreno,23,16,69.57,0,0,0,25,1,2,3,2,0,3
266670,Javier López Rodríguez,22,12,54.55,0,0,3,20,3,2,3,2,0,1
266670,Hernán Arsenio Pérez González,32,21,65.62,1,0,3,36,2,8,8,4,0,4
266670,Neymar da Silva Santos Junior,60,43,71.67,2,0,8,15,0,4,2,1,5,2
266670,Jordi Alba Ramos,75,65,86.67,1,0,0,13,2,6,5,1,1,1
266670,Álvaro González Soberón,14,5,35.71,1,0,0,7,0,4,0,3,1,1
266670,Javier Alejandro Mascherano,59,54,91.53,0,0,0,9,0,3,2,2,2,1
266670,Sergio Busquets i Burgos,74,65,87.84,1,0,1,23,1,4,7,1,6,2
266670,Gerard Piqué Bernabéu,72,66,91.67,0,0,0,9,2,5,3,4,0,1
266670,Claudio Andrés Bravo Muñoz,29,25,86.21,0,0,0,0,0,4,0,0,0,0
266670,Daniel Alves da Silva,77,67,87.01,0,0,4,22,0,10,6,7,0,0
266670,Jorge Franco Alviz,15,10,66.67,0,0,2,15,0,1,0,0,0,1
266670,Papa Kouly Diop,28,15,53.57,1,0,1,33,3,6,2,4,3,9
266670,Ivan Rakitić,46,37,80.43,0,0,1,16,0,3,4,1,2,0
266670,Lionel Andrés Messi Cuccittini,45,31,68.89,4,0,9,10,1,6,1,1,5,1
266670,Víctor Guillermo Álvarez Delgado,29,20,68.97,0,0,1,18,1,7,2,6,1,3
266670,Andrés Iniesta Luján,68,63,92.65,1,0,8,15,0,8,2,4,0,0
266670,Luis Alberto Suárez Díaz,25,18,72.0,1,0,4,7,1,1,0,1,5,3
266670,Enzo Pablo Roco Roco,10,6,60.0,0,0,0,11,1,3,2,2,0,1
266670,Pau López Sabata,25,15,60.0,0,0,0,2,0,6,0,0,0,0
266670,Gerard Moreno Balaguero,14,9,64.29,1,0,0,10,1,2,3,1,1,0
266670,Sergi Roberto Carnicer,13,5,38.46,0,0,1,8,0,1,2,0,1,0
266670,Abraham González Casanova,4,1,25.0,0,0,0,7,0,0,0,1,1,0
266149,Javier Eraso Goñi,10,8,80.0,2,0,3,19,1,3,1,2,1,1
266149,Beñat Etxebarria Urkiaga,21,13,61.9,1,0,1,14,0,5,0,3,0,0
266149,Luis Alberto Suárez Díaz,35,22,62.86,7,3,0,9,0,3,1,1,1,0
266149,Aymeric Laporte,17,14,82.35,1,0,1,6,1,3,2,2,0,0
266149,Lionel Andrés Messi Cuccittini,40,32,80.0,3,1,0,3,0,1,0,0,1,0
266149,Mikel Balenziaga Oruesagasti,15,12,80.0,0,0,2,8,0,5,1,1,1,0
266149,Gorka Iraizoz Moreno,2,2,100.0,0,0,0,0,0,1,0,0,0,1
266149,Eneko Bóveda Altube,40,28,70.0,0,0,1,19,0,6,5,2,1,2
266149,Sergio Busquets i Burgos,94,87,92.55,0,0,2,15,0,4,2,4,1,1
266149,Neymar da Silva Santos Junior,72,58,80.56,6,1,11,10,0,4,2,1,2,1
266149,Xabier Etxeita Gorritxategi,10,4,40.0,0,0,0,14,0,1,2,3,0,0
266149,Óscar de Marcos Arana,32,18,56.25,2,0,2,18,1,8,8,4,1,1
266149,Jordi Alba Ramos,63,57,90.48,0,0,1,6,0,4,5,2,0,0
266149,Iñaki Williams Arthuer,15,11,73.33,1,0,0,10,2,2,6,0,1,0
266149,Javier Alejandro Mascherano,73,66,90.41,0,0,0,6,1,8,2,1,1,1
266149,Andrés Iniesta Luján,82,70,85.37,0,0,3,6,2,6,2,0,0,1
266149,Iker Muniain Goñi,1,1,100.0,0,0,0,2,0,1,0,0,0,0
266149,Ivan Rakitić,51,43,84.31,3,1,0,3,0,7,1,0,0,0
266149,Gerard Piqué Bernabéu,80,72,90.0,0,0,0,1,0,5,1,2,0,1
266149,Aleix Vidal Parreu,80,71,88.75,1,0,0,6,1,3,0,0,0,1
266149,Claudio Andrés Bravo Muñoz,30,28,93.33,0,0,0,1,0,4,0,0,0,0
266149,Iago Herrerín Buisán,37,15,40.54,0,0,0,1,0,4,0,0,0,0
266149,Mikel San José Domínguez,19,12,63.16,0,0,1,15,1,5,0,4,1,2
266149,Arda Turan,30,27,90.0,0,0,0,1,0,3,0,1,0,0
266149,Sabin Merino Zuloaga,12,8,66.67,1,0,1,5,0,3,1,0,1,0
266149,Ander Iturraspe Derteano,13,11,84.62,1,0,0,10,0,3,0,1,0,0
266149,Sergi Roberto Carnicer,30,28,93.33,0,0,0,2,1,2,1,1,1,0
266149,Marc Bartra Aregall,15,15,100.0,0,0,0,1,0,3,2,1,0,1
266620,Luis Alberto Suárez Díaz,40,30,75.0,4,0,4,10,0,4,1,1,1,0
266620,Neymar da Silva Santos Junior,71,52,73.24,5,1,6,10,0,9,1,0,5,0
266620,Sergi Roberto Carnicer,78,72,92.31,0,0,1,37,1,4,7,2,2,3
266620,Thomas Vermaelen,39,37,94.87,0,0,0,9,2,1,2,1,2,1
266620,Rubén Rochina Naixes,39,31,79.49,3,0,6,26,1,10,1,1,5,4
266620,Gerard Piqué Bernabéu,71,64,90.14,0,0,1,8,0,10,1,1,0,0
266620,Adalberto Peñaranda Maestre,26,22,84.62,0,0,3,33,0,3,6,1,1,2
266620,Claudio Andrés Bravo Muñoz,24,20,83.33,0,0,0,0,0,1,0,0,0,0
266620,Isaac Ajayi Success,23,18,78.26,1,0,5,19,1,4,1,1,3,1
266620,Jordi Alba Ramos,68,55,80.88,1,0,0,20,2,1,2,1,1,1
266620,Uche Henry Agbo,27,24,88.89,0,0,0,25,3,5,3,3,0,2
266620,Edgar Antonio Méndez Ortega,40,24,60.0,0,0,2,30,1,6,3,1,1,4
266620,Lionel Andrés Messi Cuccittini,69,59,85.51,5,3,6,9,0,4,0,0,1,0
266620,Aleix Vidal Parreu,46,41,89.13,0,0,1,11,1,0,1,1,1,2
266620,David Rodríguez Lombán,23,21,91.3,2,0,0,11,3,1,3,3,0,2
266620,Rubén Salvador Pérez Del Mármol,44,36,81.82,1,0,0,39,3,9,3,4,1,2
266620,Cristiano Biraghi,43,25,58.14,0,0,0,20,1,1,4,3,0,1
266620,Rene Krhin,14,13,92.86,0,0,0,9,2,2,1,1,1,1
266620,Ivan Rakitić,65,57,87.69,2,0,1,31,0,3,0,3,3,2
266620,Andrés Eduardo Fernández Moreno,31,20,64.52,0,0,0,3,0,6,0,1,0,0
266620,Arda Turan,65,59,90.77,0,0,2,28,1,11,1,2,3,3
266620,Matheus Dória Macedo,22,17,77.27,0,0,0,11,2,0,2,1,0,1
266620,Diego Mainz García,9,7,77.78,0,0,0,0,0,1,1,0,0,0
266620,Daniel Alves da Silva,43,39,90.7,0,0,1,7,0,1,1,1,0,1
266620,Adriano Correia Claro,12,10,83.33,0,0,0,12,0,1,0,1,1,2
266620,Robert Ibáñez Castro,9,8,88.89,0,0,1,8,0,1,0,0,2,0
266620,Javier Márquez Moreno,8,6,75.0,1,0,0,6,0,1,0,0,0,0
266056,Luis Alberto Suárez Díaz,29,24,82.76,4,1,5,1,1,2,0,0,1,4
266056,Lionel Andrés Messi Cuccittini,62,49,79.03,4,2,7,2,0,3,2,2,6,0
266056,Sergio Busquets i Burgos,76,68,89.47,0,0,0,8,1,4,6,3,4,1
266056,Borja González Tomás,14,11,78.57,0,0,2,26,0,2,7,1,0,1
266056,Jordi Alba Ramos,106,90,84.91,0,0,0,8,1,5,2,3,1,1
266056,Javier Alejandro Mascherano,88,82,93.18,0,0,0,4,2,6,3,3,0,1
266056,Gerard Piqué Bernabéu,73,67,91.78,0,0,0,6,1,4,4,1,0,0
266056,Munir El Haddadi Mohamed,53,46,86.79,1,1,4,8,1,5,3,2,2,1
266056,Claudio Andrés Bravo Muñoz,49,41,83.67,0,0,0,0,0,6,0,0,0,0
266056,Gonzalo Escalante,26,17,65.38,1,0,1,27,1,8,2,0,2,3
266056,Ander Capa Rodríguez,41,28,68.29,0,0,2,20,1,4,4,3,1,2
266056,Daniel García Carrillo,50,36,72.0,0,0,2,24,0,4,2,4,2,4
266056,Daniel Alves da Silva,90,76,84.44,0,0,3,11,2,10,3,7,1,0
266056,Sergio Enrich Ametller,22,20,90.91,0,0,3,30,0,5,5,3,1,1
266056,Ivan Rakitić,65,55,84.62,0,0,0,10,4,1,1,2,1,1
266056,Iván Ramis Barrios,23,16,69.57,1,0,0,12,1,6,2,0,1,4
266056,Aleksandar Pantić,20,12,60.0,1,0,0,9,2,6,1,2,0,1
266056,Adrián González Morales,36,25,69.44,3,0,2,15,0,4,2,4,0,0
266056,David Juncà Reñé,59,38,64.41,1,0,2,19,0,4,0,3,1,0
266056,Arda Turan,61,54,88.52,0,0,2,12,0,7,6,1,4,1
266056,Josip Radošević,36,31,86.11,0,0,1,31,1,5,3,2,3,7
266056,Asier Riesgo Unamuno,26,21,80.77,0,0,0,0,0,7,0,0,0,0
266056,Saúl Berjón Pérez,16,6,37.5,0,0,0,2,0,1,0,2,0,0
266056,Thomas Vermaelen,6,5,83.33,0,0,0,0,0,0,0,1,0,0
266056,Marc Bartra Aregall,9,8,88.89,0,0,0,0,0,0,0,0,0,0
266056,Sergi Roberto Carnicer,6,5,83.33,1,0,0,3,0,0,0,0,0,1
266056,Izet Hajrović,2,2,100.0,0,0,1,3,0,0,0,0,0,0
266056,Takashi Inui,3,2,66.67,0,0,1,3,0,1,0,0,0,0
267327,Daniel Ceballos Fernández,40,31,77.5,0,0,12,20,1,6,1,2,3,0
267327,Rubén Castro Martín,27,22,81.48,0,0,0,6,0,4,1,0,3,2
267327,Heiko Westermann,5,2,40.0,0,0,0,3,0,0,0,1,0,2
267327,Luis Alberto Suárez Díaz,22,15,68.18,4,2,4,11,0,2,3,0,2,1
267327,Ricky van Wolfswinkel,21,14,66.67,2,0,0,20,1,3,3,0,1,5
267327,Daniel Alves da Silva,81,66,81.48,1,0,2,27,0,6,8,6,0,2
267327,Alfred John Momar N''Diaye,35,26,74.29,1,0,0,20,2,7,5,3,0,0
267327,Sergio Busquets i Burgos,46,38,82.61,0,0,0,15,0,0,4,3,2,3
267327,Javier Alejandro Mascherano,71,65,91.55,0,0,2,10,0,5,2,0,2,1
267327,Sergi Roberto Carnicer,46,40,86.96,0,0,5,13,2,6,1,2,3,1
267327,Neymar da Silva Santos Junior,47,39,82.98,4,0,10,8,0,0,2,0,5,1
267327,Francisco José Molinero Calderón,23,14,60.87,1,0,2,11,2,1,3,2,1,2
267327,Jérémy Mathieu,51,41,80.39,0,0,1,4,1,4,4,0,3,2
267327,Bruno González Cabrera,4,3,75.0,0,0,0,1,1,0,0,2,0,0
267327,Lionel Andrés Messi Cuccittini,55,38,69.09,6,1,4,8,0,0,1,1,4,0
267327,Juan Manuel Vargas Risco,55,42,76.36,1,0,0,9,0,9,1,1,0,0
267327,Ivan Rakitić,57,51,89.47,1,0,0,20,1,4,2,0,0,3
267327,Thomas Vermaelen,63,55,87.3,0,0,0,4,1,5,1,0,0,0
267327,Álvaro Cejudo Carmona,32,24,75.0,5,0,8,22,1,8,2,1,3,3
267327,Petros Matheus dos Santos Araújo,46,35,76.09,0,0,1,40,0,8,4,2,3,6
267327,Claudio Andrés Bravo Muñoz,31,26,83.87,0,0,0,0,0,5,0,0,0,0
267327,Antonio Adán Garrido,26,12,46.15,0,0,0,1,0,4,0,0,0,1
267327,Germán Alejandro Pezzella,11,8,72.73,2,0,0,4,1,2,0,3,1,1
267327,Didier Digard,21,16,76.19,0,0,1,12,0,3,0,1,0,2
267327,Marc Bartra Aregall,17,14,82.35,0,0,0,2,0,2,0,0,1,1
267327,Adriano Correia Claro,16,14,87.5,0,0,1,5,0,1,1,0,0,1
267327,Rafael van der Vaart,16,15,93.75,1,0,0,3,0,2,0,1,0,0
267327,Munir El Haddadi Mohamed,7,7,100.0,0,0,0,3,0,1,1,0,0,1
266166,Luis Alberto Suárez Díaz,22,13,59.09,3,0,3,10,0,6,0,0,1,1
266166,Neymar da Silva Santos Junior,58,52,89.66,4,1,9,18,1,5,3,0,4,0
266166,Javier Alejandro Mascherano,93,88,94.62,0,0,0,10,1,2,1,5,1,0
266166,Antoine Griezmann,32,26,81.25,0,0,4,30,1,3,5,0,0,1
266166,Sergi Roberto Carnicer,94,76,80.85,1,0,1,12,1,4,5,1,0,0
266166,Jorge Resurrección Merodio,49,38,77.55,0,0,1,30,0,4,3,0,0,3
266166,Tiago Cardoso Mendes,37,30,81.08,1,0,0,20,0,6,3,1,1,0
266166,Ivan Rakitić,52,46,88.46,1,0,1,8,0,2,3,0,1,0
266166,Rafael Alcântara do Nascimento,56,46,82.14,1,0,3,15,0,3,3,3,3,0
266166,Filipe Luís Kasmirski,47,36,76.6,1,0,0,19,1,2,5,2,0,4
266166,Gabriel Fernández Arenas,40,35,87.5,0,0,1,35,2,3,3,3,1,3
266166,Fernando José Torres Sanz,14,8,57.14,6,1,2,23,1,4,0,0,1,0
266166,Andrés Iniesta Luján,90,79,87.78,0,0,3,11,0,5,3,0,3,1
266166,Óliver Torres Muñoz,21,17,80.95,1,0,3,36,0,4,4,6,0,1
266166,Juan Francisco Torres Belén,38,27,71.05,0,0,2,13,0,3,4,2,0,2
266166,Marc-André ter Stegen,34,31,91.18,0,0,0,0,0,4,0,0,0,0
266166,Sergio Busquets i Burgos,69,63,91.3,0,0,1,20,1,4,3,3,0,0
266166,José María Giménez de Vargas,19,16,84.21,0,0,0,9,2,2,3,2,1,1
266166,Thomas Vermaelen,26,23,88.46,0,0,0,2,0,1,3,1,0,1
266166,Jordi Alba Ramos,79,64,81.01,0,0,0,11,0,2,3,2,0,0
266166,Diego Roberto Godín Leal,11,9,81.82,0,0,1,7,2,2,3,2,1,0
266166,Jan Oblak,21,12,57.14,0,0,0,0,0,7,0,0,0,0
266166,Jérémy Mathieu,53,49,92.45,1,0,0,7,1,5,2,0,1,0
266166,Yannick Ferreira Carrasco,9,8,88.89,1,0,1,10,0,0,0,2,0,0
266166,Lionel Andrés Messi Cuccittini,29,27,93.1,3,1,10,2,0,1,0,0,2,2
266166,Jackson Arley Martínez Valencia,9,8,88.89,1,0,0,11,1,0,0,0,0,2
266166,Luciano Vietto,6,3,50.0,0,0,0,3,0,0,0,0,0,0
266160,Luis Alberto Suárez Díaz,32,24,75.0,2,1,3,10,0,1,3,0,2,1
266160,Lionel Andrés Messi Cuccittini,66,57,86.36,2,0,3,5,0,0,0,0,1,0
266160,Sergi Roberto Carnicer,57,53,92.98,0,0,1,18,0,2,3,0,0,1
266160,Giuseppe Rossi,25,21,84.0,1,0,6,18,1,9,2,2,0,2
266160,Jordi Alba Ramos,85,77,90.59,0,0,0,19,1,5,1,3,2,1
266160,Neymar da Silva Santos Junior,74,63,85.14,3,0,7,14,0,5,0,0,6,1
266160,Simão Mate,24,21,87.5,1,0,0,14,1,5,1,4,0,3
266160,Iván López Mendoza,38,28,73.68,0,0,0,17,2,1,4,2,0,2
266160,Deyverson Brum Silva Acosta,11,7,63.64,6,0,3,19,1,8,6,2,3,3
266160,Andrés Iniesta Luján,89,77,86.52,2,0,1,23,0,7,2,0,1,0
266160,Zouhair Feddal,17,8,47.06,0,0,1,5,0,1,3,1,0,1
266160,Diego Mariño Villar,28,18,64.29,0,0,0,1,0,3,0,0,0,0
266160,José Antonio García Rabasco,30,26,86.67,1,0,0,15,1,5,1,0,1,1
266160,José Luis Morales Nogales,23,12,52.17,3,0,2,22,1,3,2,4,0,1
266160,Ivan Rakitić,35,31,88.57,1,0,0,24,0,5,6,2,2,0
266160,Daniel Alves da Silva,68,52,76.47,1,0,2,20,1,6,3,3,0,2
266160,David Navarro Pedrós,12,7,58.33,0,0,0,9,1,1,2,2,0,1
266160,Javier Alejandro Mascherano,46,42,91.3,0,0,0,12,1,3,4,4,0,0
266160,Jefferson Andrés Lerma Solís,28,19,67.86,2,0,0,16,4,4,3,1,0,1
266160,Gerard Piqué Bernabéu,31,28,90.32,0,0,1,13,1,4,5,1,1,2
266160,Antonio García Aranda,51,37,72.55,0,0,4,5,2,9,1,2,3,1
266160,Claudio Andrés Bravo Muñoz,31,24,77.42,0,0,0,0,0,4,0,0,0,0
266160,Sergio Busquets i Burgos,19,18,94.74,0,0,0,9,2,1,3,0,0,2
266160,Víctor Camarasa Ferrando,14,10,71.43,0,0,2,10,0,4,2,1,1,0
266160,Nabil Ghilas,2,2,100.0,0,0,1,4,0,4,0,0,0,0
266160,Aleix Vidal Parreu,25,19,76.0,0,0,1,0,1,1,0,0,0,0
266160,Mauricio Andrés Cuero Castillo,7,7,100.0,0,0,0,4,0,0,1,0,0,0
265839,Luis Alberto Suárez Díaz,30,21,70.0,4,0,6,11,0,3,3,2,4,1
265839,Neymar da Silva Santos Junior,66,50,75.76,2,0,11,10,0,5,3,0,2,2
265839,Aleix Vidal Parreu,58,50,86.21,0,0,0,5,1,5,1,1,0,0
265839,Jérémy Mathieu,69,60,86.96,1,0,0,2,0,5,2,5,0,0
265839,Jordi Alba Ramos,88,78,88.64,1,0,1,13,1,9,3,0,2,0
265839,Gerard Piqué Bernabéu,82,71,86.59,1,1,0,9,2,5,3,2,2,1
265839,Michael Krohn-Dehli,40,36,90.0,2,0,2,17,1,7,4,2,1,2
265839,Lionel Andrés Messi Cuccittini,72,56,77.78,4,1,4,7,0,3,0,0,0,0
265839,Benoît Trémoulinas,52,37,71.15,0,0,2,8,3,4,1,1,1,0
265839,Víctor Machín Pérez,30,19,63.33,3,1,2,28,0,8,8,3,0,3
265839,Sebastián Carlos Cristóforo Pepe,18,15,83.33,0,0,1,24,0,3,2,3,1,2
265839,Arda Turan,49,45,91.84,0,0,3,17,0,4,3,2,1,3
265839,Jorge Andújar Moreno,26,20,76.92,3,0,1,13,1,6,4,3,4,1
265839,Adil Rami,20,14,70.0,0,0,0,11,0,3,1,2,1,1
265839,Sergio Rico González,26,14,53.85,0,0,0,0,0,7,0,0,0,0
265839,Timothée Kolodziejczak,27,16,59.26,1,0,0,11,1,3,3,1,0,1
265839,Sergi Roberto Carnicer,40,33,82.5,1,0,0,19,0,1,1,3,2,3
265839,Vicente Iborra De La Fuente,23,18,78.26,0,0,1,11,0,2,7,2,2,4
265839,Sergio Busquets i Burgos,72,63,87.5,1,0,0,18,1,6,9,2,4,0
265839,Steven N''Kemboanza Mike Christopher Nzonzi,47,25,53.19,2,0,2,11,0,9,3,4,0,2
265839,Kevin Gameiro,16,11,68.75,1,0,2,18,0,7,4,0,1,1
265839,Claudio Andrés Bravo Muñoz,26,22,84.62,0,0,0,0,0,3,0,0,0,0
265839,Daniel Alves da Silva,29,26,89.66,0,0,0,9,0,1,0,1,0,2
265839,Yevhen Konoplyanka,13,6,46.15,0,0,4,7,0,0,0,1,2,0
265839,Andrés Iniesta Luján,26,23,88.46,0,0,2,2,0,1,0,1,0,1
265839,Juan Muñoz Muñoz,1,1,100.0,0,0,0,5,0,0,2,0,0,0
265839,Ivan Rakitić,13,12,92.31,0,0,0,5,0,1,0,0,0,0
266424,Neymar da Silva Santos Junior,59,52,88.14,4,1,5,8,1,4,3,1,5,2
266424,Luis Alberto Suárez Díaz,33,20,60.61,4,2,7,13,0,4,2,1,2,1
266424,Sergio Busquets i Burgos,67,61,91.04,0,0,1,20,0,4,7,3,2,1
266424,Gareth Frank Bale,33,20,60.61,2,0,2,19,0,0,1,1,0,0
266424,Jordi Alba Ramos,85,78,91.76,0,0,1,7,1,4,1,4,0,0
266424,Claudio Andrés Bravo Muñoz,39,29,74.36,0,0,0,0,0,4,0,0,0,0
266424,Gerard Piqué Bernabéu,49,47,95.92,0,0,0,2,1,3,1,4,0,0
266424,Javier Alejandro Mascherano,20,19,95.0,0,0,0,4,0,0,0,1,0,1
266424,James David Rodríguez Rubio,29,21,72.41,2,0,2,19,0,4,0,2,0,2
266424,Sergio Ramos García,39,33,84.62,0,0,0,11,0,0,4,1,0,2
266424,Daniel Alves da Silva,74,65,87.84,0,0,6,11,0,7,5,2,2,2
266424,Ivan Rakitić,49,46,93.88,3,0,1,8,0,6,1,0,2,2
266424,Cristiano Ronaldo dos Santos Aveiro,31,27,87.1,2,0,3,7,0,2,4,0,2,2
266424,Danilo Luiz da Silva,44,33,75.0,0,0,0,12,1,2,4,1,1,2
266424,Karim Benzema,20,17,85.0,2,0,0,17,0,3,3,2,3,0
266424,Toni Kroos,74,67,90.54,0,0,0,29,2,1,3,0,1,1
266424,Luka Modrić,63,54,85.71,1,0,0,14,2,7,4,0,4,2
266424,Raphaël Varane,45,34,75.56,1,0,0,7,2,2,4,4,0,1
266424,Marcelo Vieira da Silva Júnior,36,26,72.22,1,0,1,10,0,5,2,1,0,0
266424,Andrés Iniesta Luján,70,66,94.29,1,1,4,16,0,1,1,2,0,2
266424,Sergi Roberto Carnicer,49,42,85.71,1,0,2,15,1,4,0,1,1,1
266424,Keylor Navas Gamboa,32,22,68.75,0,0,0,0,0,8,0,0,0,0
266424,Jérémy Mathieu,38,36,94.74,0,0,0,3,0,2,0,3,0,0
266424,Francisco Román Alarcón Suárez,23,15,65.22,1,0,6,5,0,2,1,1,1,2
266424,Lionel Andrés Messi Cuccittini,34,28,82.35,2,0,3,5,0,1,0,0,1,0
266424,Daniel Carvajal Ramos,17,14,82.35,1,0,1,6,0,1,2,0,0,3
266424,Munir El Haddadi Mohamed,5,2,40.0,3,0,2,1,1,2,0,0,2,0
266467,Iago Aspas Juncal,32,28,87.5,6,2,4,18,0,6,7,1,0,0
266467,Luis Alberto Suárez Díaz,31,23,74.19,0,0,3,18,0,1,3,0,3,1
266467,Augusto Matías Fernández,46,39,84.78,1,0,1,28,0,9,7,4,0,3
266467,Sergi Gómez Solà,27,20,74.07,0,0,0,10,2,2,3,0,1,4
266467,Gerard Piqué Bernabéu,65,50,76.92,1,0,0,8,2,7,2,6,0,0
266467,Nemanja Radoja,38,34,89.47,0,0,4,23,3,4,4,2,0,1
266467,Andrés Iniesta Luján,46,41,89.13,0,0,6,15,0,3,2,1,4,0
266467,Sergi Roberto Carnicer,29,26,89.66,0,0,2,15,0,4,3,1,0,0
266467,Jonathan Castro Otto,32,23,71.88,0,0,0,20,1,4,2,2,0,1
266467,Lionel Andrés Messi Cuccittini,45,33,73.33,7,0,11,7,1,3,2,0,1,0
266467,Sergio Álvarez Conde,37,16,43.24,0,0,0,0,0,3,0,0,0,0
266467,Manuel Agudo Durán,51,35,68.63,4,1,8,11,1,4,6,4,1,2
266467,Sergio Busquets i Burgos,42,35,83.33,0,0,2,18,0,5,3,1,0,1
266467,Gustavo Daniel Cabral Cáceres,23,19,82.61,0,0,0,15,3,5,1,1,0,1
266467,Neymar da Silva Santos Junior,40,30,75.0,6,1,17,17,0,5,2,2,7,0
266467,Daniel Wass,37,29,78.38,2,0,0,18,0,3,8,0,0,1
266467,Daniel Alves da Silva,64,52,81.25,1,0,1,9,1,9,6,0,2,0
266467,Javier Alejandro Mascherano,55,45,81.82,0,0,0,18,1,4,5,1,0,1
266467,Fabián Ariel Orellana Valenzuela,36,31,86.11,3,0,12,9,0,8,3,0,1,2
266467,Jérémy Mathieu,33,26,78.79,0,0,1,6,0,5,0,1,0,1
266467,Hugo Mallo Novegil,44,32,72.73,2,0,0,18,2,3,4,2,0,3
266467,Marc-André ter Stegen,33,26,78.79,0,0,0,0,0,0,0,0,0,0
266467,Munir El Haddadi Mohamed,15,9,60.0,3,0,0,5,0,4,3,0,1,0
266467,Ivan Rakitić,19,16,84.21,0,0,0,2,0,0,2,3,1,0
266467,Pedro Pablo Hernández,5,4,80.0,0,0,0,5,0,1,2,0,1,0
266467,John Guidetti,4,2,50.0,1,1,1,4,0,0,1,0,0,1
266467,Carles Planas Antolínez,2,2,100.0,0,0,0,1,0,0,1,0,0,0
267273,Luis Alberto Suárez Díaz,31,21,67.74,4,1,2,20,1,5,1,0,1,1
267273,Lionel Andrés Messi Cuccittini,47,42,89.36,4,0,1,15,2,3,2,0,1,1
267273,Sergi Roberto Carnicer,54,50,92.59,0,0,0,21,0,6,4,0,2,0
267273,Arda Turan,26,22,84.62,0,0,2,19,0,1,3,1,0,3
267273,Daniel Alves da Silva,70,63,90.0,0,0,0,27,1,9,3,3,0,5
267273,Javier Alejandro Mascherano,69,59,85.51,0,0,0,20,0,3,6,2,0,0
267273,Jérémy Mathieu,66,59,89.39,0,0,0,8,1,3,3,3,0,0
267273,Jordi Alba Ramos,68,60,88.24,0,0,0,15,0,4,1,2,1,1
267273,Nabil El Zhar,32,25,78.12,0,0,4,7,1,7,0,3,0,2
267273,Neymar da Silva Santos Junior,52,39,75.0,2,1,7,15,0,5,3,0,5,2
267273,Jerónimo Figueroa Cabrera,67,58,86.57,2,0,6,16,1,5,2,1,4,1
267273,Andrés Iniesta Luján,66,62,93.94,1,0,1,19,0,2,3,2,0,1
267273,Pedro Taunausú Domínguez Placeres,60,51,85.0,0,0,2,29,1,4,2,3,1,0
267273,Javier Varas Herrera,43,28,65.12,0,0,0,0,0,10,0,0,0,0
267273,Willian José da Silva,28,26,92.86,4,1,1,15,0,3,2,0,0,1
267273,Jonathan Viera Ramos,44,39,88.64,3,0,3,11,3,9,3,1,3,0
267273,Pedro Bigas Rigo,36,30,83.33,0,0,0,9,1,3,6,4,0,2
267273,Roque Mesa Quevedo,67,57,85.07,2,0,1,19,1,9,3,3,3,4
267273,Claudio Andrés Bravo Muñoz,28,22,78.57,0,0,0,0,0,4,0,0,0,0
267273,Javier Garrido Behovide,52,43,82.69,0,0,0,7,0,2,1,3,0,0
267273,Aythami Artiles Oliva,40,37,92.5,1,0,0,6,0,4,4,2,0,0
267273,David García Santana,38,38,100.0,1,0,1,9,1,2,3,1,1,0
267273,Ivan Rakitić,25,20,80.0,1,0,0,22,1,3,0,2,2,2
267273,Mauricio Lemos Merladet,9,6,66.67,0,0,0,2,0,0,2,2,1,1
267273,Thomas Vermaelen,7,6,85.71,0,0,0,4,0,0,0,0,0,0
267273,Sergio Ezequiel Araújo,6,4,66.67,3,0,0,5,0,2,1,1,1,1
267273,Francisco José Perdomo Borges,7,6,85.71,0,0,0,3,0,2,1,1,1,0
266490,Nabil Ghilas,20,14,70.0,1,0,3,10,1,2,3,1,1,1
266490,Roger Martí Salvador,12,7,58.33,1,0,1,35,0,2,2,1,2,2
266490,Juan Francisco García García,37,25,67.57,0,0,1,16,4,4,4,2,0,1
266490,Sandro Ramírez Castillo,19,16,84.21,1,0,3,16,0,4,2,1,2,1
266490,Daniel Alves da Silva,121,105,86.78,0,0,2,10,1,12,8,2,3,1
266490,Antonio García Aranda,40,29,72.5,1,0,0,32,0,3,1,3,0,3
266490,Munir El Haddadi Mohamed,52,45,86.54,2,0,3,14,1,1,0,1,2,1
266490,Jefferson Andrés Lerma Solís,21,18,85.71,2,0,0,49,2,7,3,3,2,2
266490,Ivan Rakitić,89,81,91.01,1,0,1,11,1,5,4,2,0,0
266490,Sergio Busquets i Burgos,41,40,97.56,0,0,2,13,0,1,1,2,1,1
266490,Adriano Correia Claro,74,66,89.19,0,0,0,9,0,4,4,1,3,0
266490,Iván López Mendoza,33,25,75.76,0,0,2,22,1,2,3,2,0,2
266490,Neymar da Silva Santos Junior,63,42,66.67,4,1,4,8,0,5,0,1,5,1
266490,Marc Bartra Aregall,75,66,88.0,2,1,1,5,1,5,5,4,1,0
266490,Javier Alejandro Mascherano,73,72,98.63,0,0,0,11,0,4,2,0,0,2
266490,José Antonio García Rabasco,51,38,74.51,1,0,0,26,1,5,1,1,1,1
266490,Marc-André ter Stegen,33,30,90.91,0,0,0,0,0,3,0,0,0,0
266490,Lionel Andrés Messi Cuccittini,61,49,80.33,10,2,10,5,0,1,0,1,3,0
266490,Rubén Iván Martínez Andrade,26,17,65.38,0,0,0,0,0,2,0,0,0,0
266490,Zouhair Feddal,18,15,83.33,0,0,0,14,0,2,1,2,0,2
266490,Víctor Camarasa Ferrando,34,29,85.29,2,0,2,20,3,4,2,0,0,2
266490,Ángel Trujillo Canorea,14,11,78.57,0,0,0,9,0,1,2,4,0,1
266490,Gerard Gumbau Garriga,11,11,100.0,0,0,0,9,1,0,0,1,0,0
266490,Víctor Casadesús Castaño,10,9,90.0,1,1,1,8,1,1,1,0,0,1
266490,Deyverson Brum Silva Acosta,3,2,66.67,2,0,2,15,3,2,0,0,0,2
266490,Rubén García Santos,9,8,88.89,0,0,1,10,1,0,0,0,0,0
266254,John Guidetti,19,16,84.21,2,1,4,19,1,6,3,1,1,1
266254,Daniel Wass,34,22,64.71,3,0,2,22,0,4,4,1,0,2
266254,Jonathan Castro Otto,34,26,76.47,0,0,1,15,2,6,5,3,0,2
266254,Hugo Mallo Novegil,31,21,67.74,0,0,1,20,3,2,4,6,0,2
266254,Sergio Busquets i Burgos,73,63,86.3,0,0,1,26,1,8,4,1,2,2
266254,Gerard Piqué Bernabéu,76,67,88.16,0,0,3,12,3,2,3,0,0,1
266254,Andrés Iniesta Luján,32,25,78.12,1,0,9,23,1,7,2,1,4,1
266254,Neymar da Silva Santos Junior,48,34,70.83,7,1,14,16,2,7,1,2,4,0
266254,Javier Alejandro Mascherano,81,75,92.59,0,0,1,14,2,7,6,1,2,0
266254,Daniel Alves da Silva,49,38,77.55,0,0,0,17,4,5,3,0,0,4
266254,Josep Señé Escudero,28,21,75.0,1,0,3,26,0,7,1,5,4,2
266254,Pedro Pablo Hernández,25,16,64.0,0,0,0,19,2,4,11,3,2,3
266254,Sergi Roberto Carnicer,25,23,92.0,1,0,3,25,0,1,3,0,0,0
266254,Nemanja Radoja,30,21,70.0,0,0,2,25,0,3,5,3,1,3
266254,Claudio Andrés Bravo Muñoz,34,29,85.29,0,0,0,0,0,3,0,0,0,0
266254,Luis Alberto Suárez Díaz,41,22,53.66,5,3,6,15,0,6,2,0,5,1
266254,Sergio Álvarez Conde,26,14,53.85,0,0,0,1,0,6,0,0,0,0
266254,Claudio Beauvue,15,12,80.0,3,0,3,8,0,2,3,2,0,0
266254,Jordi Alba Ramos,40,36,90.0,1,0,1,10,3,6,1,2,0,1
266254,Lionel Andrés Messi Cuccittini,42,29,69.05,4,1,11,8,0,3,1,0,2,0
266254,Gustavo Daniel Cabral Cáceres,28,22,78.57,0,0,0,21,4,6,3,2,1,4
266254,Carles Planas Antolínez,32,23,71.88,1,0,1,16,0,1,1,3,0,1
266254,Ivan Rakitić,18,17,94.44,1,1,0,7,1,0,0,1,0,0
266254,Aleix Vidal Parreu,11,11,100.0,0,0,1,13,0,1,2,0,1,2
266254,Marcelo Alfonso Díaz Rojas,19,17,89.47,0,0,1,9,2,1,1,0,1,0
266254,Arda Turan,9,8,88.89,0,0,1,8,1,1,1,0,0,0
266254,Dejan Dražić,6,6,100.0,0,0,0,5,0,0,0,0,1,1
266254,Pape Cheikh Diop Gueye,8,8,100.0,0,0,0,1,0,0,0,0,1,0
266557,Santiago Mina Lorenzo,7,6,85.71,1,1,3,21,0,1,3,1,1,0
266557,Shkodran Mustafi,21,11,52.38,0,0,0,9,1,4,7,4,0,0
266557,André Filipe Tavares Gomes,30,20,66.67,2,0,2,30,0,5,10,1,1,2
266557,Sergi Roberto Carnicer,88,79,89.77,2,0,3,9,1,6,2,0,1,0
266557,Sergio Busquets i Burgos,78,68,87.18,0,0,1,27,0,8,4,2,2,0
266557,Ivan Rakitić,70,56,80.0,3,0,0,24,0,6,3,1,4,2
266557,Claudio Andrés Bravo Muñoz,21,20,95.24,0,0,0,0,0,1,0,0,0,0
266557,Jordi Alba Ramos,67,57,85.07,0,0,0,10,0,6,0,0,1,2
266557,Javier Alejandro Mascherano,82,76,92.68,0,0,2,19,2,6,5,4,0,1
266557,Gerard Piqué Bernabéu,93,84,90.32,2,0,3,16,0,8,9,1,0,2
266557,Luis Alberto Suárez Díaz,22,17,77.27,3,0,8,11,1,2,1,1,1,1
266557,Aymen Abdennour,14,11,78.57,0,0,2,3,0,2,2,2,1,2
266557,Lionel Andrés Messi Cuccittini,56,45,80.36,7,1,8,5,0,1,0,1,2,0
266557,Diego Alves Carreira,40,16,40.0,0,0,0,0,0,1,0,0,0,0
266557,Rodrigo Moreno Machado,19,14,73.68,1,0,3,17,2,1,2,1,3,0
266557,Daniel Parejo Muñoz,38,28,73.68,0,0,3,32,1,7,5,3,1,2
266557,Antonio Barragán Fernández,30,23,76.67,0,0,1,13,2,3,2,0,0,1
266557,Neymar da Silva Santos Junior,49,34,69.39,5,0,13,9,0,3,1,0,4,3
266557,Guilherme Magdalena Siqueira,26,15,57.69,1,0,4,9,4,7,3,5,1,0
266557,Enzo Nicolás Pérez,29,22,75.86,0,0,1,20,1,10,2,0,1,4
266557,Andrés Iniesta Luján,60,46,76.67,0,0,2,16,0,7,0,1,0,1
266557,Javier Fuego Martínez,28,22,78.57,0,0,0,30,2,4,6,4,0,3
266557,Francisco Alcácer García,12,9,75.0,2,0,1,3,1,1,0,0,0,0
266557,João Pedro Cavaco Cancelo,5,4,80.0,0,0,0,1,0,1,0,0,1,1
266557,José Luis Gayà Peña,1,1,100.0,0,0,0,0,0,0,0,0,0,0
