player,passes,successful_passes,pass_accuracy,shots,goals,dribbles,pressures,interceptions,ball_recoveries,duels,blocks,fouls_won,fouls_committed,cluster,role
Abdoul Karim Yoda,29.22222222222222,21.77777777777778,69.65666666666667,0.4444444444444444,0.0,3.7222222222222223,9.555555555555555,1.2222222222222223,3.7222222222222223,1.7777777777777777,1.1111111111111112,0.5555555555555556,0.8888888888888888,4,Utility
Abdoulaye Doucouré,38.46666666666667,32.13333333333333,80.37333333333332,0.6666666666666666,0.0,1.2,19.066666666666663,1.5333333333333334,6.733333333333333,3.533333333333333,1.8,0.5333333333333333,1.3333333333333333,1,Midfielder
Abraham González Casanova,26.55,20.7,72.0575,0.8,0.05,0.3,10.35,1.25,2.8,2.3,1.2,0.45,0.7,4,Utility
Adalberto Peñaranda Maestre,16.565217391304348,12.0,68.34478260869565,0.9565217391304348,0.217391304347826,2.869565217391304,17.26086956521739,0.391304347826087,3.0869565217391304,5.173913043478261,1.7391304347826086,1.7826086956521738,2.782608695652174,2,Attacker
Aderllan Leandro de Jesus Santos,38.64705882352941,32.05882352941177,81.99823529411765,0.4705882352941176,0.0,0.5294117647058824,10.0,2.4705882352941178,3.1176470588235294,4.0588235294117645,2.0,0.3529411764705882,0.7647058823529411,4,Utility
Adil Rami,39.25,30.75,77.06964285714285,0.5714285714285714,0.0,0.1785714285714285,4.857142857142857,0.9642857142857144,3.9642857142857144,1.5714285714285714,1.2857142857142858,0.6785714285714286,0.9642857142857144,4,Utility
Adnane Tighadouini,14.6,8.8,53.05,1.5,0.1,3.4,4.8,0.0,2.2,1.4,0.3,0.6,0.5,0,Defender
Adriano Correia Claro,45.125,40.75,87.905,0.125,0.0,0.375,7.25,0.5,3.0,1.375,0.875,0.875,1.125,4,Utility
Adrián Embarba Blázquez,27.178571428571427,17.142857142857142,63.00714285714286,1.4285714285714286,0.0714285714285714,2.5,12.607142857142858,0.9642857142857144,3.821428571428571,4.321428571428571,1.1428571428571428,1.25,1.1071428571428572,2,Attacker
Adrián González Morales,32.1875,22.875,72.2025,1.46875,0.15625,0.90625,11.90625,0.84375,3.9375,3.375,1.5625,0.53125,1.46875,4,Utility
Adrián López Álvarez,21.5625,14.3125,69.0725,0.5,0.25,1.5,7.75,0.125,1.25,2.0,0.75,0.75,0.5,0,Defender
Adrián Marín Gómez,49.54545454545455,37.45454545454545,75.45363636363636,0.0909090909090909,0.0,1.5454545454545454,11.909090909090908,2.1818181818181817,4.363636363636363,4.636363636363637,2.8181818181818183,0.4545454545454545,1.181818181818182,1,Midfielder
Ager Aketxe Barrutia,31.666666666666668,23.333333333333332,73.07000000000001,1.3333333333333333,0.0,0.6666666666666666,10.0,0.3333333333333333,2.0,3.6666666666666665,1.0,1.0,0.0,0,Defender
Alberto De La Bella Madureño,53.86666666666667,39.93333333333333,74.06400000000001,0.2666666666666666,0.0,0.6666666666666666,10.0,2.0,2.6,3.6666666666666665,2.3333333333333335,1.0666666666666669,1.4,4,Utility
Alberto García Cabrera,34.333333333333336,17.0,49.004999999999995,0.0,0.0,0.0,0.0,0.0,5.166666666666667,0.0,0.1666666666666666,0.1666666666666666,0.0,3,Goalkeeper
Alberto Guitián Ceballos,28.0,17.0,60.71,0.0,0.0,1.0,10.0,3.0,5.0,3.0,2.0,0.0,1.0,4,Utility
Alberto Lopo García,34.2,26.2,66.349,0.4,0.0,0.1,6.7,1.3,2.1,3.1,1.5,0.6,0.8,4,Utility
Alberto Lora Ramos,43.0,32.225806451612904,74.73193548387097,0.1935483870967742,0.0,0.6129032258064516,11.67741935483871,2.032258064516129,3.612903225806451,3.6774193548387095,2.0,0.8709677419354839,1.064516129032258,4,Utility
Alberto Mateus Contreiras Gonçalves,8.607142857142858,5.535714285714286,65.48285714285714,0.8928571428571429,0.1428571428571428,0.4285714285714285,5.642857142857143,0.2142857142857142,1.0357142857142858,2.6785714285714284,0.4642857142857143,0.6428571428571429,0.6785714285714286,0,Defender
Aleix Vidal Parreu,50.111111111111114,42.888888888888886,85.39555555555555,0.1111111111111111,0.0,0.6666666666666666,8.11111111111111,0.8888888888888888,2.7777777777777777,1.0,1.1111111111111112,0.6666666666666666,0.8888888888888888,4,Utility
Alejandro Arribas Garrido,36.903225806451616,27.129032258064516,72.0809677419355,0.3870967741935484,0.064516129032258,0.3870967741935484,9.451612903225806,2.4516129032258065,3.2903225806451615,3.774193548387097,1.6451612903225807,1.1612903225806452,1.1290322580645162,4,Utility
Alejandro Barrera García,7.0,4.8,65.888,0.4,0.0,0.2,5.8,0.0,0.6,1.6,0.2,0.0,0.2,0,Defender
Alejandro Bergantiños García,39.81818181818182,31.227272727272727,79.51681818181818,0.7272727272727273,0.0909090909090909,0.4545454545454545,16.227272727272727,1.3636363636363635,5.409090909090909,4.863636363636363,1.6363636363636365,0.5,1.0454545454545454,1,Midfielder
Alejandro Menéndez Díez,18.666666666666668,11.38095238095238,51.453809523809525,0.8571428571428571,0.0952380952380952,1.4761904761904765,9.714285714285714,1.238095238095238,2.4761904761904763,2.5238095238095237,1.380952380952381,0.238095238095238,0.5714285714285714,0,Defender
Aleksandar Pantić,26.5,16.9,62.7985,0.5,0.0,0.15,6.3,2.25,3.45,3.5,1.25,0.05,1.35,4,Utility
Alen Halilović,24.583333333333332,18.694444444444443,75.01333333333334,1.6388888888888888,0.0833333333333333,3.638888888888889,7.694444444444445,0.3055555555555556,3.6666666666666665,1.2222222222222223,0.6111111111111112,1.6388888888888888,0.3333333333333333,2,Attacker
Alexis Ruano Delgado,36.666666666666664,29.0,77.45133333333334,0.2,0.0666666666666666,0.5333333333333333,3.6666666666666665,3.0,3.3333333333333335,1.7333333333333334,1.4666666666666666,0.5333333333333333,0.7333333333333333,4,Utility
Alfonso Pedraza Sag,11.5,7.0,58.335,0.5,0.0,2.5,12.0,0.5,2.5,0.5,1.5,0.5,1.5,0,Defender
Alfred John Momar N''Diaye,35.0,27.794117647058822,78.60794117647059,0.7647058823529411,0.0588235294117647,1.3235294117647058,19.41176470588235,1.8529411764705883,5.088235294117647,6.117647058823529,2.735294117647059,1.0,1.8235294117647056,1,Midfielder
Alhassane Bangoura,19.5625,12.5625,62.598125,1.125,0.0,3.9375,8.5625,0.4375,3.5,2.125,0.875,0.875,1.25,0,Defender
Alphonse Areola,26.90625,15.03125,57.084375,0.0,0.0,0.03125,0.0625,0.0,5.0,0.0,0.0625,0.25,0.03125,3,Goalkeeper
Anaitz Arbilla Zabala,60.142857142857146,47.0,77.60000000000001,1.0,0.0,1.4285714285714286,14.0,1.8571428571428572,4.571428571428571,4.142857142857143,2.0,1.1428571428571428,2.2857142857142856,1,Midfielder
Ander Capa Rodríguez,50.5,31.583333333333332,62.42916666666666,0.4444444444444444,0.0555555555555555,1.6388888888888888,12.944444444444445,2.9722222222222223,5.694444444444445,3.638888888888889,1.75,0.8888888888888888,1.6388888888888888,1,Midfielder
Ander Gayoso Reina,6.0,4.0,66.67,0.0,0.0,0.0,0.0,0.0,1.0,0.0,0.0,1.0,0.0,0,Defender
Ander Iturraspe Derteano,26.0625,20.8125,80.648125,0.25,0.0,0.3125,11.0,1.0625,2.8125,2.5,1.4375,0.5,1.375,4,Utility
Andreu Fontàs Prat,66.85714285714286,59.714285714285715,87.96857142857142,0.2857142857142857,0.1428571428571428,0.0,10.142857142857142,2.4285714285714284,4.285714285714286,3.2857142857142856,1.4285714285714286,0.2857142857142857,0.2857142857142857,4,Utility
André Filipe Tavares Gomes,44.733333333333334,36.03333333333333,80.09166666666667,1.4,0.1,3.7666666666666666,19.2,0.7666666666666667,5.7,4.533333333333333,1.5666666666666669,1.8333333333333333,2.1333333333333333,1,Midfielder
Andrés Eduardo Fernández Moreno,30.7027027027027,17.405405405405407,56.457027027027024,0.0,0.0,0.054054054054054,0.1621621621621621,0.0,5.72972972972973,0.027027027027027,0.054054054054054,0.2432432432432432,0.027027027027027,3,Goalkeeper
Andrés Iniesta Luján,67.03571428571429,58.607142857142854,87.30785714285715,0.8214285714285714,0.0357142857142857,2.857142857142857,13.464285714285714,0.4285714285714285,4.75,2.25,1.0714285714285714,1.9285714285714288,0.8571428571428571,1,Midfielder
Andrés Pascual Santoja,6.0,5.0,83.33,0.0,0.0,2.0,6.0,1.0,3.0,4.0,0.0,2.0,0.0,0,Defender
Antoine Griezmann,36.68421052631579,28.76315789473684,77.26973684210526,2.4210526315789473,0.5789473684210527,2.1578947368421053,16.289473684210527,1.105263157894737,4.394736842105263,4.842105263157895,1.263157894736842,1.1842105263157894,0.9210526315789472,2,Attacker
Antolín Alcáraz Viveros,43.666666666666664,31.333333333333332,71.36166666666666,0.3333333333333333,0.1666666666666666,0.3333333333333333,9.333333333333334,2.6666666666666665,2.8333333333333335,5.5,2.0,0.5,1.3333333333333333,4,Utility
Antonio Adán Garrido,31.77777777777778,13.77777777777778,44.04888888888889,0.0,0.0,0.0277777777777777,0.1666666666666666,0.0,4.611111111111111,0.0,0.0,0.0833333333333333,0.0277777777777777,3,Goalkeeper
Antonio Amaya Carazo,30.294117647058822,22.88235294117647,69.86235294117648,0.1764705882352941,0.0588235294117647,0.3529411764705882,7.0588235294117645,1.7058823529411764,1.6470588235294117,2.411764705882353,1.5294117647058822,0.3529411764705882,1.2352941176470589,4,Utility
Antonio Barragán Fernández,42.958333333333336,33.333333333333336,74.46291666666666,0.0,0.0,1.0,10.75,1.8333333333333333,3.0416666666666665,2.5,1.5,0.9583333333333334,1.7083333333333333,4,Utility
Antonio García Aranda,50.22222222222222,36.333333333333336,71.72518518518518,0.4074074074074074,0.0,2.3333333333333335,11.074074074074074,2.259259259259259,5.296296296296297,3.2222222222222223,2.037037037037037,1.7037037037037035,1.962962962962963,1,Midfielder
Antonio Jesús Cotán Pérez,50.0,42.0,84.0,0.0,0.0,3.0,18.0,0.0,6.0,7.0,3.0,2.0,5.0,1,Midfielder
Antonio José Raillo Arenas,28.25,21.5,73.35249999999999,1.0,0.0,0.0,7.0,2.25,2.5,3.5,0.5,0.75,0.75,4,Utility
Antonio Manuel Luna Rodríguez,34.93333333333333,24.933333333333337,68.71000000000001,0.1333333333333333,0.0,0.7333333333333333,9.666666666666666,2.0,3.066666666666667,2.6666666666666665,1.8666666666666667,0.5333333333333333,0.5333333333333333,4,Utility
Antonio Rodríguez Martínez,33.1,24.2,73.037,0.0,0.0,0.0,0.0,0.0,6.6,0.0,0.0,0.3,0.2,3,Goalkeeper
Antonio Rukavina,35.833333333333336,27.833333333333332,71.61944444444445,0.1111111111111111,0.0,0.5555555555555556,7.388888888888889,1.5,2.3333333333333335,2.8333333333333335,1.8333333333333333,0.3888888888888889,1.0555555555555556,4,Utility
António Alberto Bastos Pimparel,30.25,21.75,73.1,0.0,0.0,0.0,0.0,0.0,3.5,0.0,0.0,0.5,0.0,3,Goalkeeper
Aras Özbiliz,11.666666666666666,6.666666666666667,57.23,0.3333333333333333,0.0,0.6666666666666666,7.666666666666667,0.3333333333333333,0.6666666666666666,1.6666666666666667,0.0,0.6666666666666666,1.0,0,Defender
Arda Turan,34.666666666666664,31.833333333333332,92.2238888888889,0.4444444444444444,0.1111111111111111,1.6111111111111112,10.0,0.2777777777777778,3.888888888888889,2.3333333333333335,1.2777777777777777,1.1666666666666667,1.2777777777777777,4,Utility
Aritz Aduriz Zubeldia,22.323529411764707,14.0,63.43176470588235,2.823529411764706,0.5882352941176471,1.8823529411764703,9.205882352941176,0.2058823529411764,2.735294117647059,5.0,1.0294117647058822,2.0294117647058822,1.8529411764705883,2,Attacker
Aritz Elustondo Irribaria,47.38709677419355,35.58064516129032,74.08709677419354,0.5161290322580645,0.032258064516129,1.2258064516129032,12.387096774193548,2.2580645161290325,3.645161290322581,3.5483870967741935,1.7419354838709675,0.967741935483871,1.1290322580645162,4,Utility
Armindo Tué Na Bangna,21.21875,16.03125,75.85375,1.5,0.0625,3.09375,8.8125,0.6875,3.03125,1.15625,0.53125,0.84375,0.59375,0,Defender
Arnaldo Antonio Sanabria Ayala,21.517241379310345,15.620689655172416,73.08655172413792,1.793103448275862,0.3793103448275862,1.896551724137931,14.03448275862069,0.3793103448275862,2.931034482758621,7.482758620689655,1.2413793103448276,1.4827586206896552,1.4482758620689655,2,Attacker
Arthur Etienne Boka,47.57142857142857,36.07142857142857,77.85071428571429,0.5,0.0,2.0714285714285716,8.285714285714286,1.6428571428571428,5.071428571428571,3.4285714285714284,1.7857142857142858,1.3571428571428572,1.2142857142857142,1,Midfielder
Asier Illarramendi Andonegi,55.696969696969695,43.75757575757576,76.64636363636363,0.6666666666666666,0.0303030303030303,1.2121212121212122,21.96969696969697,3.121212121212121,6.121212121212121,5.333333333333333,2.363636363636364,2.1515151515151514,1.5757575757575757,1,Midfielder
Asier Riesgo Unamuno,31.352941176470587,14.882352941176473,47.737941176470585,0.0,0.0,0.0,0.088235294117647,0.0,6.205882352941177,0.0,0.0,0.2941176470588235,0.0294117647058823,3,Goalkeeper
Augusto Matías Fernández,52.857142857142854,46.607142857142854,87.75535714285715,0.4642857142857143,0.0357142857142857,1.1428571428571428,21.25,2.892857142857143,5.928571428571429,4.928571428571429,1.6428571428571428,0.9642857142857144,1.9642857142857144,1,Midfielder
Aymen Abdennour,40.63636363636363,33.45454545454545,82.99636363636364,0.3181818181818182,0.0,0.5,9.090909090909092,2.363636363636364,3.1818181818181817,3.3181818181818183,2.0,0.6363636363636364,1.0909090909090908,4,Utility
Aymeric Laporte,51.42307692307692,42.03846153846154,80.50307692307692,0.7692307692307693,0.1153846153846153,0.7307692307692307,9.038461538461538,1.9230769230769231,4.038461538461538,3.0,1.7307692307692308,1.0384615384615383,1.1923076923076923,4,Utility
Aythami Artiles Oliva,52.12903225806452,43.354838709677416,82.66612903225807,0.2903225806451613,0.0,0.1935483870967742,7.516129032258065,1.5806451612903225,2.967741935483871,3.903225806451613,1.6774193548387095,0.5483870967741935,1.032258064516129,4,Utility
Benoît Trémoulinas,49.375,36.125,72.21875,0.5416666666666666,0.0,1.2916666666666667,7.125,1.0833333333333333,3.5,2.5833333333333335,1.6666666666666667,1.25,0.5,4,Utility
Bernard Mensah,5.25,4.75,66.66625,0.25,0.0,0.75,2.625,0.0,0.375,0.375,0.125,0.25,0.75,0,Defender
Bernardo José Espinosa Zúñiga,34.875,24.75,70.144375,0.875,0.0625,0.0625,8.8125,2.5,3.6875,3.3125,2.5,0.75,2.25,4,Utility
Beñat Etxebarria Urkiaga,59.916666666666664,45.22222222222222,75.14583333333333,0.8333333333333334,0.0277777777777777,1.3055555555555556,17.805555555555557,1.6111111111111112,6.277777777777778,3.0,1.5833333333333333,1.9166666666666667,1.4444444444444444,1,Midfielder
Bojan Jokić,33.5,24.5,73.88,0.0,0.0,0.0,8.0,2.0,3.0,2.5,4.0,0.5,1.5,4,Utility
Borja Ekiza Imaz,24.5,13.0,50.7575,0.0,0.0,0.25,5.25,0.5,3.25,1.5,2.0,0.25,1.75,0,Defender
Borja Fernández Fernández,15.5,11.5,75.7625,0.0,0.0,0.5,6.5,0.5,3.0,1.25,1.0,0.0,0.75,0,Defender
Borja González Tomás,17.97222222222222,12.47222222222222,68.77888888888889,2.611111111111111,0.5,0.7222222222222222,15.305555555555555,0.2222222222222222,2.1666666666666665,5.166666666666667,1.0555555555555556,0.9722222222222222,1.1388888888888888,2,Attacker
Borja Mayoral Moya,14.0,11.333333333333334,79.49166666666666,0.5,0.0,1.3333333333333333,13.0,0.5,1.0,2.6666666666666665,0.8333333333333334,0.5,0.5,0,Defender
Borja Viguera Manzanares,10.555555555555555,7.555555555555555,55.96666666666667,0.7777777777777778,0.0,0.8888888888888888,6.333333333333333,0.2222222222222222,1.3333333333333333,1.6666666666666667,0.7777777777777778,0.4444444444444444,0.3333333333333333,0,Defender
Bruno González Cabrera,33.4375,26.46875,79.010625,0.53125,0.0,0.46875,10.71875,2.40625,3.125,4.0625,1.625,0.46875,1.21875,4,Utility
Bruno Soriano Llido,55.74193548387097,46.935483870967744,83.18935483870968,0.8064516129032258,0.1612903225806451,0.8709677419354839,10.516129032258064,2.3225806451612905,5.774193548387097,3.5483870967741935,1.7096774193548387,0.8064516129032258,0.935483870967742,1,Midfielder
Carl Medjani,36.5,28.071428571428573,74.62928571428571,0.4285714285714285,0.0714285714285714,0.2142857142857142,5.857142857142857,1.1428571428571428,1.7142857142857142,2.4285714285714284,1.3571428571428572,0.5714285714285714,0.6428571428571429,4,Utility
Carles Planas Antolínez,48.208333333333336,37.291666666666664,78.30958333333334,0.125,0.0,0.3333333333333333,14.5,1.875,2.125,4.5,1.7916666666666667,0.4166666666666667,0.8333333333333334,4,Utility
Carlos Alberto Vela Garrido,33.542857142857144,24.62857142857143,73.77914285714286,1.7428571428571429,0.1428571428571428,3.4571428571428573,12.228571428571428,0.4571428571428571,4.228571428571429,2.657142857142857,1.1142857142857143,2.8,1.2,2,Attacker
Carlos Carbonell Gil,2.0,1.0,50.0,0.0,0.0,1.0,3.0,0.0,1.0,0.0,1.0,0.0,0.0,0,Defender
Carlos Carmona Bonet,28.8,19.7,68.747,0.75,0.1,2.1,18.6,1.45,4.0,4.3,2.5,1.05,1.8,1,Midfielder
Carlos Castro García,8.12,6.36,74.5392,1.0,0.28,0.88,5.56,0.16,1.36,3.0,0.4,0.96,0.4,0,Defender
Carlos Fernández Luna,9.0,8.0,88.89,0.0,0.0,0.0,3.0,1.0,1.0,1.0,0.0,1.0,0.0,0,Defender
Carlos Gurpegi Nausia,36.266666666666666,28.866666666666667,73.64066666666668,0.3333333333333333,0.0,0.1333333333333333,6.8,1.8666666666666667,2.7333333333333334,2.933333333333333,1.1333333333333333,0.8,1.0666666666666669,4,Utility
Carlos Henrique Casimiro,45.91304347826087,39.869565217391305,85.44782608695652,0.8695652173913043,0.0434782608695652,0.5217391304347826,17.652173913043477,2.0,4.173913043478261,4.086956521739131,2.9130434782608696,1.9130434782608696,2.130434782608696,1,Midfielder
Carlos Martín Vigaray,36.214285714285715,27.357142857142858,75.68071428571429,0.2857142857142857,0.0714285714285714,1.6428571428571428,14.5,1.7857142857142858,3.5,4.714285714285714,2.2142857142857144,0.7142857142857143,1.6428571428571428,1,Midfielder
Carlos Martínez Díez,39.22222222222222,30.444444444444443,77.36,0.3333333333333333,0.0,1.3333333333333333,7.222222222222222,1.6666666666666667,2.888888888888889,3.0,1.3333333333333333,0.7777777777777778,0.5555555555555556,4,Utility
Celso Borges Mora,40.5,32.791666666666664,81.63583333333334,0.8333333333333334,0.125,0.75,12.791666666666666,1.6666666666666667,3.625,4.458333333333333,1.4166666666666667,0.875,1.0833333333333333,4,Utility
Charles Días Barbosa de Oliveira,24.942857142857143,17.714285714285715,71.55085714285714,2.4571428571428573,0.3428571428571428,0.7428571428571429,11.857142857142858,0.5714285714285714,2.4571428571428573,5.0285714285714285,1.0,1.4285714285714286,2.0,2,Attacker
Charly Musonda Junior,24.625,17.75,73.05875,0.875,0.0625,5.625,15.1875,0.9375,4.25,2.875,1.0625,3.5625,1.25,2,Attacker
Chengdong Zhang,3.0,2.0,66.67,0.0,0.0,0.0,4.0,0.0,0.0,1.0,1.0,0.0,1.0,0,Defender
Christian Atsu Twasam,13.0,10.181818181818182,77.06636363636363,0.8181818181818182,0.1818181818181818,2.090909090909091,5.909090909090909,0.2727272727272727,1.6363636363636365,2.1818181818181817,0.8181818181818182,0.9090909090909092,0.2727272727272727,0,Defender
Ciro Immobile,7.875,5.125,60.15,1.75,0.25,0.625,9.75,0.0,1.25,1.5,0.75,0.625,1.375,0,Defender
Claudio Andrés Bravo Muñoz,31.375,26.5,86.31875,0.0,0.0,0.03125,0.09375,0.0,3.71875,0.0,0.03125,0.03125,0.0,3,Goalkeeper
Claudio Beauvue,13.4,8.5,57.95,1.1,0.1,1.7,8.6,0.3,2.2,4.5,1.1,0.7,1.3,0,Defender
Claudio Matías Kranevitter,16.625,12.5,73.46625,0.125,0.0,0.375,8.0,0.75,2.0,1.875,1.0,0.375,1.25,0,Defender
Cristiano Biraghi,42.875,29.34375,68.176875,0.34375,0.0,0.75,10.0,1.40625,3.09375,3.5625,2.125,0.5,1.46875,4,Utility
Cristiano Piccini,52.6875,40.0625,75.775,0.875,0.0,3.0625,11.9375,2.0,5.625,4.0,2.0625,0.8125,1.875,1,Midfielder
Cristiano Ronaldo dos Santos Aveiro,31.833333333333332,24.38888888888889,77.17861111111111,6.333333333333333,0.9722222222222222,2.638888888888889,4.75,0.2222222222222222,2.138888888888889,1.6111111111111112,0.5555555555555556,1.3333333333333333,0.6666666666666666,2,Attacker
Cédric Bakambu,15.147058823529411,10.794117647058824,71.90470588235294,1.4411764705882353,0.3529411764705882,1.2941176470588236,11.176470588235292,0.2352941176470588,1.8529411764705883,3.0588235294117645,0.7647058823529411,1.0588235294117647,1.7941176470588236,2,Attacker
Damián Nicolás Suárez Suárez,54.32258064516129,41.25806451612903,75.17129032258065,0.2903225806451613,0.0,1.6451612903225807,15.709677419354838,1.7419354838709675,4.354838709677419,3.838709677419355,2.225806451612903,1.1290322580645162,1.6129032258064515,1,Midfielder
Dani Castellano Betancor,51.22222222222222,41.111111111111114,79.10740740740741,0.2962962962962963,0.0,2.1481481481481484,10.703703703703704,2.7777777777777777,3.888888888888889,4.148148148148148,2.2962962962962963,1.851851851851852,1.0740740740740742,1,Midfielder
Daniel Alves da Silva,67.96551724137932,58.0,84.9106896551724,0.5517241379310345,0.0,1.7586206896551724,13.137931034482758,1.0,5.655172413793103,3.2758620689655173,2.1724137931034484,0.8275862068965517,1.4827586206896552,1,Midfielder
Daniel Arnaud N''Di	,15.133333333333333,10.2,61.165333333333336,0.8,0.0666666666666666,1.7333333333333334,8.466666666666667,0.4,2.533333333333333,4.333333333333333,0.6666666666666666,2.8,1.1333333333333333,2,Attacker
Daniel Carvajal Ramos,55.81818181818182,48.40909090909091,86.24,0.3636363636363636,0.0,1.9545454545454544,12.772727272727272,1.9090909090909092,3.590909090909091,2.5,2.272727272727273,1.318181818181818,1.5909090909090908,1,Midfielder
Daniel Ceballos Fernández,36.61764705882353,29.264705882352946,79.22617647058824,0.5,0.0,3.176470588235294,15.147058823529411,1.2058823529411764,5.088235294117647,3.2941176470588234,1.1764705882352942,2.823529411764706,1.3823529411764706,1,Midfielder
Daniel Filipe Martins Carriço,35.642857142857146,29.142857142857142,78.78142857142858,0.5,0.0714285714285714,0.3571428571428571,9.428571428571429,1.5714285714285714,2.9285714285714284,3.357142857142857,1.6428571428571428,0.6428571428571429,0.9285714285714286,4,Utility
Daniel García Carrillo,50.31428571428572,37.8,74.526,0.5714285714285714,0.0,0.8285714285714286,15.971428571428572,1.8,6.371428571428571,4.142857142857143,1.9142857142857144,1.4285714285714286,1.8571428571428572,1,Midfielder
Daniel Giménez Hernández,28.666666666666668,15.666666666666666,57.98333333333333,0.0,0.0,0.0,0.0,0.0,4.0,0.0,0.0,0.0,0.0,3,Goalkeeper
Daniel Parejo Muñoz,57.121212121212125,46.57575757575758,81.10454545454544,1.393939393939394,0.2424242424242424,1.9090909090909092,24.818181818181817,1.303030303030303,5.454545454545454,3.6666666666666665,1.6363636363636365,2.757575757575758,1.4848484848484849,1,Midfielder
Daniel Wass,46.25,36.111111111111114,74.92777777777778,1.3611111111111112,0.0555555555555555,0.9444444444444444,10.86111111111111,1.1388888888888888,3.5833333333333335,2.9444444444444446,1.1944444444444444,1.3055555555555556,0.9722222222222222,4,Utility
Daniele Bonera,36.0,30.857142857142858,82.78428571428572,0.1428571428571428,0.0,0.0714285714285714,6.0,1.0714285714285714,1.5,1.7142857142857142,1.2857142857142858,0.5,1.1428571428571428,4,Utility
Danilo Barbosa da Silva,26.42105263157895,19.842105263157897,76.2278947368421,0.8421052631578947,0.0,2.3157894736842106,18.0,1.105263157894737,4.105263157894737,3.5789473684210527,1.6842105263157894,2.526315789473684,1.4210526315789471,1,Midfielder
Danilo Luiz da Silva,62.125,52.5,83.84833333333333,0.75,0.0833333333333333,1.0,11.125,2.25,3.9583333333333335,3.5416666666666665,1.75,1.0,1.7083333333333333,1,Midfielder
David Barral Torres,7.857142857142857,6.214285714285714,80.65357142857144,1.2142857142857142,0.0,0.5,6.0,0.2857142857142857,1.2857142857142858,1.2857142857142858,0.5714285714285714,0.9285714285714286,1.2142857142857142,0,Defender
David Carmona Sierra,36.0,20.0,55.56,1.0,0.0,1.0,23.0,2.0,7.0,7.0,1.0,0.0,2.0,1,Midfielder
David García Santana,51.63157894736842,41.10526315789474,78.71473684210525,0.4736842105263157,0.1052631578947368,0.3157894736842105,7.736842105263157,2.263157894736842,2.736842105263158,3.0,1.9473684210526316,0.8947368421052632,0.6842105263157895,4,Utility
David Goldar Gómez,30.0,12.0,40.0,1.0,0.0,0.0,12.0,1.0,3.0,3.0,3.0,2.0,3.0,1,Midfielder
David Juncà Reñé,41.32258064516129,27.70967741935484,66.40645161290323,0.2903225806451613,0.0,1.4193548387096775,11.516129032258064,1.7096774193548387,3.064516129032258,3.3225806451612905,1.6451612903225807,1.1935483870967742,1.3870967741935485,4,Utility
David Navarro Pedrós,34.05,27.5,78.9625,0.4,0.0,0.35,5.25,1.9,2.45,2.1,1.25,0.5,0.95,4,Utility
David Rodríguez Lombán,32.766666666666666,25.8,76.807,0.4,0.0,0.1,7.966666666666667,1.9333333333333331,2.433333333333333,1.8333333333333333,2.1,0.3,0.7,4,Utility
David Simón Rodríguez Santana,52.25925925925926,41.0,75.74296296296296,0.4444444444444444,0.037037037037037,1.7037037037037035,14.11111111111111,1.2222222222222223,4.407407407407407,3.3333333333333335,1.8888888888888888,0.925925925925926,1.8148148148148149,1,Midfielder
David Zurutuza Veillet,36.4375,28.1875,78.67,1.1875,0.0625,2.6875,16.1875,2.125,5.5,4.375,2.0625,2.3125,1.5,1,Midfielder
Dejan Dražić,4.166666666666667,3.3333333333333335,82.14333333333333,0.1666666666666666,0.0,1.0,3.0,0.0,1.0,0.5,0.3333333333333333,0.1666666666666666,0.3333333333333333,0,Defender
Denis Cheryshev,25.77777777777778,17.555555555555557,68.55777777777777,1.5555555555555556,0.3333333333333333,2.111111111111111,13.444444444444445,1.6666666666666667,3.0,3.4444444444444446,2.111111111111111,1.6666666666666667,1.7777777777777777,2,Attacker
Denis Suárez Fernández,33.75757575757576,22.90909090909091,67.62484848484848,1.121212121212121,0.1212121212121212,3.060606060606061,14.848484848484848,1.1515151515151516,3.878787878787879,2.4545454545454546,2.4545454545454546,1.4545454545454546,0.8787878787878788,2,Attacker
Deyverson Brum Silva Acosta,19.39393939393939,10.909090909090908,55.54484848484849,2.1818181818181817,0.2727272727272727,1.303030303030303,14.424242424242424,0.6666666666666666,3.0,5.0,1.0303030303030305,2.303030303030303,1.606060606060606,2,Attacker
Didier Digard,20.625,15.375,69.84,0.25,0.0,0.625,8.0,0.125,2.375,2.0,0.875,0.625,1.0,0,Defender
Diego Alende López,6.0,6.0,100.0,0.0,0.0,0.0,5.0,0.0,0.0,1.0,3.0,0.0,0.0,0,Defender
Diego Alves Carreira,30.76923076923077,20.076923076923077,66.48923076923077,0.0,0.0,0.0769230769230769,0.0769230769230769,0.0,3.6153846153846154,0.0,0.0,0.0,0.0,3,Goalkeeper
Diego Antonio Reyes Rosales,39.96296296296296,32.77777777777778,80.66740740740741,0.4074074074074074,0.074074074074074,0.6666666666666666,8.925925925925926,2.6666666666666665,3.4814814814814814,4.296296296296297,1.7777777777777777,0.5925925925925926,0.8518518518518519,4,Utility
Diego González Polanco,24.0,21.5,94.445,1.0,0.5,0.0,8.0,1.0,2.0,3.5,1.5,0.5,0.5,4,Utility
Diego Javier Llorente Ríos,44.666666666666664,36.54545454545455,80.0281818181818,0.4545454545454545,0.0606060606060606,1.2121212121212122,13.212121212121213,2.303030303030303,5.151515151515151,4.818181818181818,1.9090909090909092,1.0303030303030305,1.8484848484848484,1,Midfielder
Diego Mainz García,26.4,20.8,75.768,0.2,0.0,0.0,6.6,1.8,1.6,2.8,1.0,1.0,0.6,4,Utility
Diego Mariño Villar,36.04347826086956,25.217391304347824,69.79608695652173,0.0,0.0,0.0434782608695652,0.0869565217391304,0.0,5.695652173913044,0.0,0.0869565217391304,0.2608695652173913,0.0,3,Goalkeeper
Diego Roberto Godín Leal,37.16129032258065,29.419354838709676,76.55677419354839,0.8387096774193549,0.032258064516129,0.4516129032258064,7.774193548387097,2.4193548387096775,3.4838709677419355,4.096774193548387,1.3870967741935485,1.064516129032258,1.2258064516129032,4,Utility
Dimitri Foulquier,33.23809523809524,25.428571428571427,74.14666666666666,0.2857142857142857,0.0476190476190476,1.9523809523809523,11.80952380952381,2.0952380952380953,3.619047619047619,2.857142857142857,1.8095238095238095,0.5238095238095238,1.3333333333333333,4,Utility
Diogo José Rosário Gomes Figueiras,32.5,22.75,70.445,0.5,0.0,1.75,12.0,0.5,6.25,3.5,1.25,1.5,1.25,1,Midfielder
Douglas Pereira dos Santos,3.0,2.0,66.67,0.0,0.0,0.0,4.0,1.0,0.0,0.0,0.0,1.0,0.0,0,Defender
Duje Čop,22.258064516129032,15.064516129032258,67.73838709677419,1.5806451612903225,0.2258064516129032,1.5483870967741935,12.709677419354838,0.4838709677419355,2.3870967741935485,3.612903225806451,0.935483870967742,0.7741935483870968,1.1290322580645162,2,Attacker
Eddy Silvestre Pascual İsrafilov,13.166666666666666,9.0,71.00166666666667,0.3333333333333333,0.0,0.0,9.333333333333334,1.0,2.0,2.3333333333333335,1.6666666666666667,1.1666666666666667,1.8333333333333333,0,Defender
Edgar Antonio Méndez Ortega,15.733333333333333,10.066666666666666,55.285999999999994,0.7333333333333333,0.0666666666666666,1.0,11.666666666666666,0.8666666666666667,2.466666666666667,3.066666666666667,0.4,0.8666666666666667,2.0,0,Defender
Egor Filipenko,22.375,16.5,71.02125,1.0,0.0,0.0,7.0,2.75,2.625,2.5,2.0,0.625,0.375,4,Utility
Emiliano Buendía,21.529411764705884,17.764705882352942,79.60058823529413,0.7647058823529411,0.0588235294117647,1.0588235294117647,12.0,1.2352941176470589,4.0,2.9411764705882355,0.8823529411764706,1.1764705882352942,1.2941176470588236,4,Utility
Emiliano Daniel Velázquez Maldonado,34.90909090909091,23.09090909090909,65.41090909090909,0.7272727272727273,0.2727272727272727,0.8181818181818182,10.818181818181818,2.909090909090909,3.909090909090909,4.545454545454546,1.4545454545454546,0.2727272727272727,1.3636363636363635,4,Utility
Eneko Bóveda Altube,41.56521739130435,31.52173913043478,73.03521739130434,0.217391304347826,0.0,0.782608695652174,11.0,2.0434782608695654,3.391304347826087,3.1739130434782608,1.565217391304348,0.3478260869565217,0.9565217391304348,4,Utility
Eneko Capilla González,5.0,3.0,60.0,1.0,0.0,1.0,1.0,0.0,1.0,0.0,0.0,0.0,0.0,0,Defender
Enrique Sola Clemente,3.4,2.0,50.666,0.2,0.0,0.0,3.0,0.0,0.2,2.2,0.2,1.0,0.2,0,Defender
Enzo Nicolás Pérez,34.6,30.35,85.1985,0.3,0.0,1.45,13.85,1.2,3.6,3.0,1.6,2.0,1.8,1,Midfielder
Enzo Pablo Roco Roco,29.818181818181817,24.0,75.21484848484849,0.3333333333333333,0.0606060606060606,0.2424242424242424,7.303030303030303,1.5454545454545454,2.272727272727273,1.878787878787879,1.4545454545454546,0.303030303030303,1.181818181818182,4,Utility
Eric Bertrand Bailly,33.52,26.0,75.6868,0.16,0.0,0.56,7.52,1.84,3.84,3.24,1.56,1.12,1.44,4,Utility
Esteban Félix Granero Molina,35.13333333333333,27.533333333333335,77.426,0.4,0.0,1.0666666666666669,16.6,1.2,3.0,3.3333333333333335,1.4666666666666666,1.8,1.6,1,Midfielder
Fabián Ariel Orellana Valenzuela,48.55882352941177,36.1764705882353,71.95176470588235,2.264705882352941,0.2058823529411764,6.147058823529412,11.0,1.1470588235294117,6.176470588235294,3.1176470588235294,1.1470588235294117,2.9411764705882355,0.9411764705882352,2,Attacker
Fabián Ruiz Peña,19.666666666666668,15.75,78.69,0.4166666666666667,0.0,1.1666666666666667,8.916666666666666,0.5833333333333334,2.4166666666666665,2.0833333333333335,0.8333333333333334,0.25,0.75,0,Defender
Fayçal Fajr,43.10526315789474,32.36842105263158,74.09078947368421,1.1842105263157894,0.131578947368421,1.2894736842105263,13.973684210526317,1.1842105263157894,3.973684210526316,2.8684210526315788,1.368421052631579,0.9736842105263158,0.8947368421052632,4,Utility
Federico Julián Fazio,29.75,20.75,68.0625,0.25,0.0,0.5,5.25,0.75,1.5,2.25,2.0,0.25,1.25,4,Utility
Federico Nicolás Cartabia,25.26923076923077,18.807692307692307,74.81923076923077,2.0,0.1153846153846153,2.5,14.384615384615383,1.0769230769230769,3.692307692307693,3.076923076923077,1.6923076923076923,2.3846153846153846,0.8461538461538461,2,Attacker
Federico Ricca Rostagnol,44.125,30.625,69.6925,0.25,0.125,0.25,11.5,2.125,4.5,5.25,2.625,1.25,1.375,1,Midfielder
Felipe Salvador Caicedo Corozo,16.774193548387096,12.35483870967742,72.26322580645162,1.3548387096774193,0.2580645161290322,2.161290322580645,10.161290322580646,0.1935483870967742,1.4516129032258065,5.483870967741935,0.967741935483871,1.2903225806451613,1.7741935483870968,2,Attacker
Fernando Damián Tissone,46.583333333333336,35.666666666666664,75.22416666666666,0.6666666666666666,0.0,1.25,13.5,2.25,5.666666666666667,3.0,1.0833333333333333,0.6666666666666666,2.9166666666666665,1,Midfielder
Fernando José Torres Sanz,12.966666666666669,8.5,67.631,1.9,0.3666666666666666,2.4,9.733333333333333,0.1333333333333333,2.2333333333333334,3.6333333333333337,0.9,1.4,1.0666666666666669,2,Attacker
Fernando Llorente Torres,16.91304347826087,10.869565217391305,64.66826086956522,1.3478260869565215,0.1739130434782608,0.8695652173913043,8.869565217391305,0.391304347826087,1.2173913043478262,3.869565217391304,0.5652173913043478,0.3478260869565217,1.6521739130434785,0,Defender
Fernando Navarro i Corbacho,46.48571428571429,34.628571428571426,74.00628571428571,0.0285714285714285,0.0,0.9142857142857144,11.17142857142857,2.142857142857143,3.5714285714285716,4.314285714285714,2.4857142857142858,1.1714285714285717,1.2,1,Midfielder
Filipe Luís Kasmirski,69.1875,54.78125,78.6525,0.25,0.03125,4.03125,15.65625,2.75,5.1875,5.1875,2.03125,1.4375,1.15625,1,Midfielder
Foued Kadir,35.875,26.875,75.16875,1.25,0.0,2.25,11.375,1.125,4.5,3.0,2.125,1.0,0.875,4,Utility
Francisco Alcácer García,14.117647058823527,10.264705882352942,70.48970588235295,1.8529411764705883,0.3823529411764705,0.7941176470588235,11.441176470588236,0.4117647058823529,1.411764705882353,3.0294117647058822,0.7352941176470589,0.7058823529411765,0.5882352941176471,0,Defender
Francisco Casilla Cortés,21.75,14.5,67.795,0.0,0.0,0.0,0.0,0.0,3.5,0.0,0.0,0.0,0.0,3,Goalkeeper
Francisco Guillermo Ochoa Magaña,26.727272727272727,15.181818181818182,56.20454545454545,0.0,0.0,0.0,0.1818181818181818,0.0,4.909090909090909,0.0,0.0909090909090909,0.0,0.0,3,Goalkeeper
Francisco Javier García Noblejas Hernanz,68.0,49.0,72.06,0.0,0.0,1.0,17.0,0.0,4.0,6.0,3.0,1.0,3.0,1,Midfielder
Francisco José Molinero Calderón,30.6,23.15,65.069,0.3,0.0,1.4,8.5,1.3,2.2,3.25,1.3,0.3,1.4,4,Utility
Francisco José Perdomo Borges,15.5,11.375,75.2325,0.5,0.0,2.0,9.375,1.625,3.0,1.25,0.75,0.375,0.5,0,Defender
Francisco José Sánchez Rodríguez,32.0,20.75,66.94,0.75,0.0,2.5,15.0,0.5,5.5,1.75,1.25,1.75,2.25,1,Midfielder
Francisco José Villalba Rodrigo,4.0,3.0,75.0,0.0,0.0,0.0,1.0,0.0,1.0,0.0,0.0,0.0,2.0,0,Defender
Francisco Manuel Rico Castro,32.0,24.642857142857142,72.61642857142857,0.5357142857142857,0.0714285714285714,0.6428571428571429,10.107142857142858,1.0714285714285714,2.607142857142857,2.8214285714285716,1.1428571428571428,0.7857142857142857,1.6785714285714286,4,Utility
Francisco Medina Luna,19.125,11.0,55.723125,1.125,0.125,1.625,7.0625,0.5,2.625,2.375,1.125,0.75,1.25,0,Defender
Francisco Miguel Varela Martín,38.714285714285715,28.214285714285715,68.12642857142858,0.4285714285714285,0.0,0.5714285714285714,6.642857142857143,1.2142857142857142,2.142857142857143,2.142857142857143,1.7857142857142858,0.2857142857142857,0.4285714285714285,4,Utility
Francisco Montañés Claverías,12.0,8.0,74.12142857142858,0.4285714285714285,0.0,1.4285714285714286,9.285714285714286,0.7142857142857143,0.8571428571428571,1.8571428571428572,0.2857142857142857,1.4285714285714286,0.8571428571428571,0,Defender
Francisco Portillo Soler,29.36842105263158,24.157894736842103,85.13684210526316,0.2631578947368421,0.0,2.4210526315789473,9.473684210526317,0.5789473684210527,3.473684210526316,1.8421052631578947,0.7894736842105263,0.9473684210526316,1.0,4,Utility
Francisco Román Alarcón Suárez,41.38709677419355,35.32258064516129,84.83032258064516,1.3548387096774193,0.0967741935483871,4.419354838709677,11.064516129032258,0.7741935483870968,3.5806451612903225,1.7741935483870968,0.6774193548387096,1.967741935483871,1.1290322580645162,2,Attacker
Fábio Ricardo Gomes Fonseca,27.5,22.5,75.17,1.0,0.0,2.0,3.5,0.5,0.0,0.5,1.0,0.5,0.0,0,Defender
Gabriel Fernández Arenas,63.542857142857144,51.142857142857146,79.99342857142857,0.4857142857142857,0.0285714285714285,1.2857142857142858,20.714285714285715,1.6571428571428573,6.571428571428571,4.9714285714285715,2.3142857142857145,1.3714285714285714,2.1714285714285713,1,Midfielder
Gareth Frank Bale,34.391304347826086,25.652173913043477,73.17782608695651,3.5217391304347827,0.8260869565217391,3.0,8.608695652173912,1.0434782608695652,2.8260869565217392,1.6956521739130437,0.782608695652174,1.3478260869565215,0.6086956521739131,2,Attacker
Gaël Kakuta,7.5,4.0,52.68,0.0,0.0,0.5,12.5,0.5,1.0,2.0,0.5,0.0,1.5,0,Defender
Gerard Gumbau Garriga,6.666666666666667,5.666666666666667,87.5,0.0,0.0,0.0,6.333333333333333,0.3333333333333333,0.3333333333333333,0.3333333333333333,1.0,0.0,0.0,0,Defender
Gerard Moreno Balaguero,20.78125,14.8125,68.645625,1.6875,0.21875,3.21875,10.9375,0.59375,2.375,4.625,0.96875,0.8125,1.4375,2,Attacker
Gerard Piqué Bernabéu,67.73333333333333,62.1,91.646,0.4666666666666667,0.0666666666666666,0.3666666666666666,6.133333333333334,1.0666666666666669,4.966666666666667,2.466666666666667,1.6333333333333333,0.4,0.5666666666666667,4,Utility
Germán Alejandro Pezzella,32.36,23.88,72.5632,0.68,0.12,0.08,8.88,2.4,3.08,4.4,2.24,0.56,1.0,4,Utility
Germán Darío Lux,35.310344827586206,18.58620689655172,52.59275862068966,0.0,0.0,0.0344827586206896,0.1034482758620689,0.0,4.551724137931035,0.0,0.0,0.2413793103448276,0.0344827586206896,3,Goalkeeper
Gerónimo Rulli,34.72222222222222,21.555555555555557,62.28944444444445,0.0,0.0,0.0555555555555555,0.25,0.0,4.388888888888889,0.0,0.0277777777777777,0.1666666666666666,0.0555555555555555,3,Goalkeeper
Giedrius Arlauskis,23.666666666666668,10.0,41.98666666666667,0.0,0.0,0.0,1.0,0.0,4.0,0.6666666666666666,0.0,0.0,0.0,3,Goalkeeper
Giuseppe Rossi,19.470588235294116,15.411764705882351,80.83705882352942,1.9411764705882353,0.3529411764705882,2.8823529411764706,13.0,0.4117647058823529,3.235294117647059,3.0,1.1764705882352942,1.2352941176470589,0.7647058823529411,2,Attacker
Gonzalo Castro Irizábal,27.791666666666668,17.25,60.208333333333336,0.8333333333333334,0.0416666666666666,2.5833333333333335,8.875,0.75,3.9583333333333335,2.2916666666666665,1.4166666666666667,1.1666666666666667,0.75,0,Defender
Gonzalo Escalante,38.05882352941177,27.764705882352946,72.72558823529413,0.7058823529411765,0.088235294117647,1.8529411764705883,23.352941176470587,2.176470588235294,6.176470588235294,5.911764705882353,2.5294117647058822,1.0294117647058822,3.1176470588235294,1,Midfielder
Gorka Elustondo Urkola,22.181818181818183,18.09090909090909,81.48181818181818,0.2727272727272727,0.0909090909090909,0.4545454545454545,9.545454545454543,1.6363636363636365,2.363636363636364,2.1818181818181817,0.9090909090909092,0.0909090909090909,0.9090909090909092,4,Utility
Gorka Iraizoz Moreno,36.729729729729726,22.10810810810811,60.71756756756757,0.0,0.0,0.0,0.027027027027027,0.0,5.324324324324325,0.0,0.0,0.081081081081081,0.027027027027027,3,Goalkeeper
Grzegorz Krychowiak,47.30769230769231,39.26923076923077,82.60807692307692,0.8461538461538461,0.0,0.6153846153846154,13.923076923076923,2.8461538461538463,5.1923076923076925,4.115384615384615,1.8461538461538465,2.3846153846153846,2.0,1,Midfielder
Guilherme Magdalena Siqueira,45.8,36.6,78.58,0.3333333333333333,0.0,2.4,10.266666666666667,2.066666666666667,3.4,2.8666666666666667,1.4666666666666666,1.0666666666666669,1.3333333333333333,4,Utility
Gustavo Daniel Cabral Cáceres,58.0,51.29032258064516,87.01483870967742,0.1935483870967742,0.0,0.3870967741935484,11.96774193548387,2.5483870967741935,5.225806451612903,4.67741935483871,1.7096774193548387,0.7419354838709677,1.2903225806451613,1,Midfielder
Hachim Mastour,2.0,1.0,50.0,0.0,0.0,0.0,2.0,0.0,0.0,1.0,1.0,0.0,1.0,0,Defender
Heiko Westermann,32.35,24.95,74.3925,0.75,0.05,0.35,8.4,1.95,2.9,3.8,1.65,0.7,1.1,4,Utility
Henok Goitom,16.5,10.5,65.91,2.0,0.0,0.5,6.5,0.5,1.5,6.5,1.0,1.0,1.5,0,Defender
Hernán Arsenio Pérez González,31.84375,21.5,67.43875,1.46875,0.21875,5.28125,17.5,1.15625,4.96875,3.40625,1.65625,1.9375,3.15625,2,Attacker
Hernán Daniel Santana Trujillo,31.22222222222222,26.333333333333332,83.45611111111111,0.5,0.0555555555555555,0.6666666666666666,9.444444444444445,1.3888888888888888,3.7222222222222223,2.111111111111111,0.5,0.9444444444444444,1.1666666666666667,4,Utility
Hugo Fraile Martín,11.0,7.0,57.406666666666666,0.0,0.0,1.0,8.0,0.0,1.3333333333333333,2.3333333333333335,0.3333333333333333,0.3333333333333333,1.0,0,Defender
Hugo Mallo Novegil,52.0,41.0,78.53205882352941,0.2647058823529412,0.0294117647058823,0.6470588235294118,15.647058823529411,2.2941176470588234,3.5588235294117645,4.235294117647059,1.9705882352941175,0.5588235294117647,1.7647058823529411,1,Midfielder
Hugo Miguel Almeida Costa Lopes,40.30769230769231,30.153846153846153,75.81153846153846,0.4230769230769231,0.0,1.6923076923076923,12.076923076923077,1.9615384615384617,3.3461538461538463,4.076923076923077,1.7307692307692308,0.7692307692307693,1.1923076923076923,4,Utility
Héctor Hernández Ortega,18.76923076923077,13.153846153846152,62.690769230769234,0.3076923076923077,0.0,0.7692307692307693,4.846153846153846,0.8461538461538461,1.4615384615384617,1.5384615384615383,0.8461538461538461,0.5384615384615384,0.1538461538461538,0,Defender
Iago Aspas Juncal,27.88571428571429,21.257142857142856,75.61028571428572,2.342857142857143,0.4,1.8857142857142857,12.628571428571428,0.5428571428571428,3.0,3.6,0.9428571428571428,1.4,1.2285714285714286,2,Attacker
Iago Herrerín Buisán,40.5,21.5,52.09,0.0,0.0,0.0,0.5,0.0,5.5,0.0,0.0,0.0,0.0,3,Goalkeeper
Ian González Nieto,11.0,9.0,81.82,1.0,0.0,0.0,0.0,0.0,0.0,0.0,0.0,0.0,0.0,0,Defender
Ibai Gómez Pérez,10.6,6.4,58.54200000000001,0.4,0.0,1.0,7.4,0.0,1.0,1.4,0.4,0.0,1.2,0,Defender
Idriss Carlos Kameni,27.928571428571427,18.428571428571427,67.665,0.0,0.0,0.0714285714285714,0.0714285714285714,0.0,5.071428571428571,0.0,0.0357142857142857,0.0357142857142857,0.0,3,Goalkeeper
Ignacio Camacho Barnola,50.73913043478261,37.56521739130435,73.20608695652174,1.0434782608695652,0.0869565217391304,0.782608695652174,19.217391304347824,2.782608695652174,6.217391304347826,6.0,1.7391304347826086,2.0434782608695654,2.4782608695652173,1,Midfielder
Ignacio Cases Mora,40.125,32.75,80.425,0.9166666666666666,0.0416666666666666,1.0416666666666667,18.916666666666668,1.2916666666666667,5.375,4.0,1.5,1.5833333333333333,2.1666666666666665,1,Midfielder
Ignacio Monsalve Vicente,32.0,26.0,81.25,0.0,0.0,0.0,4.0,1.0,0.0,1.0,1.0,0.0,1.0,0,Defender
Igor Lichnovsky Osorio,13.0,8.5,62.78,0.0,0.0,0.5,9.0,2.5,1.0,3.5,2.5,1.0,0.0,4,Utility
Igor Zubeldia Elorza,5.0,4.0,80.0,0.0,0.0,0.0,4.0,1.0,1.0,0.0,1.0,0.0,0.0,0,Defender
Ikechukwu Uche,9.0,7.333333333333333,83.09333333333333,0.3333333333333333,0.0,0.6666666666666666,3.0,0.0,0.0,1.3333333333333333,0.3333333333333333,1.0,1.0,0,Defender
Iker Muniain Goñi,27.7,23.25,83.2755,1.15,0.1,1.75,7.1,0.7,3.8,1.65,0.5,2.25,0.3,2,Attacker
Imanol Agirretxe Arruti,20.625,14.125,67.41375,2.8125,0.8125,1.3125,9.8125,0.3125,1.9375,4.875,0.625,1.75,0.625,2,Attacker
Isaac Ajayi Success,23.466666666666665,14.466666666666669,62.547,1.9,0.2,4.666666666666667,11.066666666666666,0.7,3.566666666666667,3.3666666666666667,1.2,3.2333333333333334,1.9,2,Attacker
Ismael López Blanco,41.12903225806452,29.35483870967742,70.73032258064515,0.6129032258064516,0.064516129032258,1.5483870967741935,13.387096774193548,1.7741935483870968,4.774193548387097,3.161290322580645,1.8387096774193548,0.7741935483870968,0.9032258064516128,4,Utility
Ivan Kelava,0.0,0.0,0.0,0.0,0.0,0.0,0.0,0.0,0.0,0.0,0.0,0.0,0.0,3,Goalkeeper
Ivan Rakitić,52.75,45.44444444444444,86.37444444444445,1.2222222222222223,0.1944444444444444,1.0277777777777777,13.333333333333334,0.8611111111111112,4.111111111111111,2.25,1.0833333333333333,1.5833333333333333,1.2222222222222223,1,Midfielder
Iván Cuéllar Sacristán,31.84375,13.75,43.3340625,0.0,0.0,0.0,0.09375,0.0,5.03125,0.0,0.03125,0.25,0.03125,3,Goalkeeper
Iván López Mendoza,34.07692307692308,23.923076923076923,67.95846153846153,0.4615384615384615,0.0,1.8461538461538465,10.0,1.3076923076923077,3.5384615384615383,3.692307692307693,2.0,0.6153846153846154,1.4615384615384617,4,Utility
Iván Ramis Barrios,32.65217391304348,25.304347826086957,74.41826086956522,0.3478260869565217,0.0,0.3478260869565217,5.391304347826087,1.6521739130434785,3.347826086956522,2.739130434782609,1.0434782608695652,0.4782608695652174,0.782608695652174,4,Utility
Izet Hajrović,11.285714285714286,7.714285714285714,76.48571428571428,0.1428571428571428,0.0,0.8571428571428571,6.714285714285714,0.1428571428571428,1.1428571428571428,0.5714285714285714,0.7142857142857143,0.2857142857142857,0.5714285714285714,0,Defender
Iñaki Williams Arthuer,19.4,12.0,56.7768,1.8,0.32,2.28,11.48,0.64,3.64,2.4,1.44,1.88,0.88,2,Attacker
Iñigo Barrenetxea García,3.5,3.0,42.855,0.0,0.0,0.0,1.5,0.0,0.5,1.0,0.0,0.0,0.0,3,Goalkeeper
Jackson Arley Martínez Valencia,13.066666666666666,9.333333333333334,71.30733333333335,1.7333333333333334,0.1333333333333333,1.1333333333333333,7.466666666666667,0.4,1.6666666666666667,3.066666666666667,0.9333333333333332,1.0666666666666669,1.5333333333333334,0,Defender
James David Rodríguez Rubio,46.69230769230769,38.0,79.68384615384615,1.5,0.2692307692307692,1.8846153846153848,11.807692307692308,0.8846153846153846,3.3076923076923075,2.0384615384615383,0.9615384615384616,1.0,0.6153846153846154,2,Attacker
Jan Oblak,21.526315789473685,11.13157894736842,51.55657894736842,0.0,0.0,0.0263157894736842,0.0,0.0,3.5526315789473686,0.0,0.0263157894736842,0.131578947368421,0.0,3,Goalkeeper
Jaume Doménech Sánchez,30.352941176470587,17.941176470588236,59.6364705882353,0.0,0.0,0.0,0.0588235294117647,0.0,4.0588235294117645,0.0,0.0,0.2941176470588235,0.0,3,Goalkeeper
Jaume Vicent Costa Jordá,46.833333333333336,36.94444444444444,78.27222222222223,0.2222222222222222,0.0555555555555555,0.2777777777777778,10.833333333333334,2.611111111111111,3.1666666666666665,4.388888888888889,3.1666666666666665,1.2222222222222223,1.3888888888888888,1,Midfielder
Javi Castellano Betancor,41.0,33.0,80.49,1.0,0.0,0.0,18.0,4.0,5.0,5.0,2.0,3.0,2.0,1,Midfielder
Javier Alejandro Mascherano,65.96875,60.40625,91.5721875,0.09375,0.0,0.40625,11.0625,1.1875,3.4375,3.28125,2.15625,0.6875,0.96875,1,Midfielder
Javier Eraso Goñi,16.25,12.0,78.978125,0.6875,0.125,0.875,14.0625,0.5,2.125,1.125,0.8125,1.1875,0.5,0,Defender
Javier Fuego Martínez,48.76923076923077,41.26923076923077,83.15653846153847,0.1538461538461538,0.0,0.6153846153846154,22.346153846153847,1.8461538461538465,5.115384615384615,4.0,1.9615384615384617,1.5,2.423076923076923,1,Midfielder
Javier Garrido Behovide,55.22222222222222,46.55555555555556,83.28444444444443,0.0555555555555555,0.0,0.1111111111111111,8.11111111111111,1.3333333333333333,3.2777777777777777,2.1666666666666665,2.2777777777777777,0.2222222222222222,0.8888888888888888,4,Utility
Javier Guerra Rodríguez,22.1,15.9,67.88833333333334,2.3666666666666667,0.4,1.5666666666666669,12.466666666666669,0.3333333333333333,2.066666666666667,6.033333333333333,1.1666666666666667,2.1666666666666665,1.5666666666666669,2,Attacker
Javier López Rodríguez,39.70967741935484,28.483870967741936,72.6316129032258,0.1612903225806451,0.0,1.1935483870967742,14.193548387096774,2.129032258064516,4.451612903225806,4.225806451612903,1.6129032258064515,1.1290322580645162,1.8387096774193548,1,Midfielder
Javier Márquez Moreno,31.842105263157897,22.526315789473685,67.90789473684211,1.1578947368421053,0.0,0.631578947368421,17.157894736842106,0.9473684210526316,3.789473684210526,3.736842105263158,1.5789473684210529,1.5789473684210529,1.9473684210526316,1,Midfielder
Javier Ontiveros Parra,10.75,8.25,78.75,0.25,0.0,0.5,4.25,0.25,2.25,1.25,0.25,0.25,1.25,0,Defender
Javier Varas Herrera,39.38709677419355,24.580645161290324,61.74290322580645,0.0,0.0,0.0967741935483871,0.2258064516129032,0.0,5.67741935483871,0.0,0.0,0.2580645161290322,0.064516129032258,3,Goalkeeper
Jean-Sylvain Claude Babin,34.08,27.96,80.3476,0.52,0.12,0.04,5.88,1.52,1.64,3.72,1.44,0.28,0.6,4,Utility
Jefferson Andrés Lerma Solís,36.696969696969695,27.151515151515152,71.50121212121212,1.121212121212121,0.0303030303030303,1.0303030303030305,14.363636363636363,1.606060606060606,5.090909090909091,3.393939393939394,1.2727272727272727,0.8484848484848485,1.6666666666666667,1,Midfielder
Jerónimo Figueroa Cabrera,38.0,31.08695652173913,78.3695652173913,0.6956521739130435,0.0,2.5217391304347827,9.173913043478262,1.2173913043478262,3.739130434782609,1.6521739130434785,0.8695652173913043,1.391304347826087,0.5652173913043478,4,Utility
Jesé Rodríguez Ruiz,14.25,10.964285714285714,75.95035714285714,0.75,0.1785714285714285,1.1785714285714286,4.321428571428571,0.3571428571428571,1.6785714285714286,1.0714285714285714,0.3928571428571428,0.5,0.5,0,Defender
Jesús Fernández Collado,43.0,18.0,41.86,0.0,0.0,0.0,0.0,0.0,3.0,0.0,0.0,0.0,0.0,3,Goalkeeper
Jesús Gámez Duarte,39.4,26.9,67.499,0.2,0.0,0.9,11.7,2.0,1.5,2.9,2.4,0.9,0.7,4,Utility
Joan Jordán Moreno,41.77777777777778,35.77777777777778,85.57666666666665,1.0,0.1111111111111111,1.5555555555555556,17.77777777777778,1.1111111111111112,3.2222222222222223,3.4444444444444446,1.6666666666666667,0.6666666666666666,2.111111111111111,1,Midfielder
Joan Verdú Fernández,39.23076923076923,32.84615384615385,82.15461538461538,0.6923076923076923,0.0769230769230769,1.4615384615384617,10.615384615384617,0.8461538461538461,4.538461538461538,1.7692307692307692,1.3076923076923077,1.0769230769230769,0.6153846153846154,4,Utility
Joaquín José Marín Ruiz,40.96296296296296,27.666666666666668,68.01,0.6666666666666666,0.0,1.2592592592592593,15.77777777777778,1.851851851851852,3.703703703703704,5.555555555555555,1.8148148148148149,0.7407407407407407,1.6666666666666667,1,Midfielder
Joaquín Sánchez Rodríguez,32.03333333333333,23.3,72.06033333333333,0.9666666666666668,0.0333333333333333,2.933333333333333,8.366666666666667,0.7333333333333333,4.1,3.0,1.2,1.6,0.4333333333333333,2,Attacker
John Guidetti,9.028571428571428,6.542857142857143,71.33028571428571,0.9428571428571428,0.2,0.7714285714285715,7.514285714285714,0.1714285714285714,1.3428571428571427,2.4285714285714284,0.4857142857142857,0.8857142857142857,0.9142857142857144,0,Defender
Jon Ansotegi Gorostola,22.375,15.375,57.07125,0.5,0.0,0.0,6.25,1.375,0.375,2.25,0.5,0.375,0.625,0,Defender
Jon Bautista Orgilles,8.75,5.5,47.6475,1.0,0.25,0.75,8.75,0.25,0.25,1.75,0.0,1.0,1.25,0,Defender
Jonathan Castro Otto,52.638888888888886,42.97222222222222,81.34638888888888,0.3888888888888889,0.0277777777777777,1.1944444444444444,15.555555555555555,2.5833333333333335,4.083333333333333,3.6944444444444446,2.25,0.75,1.3611111111111112,1,Midfielder
Jonathan Javier Rodríguez Portillo,7.461538461538462,5.0,62.34538461538462,1.4615384615384617,0.0,0.8461538461538461,8.153846153846153,0.3076923076923077,1.4615384615384617,2.923076923076923,0.4615384615384615,0.3846153846153846,1.2307692307692308,0,Defender
Jonathan Rodríguez Menéndez,31.166666666666668,18.38888888888889,59.33583333333334,1.5555555555555556,0.1388888888888889,3.888888888888889,12.86111111111111,1.3055555555555556,4.305555555555555,2.1666666666666665,1.6111111111111112,1.7777777777777777,1.0555555555555556,2,Attacker
Jonathan Viera Ramos,54.333333333333336,43.0,78.60944444444445,2.4444444444444446,0.2777777777777778,3.7777777777777777,18.166666666666668,0.8333333333333334,4.638888888888889,3.2222222222222223,1.3611111111111112,2.6666666666666665,0.8888888888888888,2,Attacker
Jonathan dos Santos Ramírez,37.26923076923077,29.03846153846154,78.16076923076923,0.6538461538461539,0.0,1.6538461538461535,17.192307692307693,1.3461538461538465,4.423076923076923,3.730769230769231,1.7692307692307692,0.9615384615384616,1.4615384615384617,1,Midfielder
Jonathas Cristian de Jesus,13.62962962962963,9.62962962962963,71.41592592592593,2.1481481481481484,0.2592592592592592,2.0,11.407407407407408,0.2962962962962963,1.5185185185185186,3.962962962962963,1.148148148148148,1.4074074074074074,1.5925925925925926,2,Attacker
Jonhatan Montiel Caballero,9.875,6.875,69.715,0.25,0.0,1.125,5.875,0.125,2.875,0.625,0.125,0.5,0.625,0,Defender
Jonás Manuel Gutiérrez,11.333333333333334,6.866666666666666,60.166666666666664,0.2,0.0,1.3333333333333333,7.133333333333334,0.7333333333333333,1.8666666666666667,1.8666666666666667,0.8666666666666667,0.4,0.5333333333333333,0,Defender
Jordi Alba Ramos,75.2258064516129,64.6774193548387,86.09354838709677,0.2258064516129032,0.0,0.5161290322580645,9.806451612903226,1.3225806451612905,4.645161290322581,2.225806451612903,2.064516129032258,0.5483870967741935,0.7096774193548387,1,Midfielder
Jordi Figueras Montel,23.666666666666668,17.0,80.64,0.3333333333333333,0.0,0.3333333333333333,7.333333333333333,1.3333333333333333,1.0,3.0,1.6666666666666667,0.0,0.6666666666666666,4,Utility
Jordi Xumetra Feliu,11.307692307692308,7.6923076923076925,68.89384615384616,0.6153846153846154,0.0,0.6923076923076923,7.3076923076923075,0.0,1.8461538461538465,1.6923076923076923,0.8461538461538461,0.6153846153846154,1.0,0,Defender
Jorge Andújar Moreno,39.36363636363637,28.5,65.63772727272728,1.4545454545454546,0.0454545454545454,1.5454545454545454,12.454545454545457,1.5,3.0454545454545454,3.636363636363636,1.818181818181818,1.4545454545454546,1.5909090909090908,1,Midfielder
Jorge Franco Alviz,16.53846153846154,11.346153846153848,66.56230769230768,1.1538461538461535,0.0384615384615384,1.9230769230769231,5.346153846153846,0.3076923076923077,1.5769230769230769,1.1153846153846154,0.8461538461538461,0.8076923076923077,0.3076923076923077,0,Defender
Jorge Meré Pérez,31.56,24.84,76.16,0.32,0.0,0.36,8.76,1.88,3.12,4.48,1.4,0.48,0.88,4,Utility
Jorge Molina Vidal,13.043478260869565,8.043478260869565,58.783478260869565,0.5652173913043478,0.0434782608695652,0.391304347826087,5.608695652173913,0.0869565217391304,1.5217391304347827,3.782608695652174,0.5217391304347826,1.0434782608695652,0.6521739130434783,0,Defender
Jorge Resurrección Merodio,64.91428571428571,49.8,75.60085714285714,1.2,0.1428571428571428,1.5142857142857142,19.057142857142857,1.3428571428571427,5.457142857142857,4.085714285714285,1.6,1.8,1.2285714285714286,1,Midfielder
Joseba Zaldúa Bengoetxea,38.53846153846154,26.53846153846154,63.73230769230769,0.1538461538461538,0.0,1.0,12.23076923076923,1.4615384615384617,2.769230769230769,3.4615384615384617,1.1538461538461535,1.8461538461538465,1.9230769230769231,4,Utility
Josep Señé Escudero,12.444444444444445,9.0,65.65666666666667,0.2222222222222222,0.0,1.5555555555555556,7.555555555555555,0.2222222222222222,2.2222222222222223,1.4444444444444444,1.2222222222222223,1.8888888888888888,0.8888888888888888,0,Defender
Josip Radošević,24.25,17.875,75.5625,0.125,0.0,0.375,18.125,1.25,3.875,3.0,1.375,0.875,2.5,1,Midfielder
José Alberto Cañas Ruiz Herrera,30.53846153846154,24.692307692307693,73.91461538461539,0.0,0.0,0.3076923076923077,10.384615384615383,1.1538461538461535,3.3846153846153846,2.076923076923077,1.5384615384615383,1.2307692307692308,1.1538461538461535,4,Utility
José Antonio Dorado Ramírez,27.1,22.0,80.188,0.1,0.0,0.3,4.0,0.6,1.0,1.8,1.2,0.0,0.8,0,Defender
José Antonio García Rabasco,46.96551724137931,36.172413793103445,77.37068965517241,0.8620689655172413,0.0689655172413793,0.6551724137931034,15.482758620689657,1.1724137931034482,4.310344827586207,2.3448275862068964,1.137931034482759,1.103448275862069,1.4827586206896552,1,Midfielder
José Antonio Reyes Calderón,25.291666666666668,15.75,61.69083333333333,0.9583333333333334,0.0416666666666666,1.5833333333333333,12.833333333333334,0.5416666666666666,3.25,1.875,1.4583333333333333,1.7916666666666667,1.125,0,Defender
José Eduardo Rosa Vale de Castro,52.68181818181818,39.59090909090909,72.94454545454545,0.4545454545454545,0.0909090909090909,0.5454545454545454,8.318181818181818,1.818181818181818,4.545454545454546,4.590909090909091,1.4545454545454546,0.2727272727272727,1.0454545454545454,4,Utility
José Ignacio Fernández Iglesias,36.125,32.375,91.19375,0.3125,0.0,0.3125,6.875,1.625,2.375,2.1875,1.875,0.9375,1.125,4,Utility
José Ignacio Martínez García,50.40909090909091,36.77272727272727,72.37454545454545,0.6818181818181818,0.0,0.7727272727272727,14.272727272727272,1.681818181818182,3.1818181818181817,4.318181818181818,2.363636363636364,0.7727272727272727,1.5454545454545454,1,Midfielder
José Ignacio Peleteiro Ramallo,20.0,13.923076923076923,64.89307692307692,1.0769230769230769,0.0,3.8461538461538463,11.76923076923077,0.4615384615384615,4.076923076923077,2.3846153846153846,1.6923076923076923,0.3846153846153846,1.7692307692307692,2,Attacker
José Joaquín Matos García,53.0,39.0,73.58,0.0,0.0,2.0,15.0,0.0,3.0,5.0,1.0,1.0,0.0,4,Utility
José Luis García del Pozo,44.93939393939394,35.57575757575758,78.40212121212122,1.0909090909090908,0.0,1.818181818181818,17.87878787878788,1.303030303030303,6.0606060606060606,4.363636363636363,1.8484848484848484,1.4242424242424243,2.4242424242424243,1,Midfielder
José Luis Gayà Peña,42.55,33.25,79.435,0.15,0.0,1.7,11.1,0.95,2.75,3.6,1.1,1.0,0.7,4,Utility
José Luis Morales Nogales,28.62857142857143,19.257142857142856,64.082,2.057142857142857,0.2,4.828571428571428,14.542857142857144,1.2285714285714286,4.6571428571428575,2.4571428571428573,1.7142857142857142,1.1428571428571428,0.6571428571428571,2,Attacker
José María Giménez de Vargas,32.666666666666664,24.40740740740741,72.74074074074075,0.5185185185185185,0.037037037037037,0.4074074074074074,9.333333333333334,1.5925925925925926,3.074074074074074,3.4444444444444446,1.7037037037037035,0.4444444444444444,1.037037037037037,4,Utility
José María Martín-Bejarano Serrano,34.833333333333336,26.833333333333332,74.86083333333333,1.0833333333333333,0.0,0.75,11.916666666666666,1.4166666666666667,4.666666666666667,4.75,1.0,1.5,1.9166666666666667,1,Midfielder
José Raúl Baena Urdiales,35.333333333333336,28.375,77.73625,0.375,0.0416666666666666,0.9166666666666666,16.583333333333332,1.375,4.041666666666667,3.6666666666666665,1.6666666666666667,1.7916666666666667,2.0,1,Midfielder
José Vicente Gómez Umpiérrez,49.42857142857143,43.23809523809524,86.29571428571428,0.3333333333333333,0.0476190476190476,1.3333333333333333,11.857142857142858,0.9523809523809524,3.857142857142857,4.142857142857143,1.0476190476190477,2.142857142857143,1.380952380952381,1,Midfielder
José Ángel Crespo Rincón,45.666666666666664,37.77777777777778,81.63888888888889,0.1111111111111111,0.0,0.2222222222222222,13.22222222222222,2.4444444444444446,2.111111111111111,5.222222222222222,1.4444444444444444,0.7777777777777778,1.6666666666666667,4,Utility
Jozabed Sánchez Ruiz,39.96296296296296,32.77777777777778,79.95703703703704,1.6666666666666667,0.3333333333333333,1.4074074074074074,15.11111111111111,0.925925925925926,4.703703703703703,2.4814814814814814,1.1111111111111112,1.2222222222222223,0.8148148148148148,2,Attacker
João Pedro Cavaco Cancelo,43.214285714285715,32.464285714285715,74.5167857142857,0.3928571428571428,0.0357142857142857,3.892857142857143,12.142857142857142,2.2142857142857144,4.571428571428571,3.5,1.6428571428571428,1.5357142857142858,1.6428571428571428,1,Midfielder
Juan Antonio Rodríguez Villamuela,35.84375,28.15625,76.4440625,0.59375,0.0,0.5,14.25,2.09375,3.34375,3.96875,1.625,0.96875,1.84375,4,Utility
Juan Carlos Martín Corral,36.142857142857146,25.666666666666668,70.94380952380952,0.0,0.0,0.0476190476190476,0.0952380952380952,0.0,5.0,0.0,0.0,0.1428571428571428,0.0476190476190476,3,Goalkeeper
Juan Carlos Pérez López,28.157894736842103,20.210526315789473,68.39315789473685,0.7894736842105263,0.0526315789473684,1.3157894736842106,8.210526315789474,1.2105263157894737,2.789473684210526,3.210526315789474,1.9473684210526316,1.1578947368421053,1.1578947368421053,4,Utility
Juan Carlos Valerón Santana,29.846153846153847,26.46153846153846,89.14769230769231,0.0769230769230769,0.0,1.1538461538461535,2.5384615384615383,0.2307692307692307,1.5384615384615383,0.8461538461538461,0.3076923076923077,1.3076923076923077,0.0769230769230769,0,Defender
Juan Domínguez Lamas,12.0,9.2,77.738,0.8,0.0,0.2,14.2,0.4,1.2,3.2,1.6,0.2,1.0,0,Defender
Juan Emmanuel Culio,30.333333333333332,25.25,82.1925,0.4166666666666667,0.0,2.3333333333333335,10.333333333333334,0.9166666666666666,4.25,2.75,1.25,2.6666666666666665,1.3333333333333333,1,Midfielder
Juan Francisco García García,36.42857142857143,23.571428571428573,59.651428571428575,0.1428571428571428,0.0,1.0,6.809523809523809,1.6666666666666667,3.5238095238095237,2.380952380952381,1.3333333333333333,0.8571428571428571,0.9047619047619048,4,Utility
Juan Francisco Moreno Fuertes,43.285714285714285,30.285714285714285,69.31771428571429,0.5714285714285714,0.0285714285714285,1.6,9.314285714285717,2.371428571428571,4.9714285714285715,2.9714285714285715,1.8857142857142857,0.9142857142857144,0.3714285714285714,4,Utility
Juan Francisco Torres Belén,49.22857142857143,37.22857142857143,75.66257142857143,0.2,0.0285714285714285,1.7142857142857142,9.0,1.9714285714285715,5.171428571428572,2.371428571428571,2.085714285714286,0.6,1.2857142857142858,4,Utility
Juan Isaac Cuenca López,19.0,15.416666666666666,82.43333333333334,0.8333333333333334,0.1666666666666666,2.25,11.0,1.0,3.5833333333333335,2.0833333333333335,1.5,1.25,0.75,2,Attacker
Juan Manuel Vargas Risco,46.05,32.05,69.349,0.9,0.1,1.1,6.5,1.95,5.55,2.15,2.15,0.45,1.4,4,Utility
Juan Muñiz Gallego,7.0,4.75,64.925,0.0,0.0,0.5,6.25,0.25,0.75,1.5,0.5,1.25,1.0,0,Defender
Juan Muñoz Muñoz,4.75,3.125,63.95875,0.75,0.125,0.25,7.5,0.0,0.875,1.5,0.5,0.125,0.5,0,Defender
Juan Pablo Añor Acosta,23.58620689655172,17.413793103448278,76.02931034482758,1.103448275862069,0.1379310344827586,3.206896551724138,13.482758620689657,0.896551724137931,4.241379310344827,2.103448275862069,1.5517241379310345,1.6551724137931034,0.9310344827586208,2,Attacker
Juan Rafael Fuentes Hernández,34.9,27.2,78.229,0.1,0.0,0.6,9.2,1.1,2.7,3.3,1.9,0.8,0.9,4,Utility
Juan Torres Ruiz,35.59090909090909,26.681818181818183,74.94136363636363,0.2727272727272727,0.0454545454545454,0.4090909090909091,10.136363636363637,2.363636363636364,3.863636363636364,3.590909090909091,1.681818181818182,1.181818181818182,1.6363636363636365,4,Utility
Jérémy Mathieu,39.61904761904762,35.0,86.76523809523809,0.3333333333333333,0.0,0.238095238095238,4.285714285714286,0.9047619047619048,2.0,1.5714285714285714,1.2857142857142858,0.2857142857142857,0.3809523809523809,4,Utility
Karim Benzema,25.444444444444443,19.814814814814813,76.94222222222223,3.6296296296296298,0.8888888888888888,1.8148148148148149,8.37037037037037,0.2222222222222222,2.407407407407407,1.8888888888888888,0.5555555555555556,1.0,0.6296296296296297,2,Attacker
Kevin Gameiro,14.161290322580646,10.193548387096774,74.19935483870967,2.3548387096774195,0.5161290322580645,1.5806451612903225,10.580645161290322,0.4193548387096774,2.4516129032258065,3.096774193548387,0.6129032258064516,0.7419354838709677,0.4838709677419355,2,Attacker
Keylor Navas Gamboa,26.61764705882353,18.441176470588236,69.86470588235295,0.0,0.0,0.0,0.1176470588235294,0.0,4.264705882352941,0.0,0.0,0.1764705882352941,0.0588235294117647,3,Goalkeeper
Kléper Laveran Lima Ferreira,56.04761904761905,48.476190476190474,85.75666666666667,0.6190476190476191,0.0476190476190476,0.7142857142857143,8.476190476190476,2.0,4.142857142857143,2.9047619047619047,2.0952380952380953,1.1904761904761905,0.9523809523809524,1,Midfielder
Laureano Sanabria Ruiz,35.0,26.043478260869566,72.86869565217391,0.0434782608695652,0.0,0.8695652173913043,9.652173913043478,1.826086956521739,3.391304347826087,3.260869565217391,1.9130434782608696,0.6086956521739131,1.173913043478261,4,Utility
Leandro Damião da Silva dos Santos,9.333333333333334,6.0,66.82333333333334,2.0,0.0,0.6666666666666666,8.666666666666666,0.0,1.3333333333333333,3.3333333333333335,1.0,1.0,1.6666666666666667,0,Defender
Leonardo Carrilho Baptistão,14.807692307692308,9.576923076923077,63.78192307692307,1.2307692307692308,0.1153846153846153,1.8846153846153848,10.76923076923077,0.1923076923076923,2.0,3.3846153846153846,0.8846153846153846,1.7307692307692308,0.8846153846153846,0,Defender
Lionel Andrés Messi Cuccittini,58.36363636363637,46.78787878787879,79.92969696969696,4.787878787878788,0.7878787878787878,7.303030303030303,5.787878787878788,0.2121212121212121,2.787878787878788,0.6666666666666666,0.3333333333333333,2.4242424242424243,0.4242424242424242,2,Attacker
Lucas Alfonso Orbán Alegre,39.2,30.3,75.968,0.0,0.0,1.4,13.3,2.0,4.0,4.7,1.5,1.9,2.2,1,Midfielder
Lucas Hernández Pi,32.5,23.7,72.80499999999999,0.0,0.0,0.3,9.8,1.5,2.1,4.0,2.2,1.1,1.0,4,Utility
Lucas Pérez Martínez,28.416666666666668,20.805555555555557,73.66666666666667,2.7222222222222223,0.4722222222222222,2.0555555555555554,15.27777777777778,0.3611111111111111,3.2222222222222223,2.6666666666666665,0.5555555555555556,1.6944444444444444,1.0,2,Attacker
Lucas Vázquez Iglesias,28.16,22.6,78.1,0.96,0.16,1.6,11.68,0.84,2.68,2.72,0.8,1.64,0.8,2,Attacker
Luciano Vietto,19.73684210526316,15.473684210526317,76.87684210526317,1.3157894736842106,0.0526315789473684,1.631578947368421,10.842105263157896,0.2631578947368421,2.3684210526315788,2.6315789473684212,0.6842105263157895,1.2105263157894737,0.6842105263157895,0,Defender
Luis Alberto Romero Alconchel,27.379310344827587,17.75862068965517,63.62068965517241,2.7241379310344827,0.2068965517241379,2.4827586206896552,13.06896551724138,0.4827586206896552,3.827586206896552,3.310344827586207,1.206896551724138,0.8620689655172413,0.4827586206896552,2,Attacker
Luis Alberto Suárez Díaz,27.8,20.2,72.774,3.971428571428571,1.1428571428571428,3.8285714285714287,9.571428571428571,0.2571428571428571,3.142857142857143,1.7428571428571429,0.7142857142857143,2.2,1.2285714285714286,2,Attacker
Luis Carlos Correia Pinto,25.2,17.1,64.223,0.4,0.0,1.55,9.85,1.0,2.25,2.45,1.35,1.65,1.2,0,Defender
Luis Carlos Fariña Olivera,6.333333333333333,5.666666666666667,86.66666666666667,0.0,0.0,1.0,4.333333333333333,1.0,2.0,0.3333333333333333,0.0,0.3333333333333333,0.0,0,Defender
Luis Hernández Rodríguez,45.27777777777778,35.27777777777778,76.41416666666666,0.25,0.0,0.3055555555555556,5.666666666666667,3.638888888888889,4.027777777777778,2.361111111111111,1.2222222222222223,0.5,0.6944444444444444,4,Utility
Luka Modrić,70.9375,63.3125,88.86625,1.09375,0.0625,2.03125,13.125,1.96875,5.78125,2.3125,0.9375,2.1875,1.03125,1,Midfielder
Lévy Clément Madinda,2.0,2.0,100.0,0.0,0.0,0.0,1.0,1.0,0.0,0.0,0.0,0.0,0.0,0,Defender
Mamadou Sylla Diallo,5.230769230769231,3.5384615384615383,65.09461538461538,0.6153846153846154,0.0,0.9230769230769232,6.461538461538462,0.0,0.8461538461538461,1.9230769230769231,0.1538461538461538,0.7692307692307693,1.2307692307692308,0,Defender
Manuel Agudo Durán,44.241379310344826,28.310344827586206,62.36793103448276,2.793103448275862,0.4137931034482758,5.620689655172414,13.241379310344827,1.0,5.517241379310345,3.3448275862068964,1.5172413793103448,2.6551724137931036,1.5862068965517242,2,Attacker
Manuel Castellano Castro,34.1,24.6,63.717,0.4,0.0,0.2,5.5,1.4,1.6,1.5,1.4,0.6,1.6,4,Utility
Manuel Fernández Muñíz,27.22222222222222,12.666666666666666,42.221111111111114,0.0,0.0,0.0,0.0,0.0,3.111111111111111,0.0,0.0,0.3333333333333333,0.0,3,Goalkeeper
Manuel Pablo García Díaz,34.666666666666664,29.0,83.26666666666667,0.3333333333333333,0.0,0.0,5.666666666666667,2.0,0.3333333333333333,1.0,1.3333333333333333,0.3333333333333333,0.0,4,Utility
Manuel Rolando Iturra Urrutia,29.0,24.0,80.645,0.0,0.0,0.6666666666666666,16.333333333333332,2.0,2.3333333333333335,3.1666666666666665,1.1666666666666667,0.8333333333333334,2.1666666666666665,4,Utility
Manuel Trigueros Muñoz,39.225806451612904,31.64516129032258,78.4132258064516,0.967741935483871,0.064516129032258,0.6129032258064516,13.258064516129032,0.8709677419354839,4.225806451612903,3.129032258064516,1.3225806451612905,1.0,1.3225806451612905,4,Utility
Marc Bartra Aregall,30.153846153846153,26.615384615384617,87.41692307692308,0.3846153846153846,0.1538461538461538,0.3076923076923077,3.230769230769231,0.9230769230769232,2.230769230769231,1.4615384615384617,0.7692307692307693,0.6923076923076923,0.2307692307692307,4,Utility
Marc-André ter Stegen,26.714285714285715,23.571428571428573,90.19,0.0,0.0,0.0,0.0,0.0,3.2857142857142856,0.0,0.0,0.0,0.0,3,Goalkeeper
Marcelo Alfonso Díaz Rojas,54.142857142857146,48.285714285714285,87.99142857142859,0.8571428571428571,0.0,0.5,13.428571428571429,1.3571428571428572,5.285714285714286,2.0,1.2857142857142858,1.0,0.9285714285714286,1,Midfielder
Marcelo Vieira da Silva Júnior,69.56666666666666,56.93333333333333,79.03266666666667,0.6666666666666666,0.0666666666666666,3.3333333333333335,9.433333333333334,2.3,5.266666666666667,2.9,2.0,1.4,0.7,1,Midfielder
Marco Andreolli,29.428571428571427,24.714285714285715,80.04142857142857,0.4285714285714285,0.0,0.0,5.857142857142857,1.0,2.4285714285714284,1.7142857142857142,2.0,0.5714285714285714,0.7142857142857143,4,Utility
Marco Asensio Willemsen,38.6764705882353,27.794117647058822,71.56441176470588,1.7352941176470589,0.1176470588235294,3.2941176470588234,16.676470588235293,0.6470588235294118,5.705882352941177,2.9411764705882355,1.6176470588235294,2.088235294117647,1.411764705882353,2,Attacker
Marcos Alberto Angeleri,29.53846153846154,22.846153846153847,77.50692307692307,0.2307692307692307,0.0,0.0769230769230769,9.153846153846152,1.7692307692307692,3.1538461538461537,3.6153846153846154,1.1538461538461535,0.6153846153846154,1.1538461538461535,4,Utility
Marcos Llorente Moreno,9.5,9.5,100.0,0.0,0.0,0.0,2.5,0.5,0.0,0.0,0.0,0.0,0.0,0,Defender
Mariano Damián Barbosa,21.5,16.5,81.48,0.0,0.0,0.5,0.0,0.0,4.5,0.0,0.0,0.0,0.0,3,Goalkeeper
Mariano Ferreira Filho,38.78260869565217,26.956521739130434,69.58217391304348,0.4782608695652174,0.0,1.4782608695652173,8.782608695652174,1.6521739130434785,3.652173913043478,2.9130434782608696,1.6956521739130437,0.7391304347826086,1.2608695652173914,4,Utility
Mario Gaspar Pérez Martínez,51.03030303030303,38.03030303030303,73.57575757575758,1.0,0.0606060606060606,0.696969696969697,9.87878787878788,1.7575757575757576,4.0,4.2727272727272725,2.939393939393939,0.4242424242424242,1.0,4,Utility
Markel Bergara Larrañaga,29.65,23.65,80.271,0.75,0.05,0.65,14.45,1.7,3.9,2.85,1.0,1.4,1.9,4,Utility
Markel Susaeta Laskurain,27.678571428571427,19.285714285714285,69.63035714285715,0.8928571428571429,0.1071428571428571,3.107142857142857,17.0,0.8928571428571429,4.25,3.142857142857143,1.5714285714285714,1.4285714285714286,0.9285714285714286,2,Attacker
Martín Montoya Torralbo,56.92307692307692,45.07692307692308,78.48,0.0769230769230769,0.0,1.9230769230769231,18.615384615384617,2.6153846153846154,3.8461538461538463,5.0,2.076923076923077,1.6153846153846154,1.0,1,Midfielder
Mateo Kovačić,30.92,27.84,85.986,0.4,0.0,1.0,9.32,0.48,2.48,1.56,0.8,0.88,0.76,4,Utility
Mateo Pablo Musacchio,35.46153846153846,29.0,82.52230769230769,0.1538461538461538,0.0769230769230769,0.4615384615384615,6.923076923076923,1.2307692307692308,3.5384615384615383,3.230769230769231,1.6153846153846154,0.6153846153846154,1.0769230769230769,4,Utility
Matheus Dória Macedo,21.125,14.125,69.30625,0.25,0.0,0.0,7.375,2.0,2.0,2.375,1.0,0.0,1.0,4,Utility
Mathew Ryan,34.875,22.375,65.91875,0.0,0.0,0.0,0.125,0.0,4.75,0.0,0.0,0.125,0.0,3,Goalkeeper
Matías Nahuel Leiva Esquivel,18.85,12.9,69.81649999999999,0.5,0.0,2.1,10.8,0.7,2.85,2.5,1.1,0.85,1.2,0,Defender
Mauricio Andrés Cuero Castillo,10.923076923076923,7.0,63.28769230769231,0.7692307692307693,0.0,2.1538461538461537,6.0,0.3076923076923077,1.9230769230769231,1.1538461538461535,0.5384615384615384,0.8461538461538461,0.6153846153846154,0,Defender
Mauricio Lemos Merladet,35.3,29.4,81.569,0.6,0.0,0.7,5.9,2.0,3.1,2.8,1.9,0.1,1.2,4,Utility
Mauro Javier Dos Santos,31.64516129032258,21.225806451612904,64.38677419354839,0.3548387096774194,0.0,0.3548387096774194,8.870967741935484,1.8387096774193548,3.774193548387097,3.4838709677419355,1.3225806451612905,0.5483870967741935,1.1612903225806452,4,Utility
Mehdi Lacen,46.645161290322584,37.903225806451616,80.52903225806452,0.4516129032258064,0.0,0.7419354838709677,21.419354838709676,1.7096774193548387,6.870967741935484,3.838709677419355,1.4838709677419355,1.3870967741935485,2.161290322580645,1,Midfielder
Michael Krohn-Dehli,32.888888888888886,26.48148148148148,80.90074074074074,0.925925925925926,0.037037037037037,1.3333333333333333,9.88888888888889,0.7407407407407407,2.7777777777777777,1.9259259259259256,1.0,0.7037037037037037,1.1111111111111112,4,Utility
Mickaël Ciani,48.0,36.0,74.5,0.0,0.0,0.0,8.0,1.5,2.5,3.0,0.5,0.5,0.5,4,Utility
Miguel Filipe Nunes Cardoso,5.333333333333333,4.0,59.26,1.0,0.0,1.3333333333333333,4.0,0.3333333333333333,0.6666666666666666,0.6666666666666666,0.0,0.0,0.3333333333333333,0,Defender
Miguel Torres Gómez,39.17391304347826,27.565217391304348,68.76913043478261,0.0434782608695652,0.0,0.2608695652173913,10.478260869565217,1.434782608695652,2.0869565217391304,3.9565217391304346,2.9130434782608696,0.2608695652173913,1.0869565217391304,4,Utility
Miguel Ángel Guerrero Martín,12.043478260869565,9.08695652173913,71.40869565217392,0.9565217391304348,0.0869565217391304,1.1304347826086956,12.782608695652174,0.391304347826087,1.1304347826086956,3.782608695652174,0.5217391304347826,0.6521739130434783,2.130434782608696,0,Defender
Miguel Ángel Muñoz Alonso,30.333333333333332,25.0,81.99,0.0,0.0,0.3333333333333333,13.666666666666666,2.6666666666666665,2.0,3.0,1.3333333333333333,0.6666666666666666,0.3333333333333333,4,Utility
Mikel Arruabarrena Aranbide,5.666666666666667,5.333333333333333,80.2,0.1666666666666666,0.1666666666666666,0.0,3.5,0.0,0.1666666666666666,0.5,0.0,0.3333333333333333,0.1666666666666666,0,Defender
Mikel Balenziaga Oruesagasti,44.35294117647059,33.911764705882355,77.04323529411764,0.2352941176470588,0.0,1.411764705882353,14.352941176470589,2.235294117647059,4.882352941176471,3.411764705882353,2.5588235294117645,0.7647058823529411,1.2647058823529411,1,Midfielder
Mikel González de Martín Martínez,29.789473684210527,23.63157894736842,74.28894736842105,0.2631578947368421,0.0,0.3157894736842105,7.315789473684211,1.6842105263157894,2.6315789473684212,3.0526315789473686,1.736842105263158,0.2631578947368421,1.105263157894737,4,Utility
Mikel Oyarzabal Ugarte,23.227272727272727,16.272727272727273,70.05181818181818,1.4545454545454546,0.2727272727272727,2.5454545454545454,17.318181818181817,0.6818181818181818,3.727272727272727,3.727272727272727,1.5,1.7727272727272727,0.8181818181818182,2,Attacker
Mikel Rico Moreno,22.176470588235293,16.647058823529413,77.6370588235294,0.6470588235294118,0.0588235294117647,0.7058823529411765,10.588235294117649,0.8823529411764706,3.647058823529412,2.2941176470588234,0.8823529411764706,0.5294117647058824,0.7058823529411765,0,Defender
Mikel San José Domínguez,45.3235294117647,35.88235294117647,76.72323529411766,0.7647058823529411,0.0588235294117647,0.8235294117647058,17.529411764705884,2.0294117647058822,4.617647058823529,4.147058823529412,1.8823529411764703,0.9411764705882352,1.7941176470588236,1,Midfielder
Moisés Gómez Bordonado,19.545454545454547,15.909090909090908,80.4940909090909,0.7272727272727273,0.0909090909090909,1.4090909090909092,9.545454545454543,0.5454545454545454,3.1818181818181817,1.3636363636363635,0.7272727272727273,0.2727272727272727,0.9545454545454546,0,Defender
Mubarak Wakaso,26.157894736842103,20.73684210526316,74.57631578947368,1.0,0.0526315789473684,1.9473684210526316,10.526315789473683,0.8421052631578947,3.8947368421052633,2.3684210526315788,1.263157894736842,1.7894736842105263,1.736842105263158,2,Attacker
Munir El Haddadi Mohamed,21.4,16.8,77.712,1.1333333333333333,0.2,1.4,8.533333333333333,0.8,2.1333333333333333,1.1333333333333333,1.0666666666666669,0.8666666666666667,0.7333333333333333,0,Defender
Nabil El Zhar,21.066666666666663,16.4,76.631,0.9333333333333332,0.0666666666666666,2.466666666666667,8.066666666666666,0.7333333333333333,2.7666666666666666,2.2666666666666666,0.9333333333333332,1.2,0.9666666666666668,0,Defender
Nabil Ghilas,11.75,7.3,60.125,1.05,0.0,1.85,8.4,0.4,1.45,3.1,0.7,0.55,1.2,0,Defender
Nauzet Alemán Viera,15.0,11.1,69.94500000000001,0.3,0.0,0.4,4.2,0.5,1.2,0.8,0.3,0.2,0.9,0,Defender
Nemanja Radoja,27.1,22.333333333333332,82.027,0.2,0.0,0.9666666666666668,11.766666666666667,1.3,3.4,3.3333333333333335,1.2333333333333334,0.4666666666666667,1.1,4,Utility
Neymar da Silva Santos Junior,57.94117647058823,45.05882352941177,77.93441176470589,3.6176470588235294,0.7058823529411765,8.029411764705882,11.529411764705882,0.3823529411764705,3.941176470588235,1.588235294117647,0.8529411764705882,4.676470588235294,1.6176470588235294,2,Attacker
Nicolás Federico López Alonso,7.5,4.375,51.04125,0.875,0.0,1.25,3.875,0.125,2.25,1.375,1.0,0.625,0.5,0,Defender
Nicolás Ladislao Fedor Flores,18.59090909090909,13.772727272727272,72.1190909090909,1.9090909090909092,0.4090909090909091,1.681818181818182,16.0,0.4545454545454545,3.0454545454545454,5.954545454545454,1.6363636363636365,1.181818181818182,1.9090909090909092,2,Attacker
Nicolás Martín Pareja,46.0,35.0,75.575,0.0,0.0,0.5,6.0,1.0,2.5,4.5,0.5,1.5,2.0,4,Utility
Nikolaos Karabelas,60.0,35.0,58.33,0.0,0.0,1.0,20.0,2.0,4.0,3.0,2.0,1.0,5.0,1,Midfielder
Nordin Amrabat,24.076923076923077,15.153846153846152,60.81384615384616,2.1538461538461537,0.0,2.923076923076923,13.384615384615383,0.3076923076923077,4.461538461538462,3.769230769230769,0.6923076923076923,2.8461538461538463,3.0,2,Attacker
Néstor Díaz García,2.0,2.0,100.0,0.0,0.0,0.0,0.0,0.0,0.0,0.0,0.0,0.0,0.0,0,Defender
Ognjen Vranješ,34.90909090909091,24.272727272727273,70.00818181818181,0.0,0.0,0.5454545454545454,16.09090909090909,2.4545454545454546,2.8181818181818183,4.636363636363637,1.7272727272727273,1.6363636363636365,2.909090909090909,1,Midfielder
Oier Olazábal Paredes,31.0,17.0,51.10333333333333,0.0,0.0,0.0,0.3333333333333333,0.0,4.666666666666667,0.0,0.0,0.3333333333333333,0.3333333333333333,3,Goalkeeper
Omar Mascarell González,32.73076923076923,23.884615384615383,74.58538461538461,0.4230769230769231,0.0,0.4615384615384615,17.076923076923077,1.9230769230769231,3.8846153846153846,3.692307692307693,2.3846153846153846,0.5384615384615384,1.8461538461538465,1,Midfielder
Oriol Riera Magem,12.0,8.181818181818182,62.11909090909091,1.0909090909090908,0.0909090909090909,0.5,7.772727272727272,0.0909090909090909,1.0,3.136363636363636,0.5909090909090909,0.8636363636363636,1.0,0,Defender
Pablo Daniel Piatti,15.238095238095235,10.19047619047619,67.58809523809524,0.5238095238095238,0.0,1.7142857142857142,12.285714285714286,0.8095238095238095,2.6666666666666665,2.4285714285714284,1.4761904761904765,1.9047619047619049,0.7619047619047619,0,Defender
Pablo Fornals Malla,27.333333333333332,20.88888888888889,74.18555555555555,0.8148148148148148,0.037037037037037,1.2222222222222223,8.481481481481481,0.8888888888888888,3.814814814814815,2.1481481481481484,0.5925925925925926,0.5925925925925926,0.5925925925925926,0,Defender
Pablo Hernández Domínguez,37.666666666666664,28.25925925925926,75.12925925925926,1.2962962962962965,0.1111111111111111,2.0,12.555555555555555,1.037037037037037,4.074074074074074,2.7777777777777777,1.4074074074074074,0.8888888888888888,0.6296296296296297,4,Utility
Pablo Pérez Rodríguez,14.5,9.0,61.83222222222222,1.0,0.0,0.7777777777777778,9.38888888888889,0.6666666666666666,1.7777777777777777,4.0,0.5,0.5555555555555556,1.4444444444444444,0,Defender
Pablo Sarabia García,38.96774193548387,24.70967741935484,63.29096774193548,2.096774193548387,0.2258064516129032,3.612903225806451,20.322580645161292,1.1612903225806452,5.580645161290323,2.935483870967742,2.3225806451612905,2.129032258064516,1.5483870967741935,2,Attacker
Papa Kouly Diop,40.2,31.033333333333335,77.01266666666668,0.7333333333333333,0.1,0.8333333333333334,16.566666666666666,2.466666666666667,5.5,5.666666666666667,1.9,1.9333333333333331,2.966666666666667,1,Midfielder
Pape Cheikh Diop Gueye,6.0,5.5,68.65,0.0,0.0,0.5,2.5,0.0,1.25,1.5,0.25,1.0,0.5,0,Defender
Patrick Ebert,30.22222222222222,21.0,68.12666666666667,1.1111111111111112,0.0,0.8888888888888888,12.0,0.3333333333333333,2.888888888888889,1.5555555555555556,0.5555555555555556,0.8888888888888888,1.3333333333333333,0,Defender
Pau López Sabata,27.194444444444443,15.02777777777778,54.53472222222222,0.0,0.0,0.0,0.1944444444444444,0.0,4.75,0.0,0.0555555555555555,0.1944444444444444,0.0,3,Goalkeeper
Pedro Bigas Rigo,47.55555555555556,39.77777777777778,82.9862962962963,0.5555555555555556,0.1111111111111111,0.7777777777777778,9.0,2.7037037037037037,2.8518518518518516,3.407407407407407,1.8888888888888888,1.037037037037037,0.925925925925926,4,Utility
Pedro León Sánchez Gil,24.64516129032258,14.64516129032258,58.60838709677419,1.4193548387096775,0.064516129032258,3.096774193548387,11.838709677419354,0.8709677419354839,2.806451612903226,2.2903225806451615,1.1290322580645162,1.3548387096774193,1.5806451612903225,2,Attacker
Pedro López Muñoz,41.588235294117645,32.35294117647059,78.06823529411766,0.3529411764705882,0.0588235294117647,1.8235294117647056,12.470588235294118,1.9411764705882353,4.176470588235294,2.6470588235294117,2.5294117647058822,1.2941176470588236,1.5294117647058822,1,Midfielder
Pedro Mosquera Parada,52.48648648648648,43.054054054054056,81.59540540540542,0.8108108108108109,0.0,0.6216216216216216,23.972972972972972,1.864864864864865,5.4324324324324325,5.108108108108108,2.135135135135135,1.5135135135135136,2.3513513513513513,1,Midfielder
Pedro Pablo Hernández,45.303030303030305,36.09090909090909,78.64515151515151,0.8181818181818182,0.0606060606060606,1.4545454545454546,16.242424242424242,1.4242424242424243,4.848484848484849,6.03030303030303,1.696969696969697,3.5757575757575757,2.5757575757575757,1,Midfielder
Pedro Taunausú Domínguez Placeres,42.592592592592595,35.25925925925926,82.04444444444444,1.148148148148148,0.1851851851851851,2.3333333333333335,19.14814814814815,0.8518518518518519,4.592592592592593,3.1481481481481484,1.4444444444444444,2.259259259259259,1.148148148148148,1,Midfielder
Petros Matheus dos Santos Araújo,39.833333333333336,32.833333333333336,82.37966666666667,0.3,0.0333333333333333,1.3333333333333333,24.833333333333332,1.5,5.6,4.4,2.1333333333333333,2.6333333333333333,2.1333333333333333,1,Midfielder
Rachid Aït-Atmane,28.38888888888889,21.333333333333332,73.74611111111112,0.3333333333333333,0.0,0.7777777777777778,13.666666666666666,1.4444444444444444,5.888888888888889,3.388888888888889,1.2777777777777777,1.0555555555555556,1.6111111111111112,1,Midfielder
Rafael Alcântara do Nascimento,29.833333333333332,24.833333333333332,85.11833333333333,0.5,0.1666666666666666,1.1666666666666667,8.0,0.5,2.1666666666666665,1.5,1.1666666666666667,1.0,0.5,0,Defender
Rafael van der Vaart,15.571428571428571,10.571428571428571,71.78428571428572,0.8571428571428571,0.0,0.2857142857142857,6.571428571428571,0.4285714285714285,1.4285714285714286,1.5714285714285714,0.7142857142857143,1.2857142857142858,0.5714285714285714,0,Defender
Raphaël Varane,48.38461538461539,42.76923076923077,87.91038461538461,0.4615384615384615,0.0,0.3461538461538461,6.230769230769231,1.8076923076923077,2.8076923076923075,2.4615384615384617,2.0,0.4615384615384615,0.9230769230769232,4,Utility
Raúl Albentosa Redal,37.10344827586207,26.41379310344828,69.76103448275862,0.5862068965517241,0.0689655172413793,0.2068965517241379,7.344827586206897,2.103448275862069,3.793103448275862,3.1724137931034484,1.4137931034482758,0.4482758620689655,1.137931034482759,4,Utility
Raúl García Escudero,31.35483870967742,19.483870967741936,61.9341935483871,2.5483870967741935,0.2258064516129032,1.4516129032258065,20.612903225806452,1.1935483870967742,3.774193548387097,6.0,1.967741935483871,2.806451612903226,2.5806451612903225,2,Attacker
Raúl Lizoáin Cruz,36.875,21.625,57.4625,0.0,0.0,0.0,0.125,0.0,5.75,0.0,0.0,0.25,0.0,3,Goalkeeper
Rene Krhin,23.347826086956523,17.869565217391305,73.84521739130435,0.3478260869565217,0.0,0.5652173913043478,11.869565217391305,1.6521739130434785,2.9565217391304346,3.0,1.2608695652173914,0.9130434782608696,1.173913043478261,4,Utility
Ricardo Jorge Luz Horta,17.58823529411765,13.588235294117649,77.83941176470589,1.0588235294117647,0.0,1.7058823529411764,10.117647058823527,0.7058823529411765,2.235294117647059,2.7058823529411766,1.1764705882352942,0.4705882352941176,1.1764705882352942,0,Defender
Ricardo Miguel Moreira da Costa,32.357142857142854,26.357142857142858,80.46571428571428,0.6428571428571429,0.0714285714285714,0.0714285714285714,6.928571428571429,0.8571428571428571,2.357142857142857,3.0,1.7142857142857142,0.2142857142857142,1.1428571428571428,4,Utility
Ricky van Wolfswinkel,10.0,6.823529411764706,64.4064705882353,0.8823529411764706,0.0588235294117647,0.2941176470588235,7.0588235294117645,0.4705882352941176,1.1176470588235294,3.588235294117647,0.9411764705882352,0.7647058823529411,1.2352941176470589,0,Defender
Robert Ibáñez Castro,11.11111111111111,8.833333333333334,79.44888888888889,0.5555555555555556,0.0,1.1666666666666667,7.388888888888889,0.3333333333333333,3.0555555555555554,1.3888888888888888,0.8888888888888888,1.5,0.4444444444444444,0,Defender
Roberto Antonio Correa Silva,40.42857142857143,31.857142857142858,76.33142857142857,0.0,0.0,0.7142857142857143,9.714285714285714,1.0,4.714285714285714,2.857142857142857,1.5714285714285714,0.5714285714285714,1.5714285714285714,4,Utility
Roberto Canella Suárez,37.44444444444444,27.22222222222222,71.56666666666666,0.0,0.0,0.5555555555555556,13.11111111111111,2.0,2.4444444444444446,3.5555555555555554,1.5555555555555556,1.0,1.3333333333333333,4,Utility
Roberto José Rosales Altuve,49.0,35.371428571428574,71.816,0.5142857142857142,0.0,1.5142857142857142,12.571428571428571,1.9428571428571428,5.714285714285714,4.314285714285714,2.5142857142857142,1.1428571428571428,1.1142857142857143,1,Midfielder
Roberto Lago Soto,39.411764705882355,31.294117647058822,79.8564705882353,0.2352941176470588,0.0,1.1764705882352942,12.470588235294118,2.0588235294117645,2.411764705882353,3.1176470588235294,1.411764705882353,0.8823529411764706,1.5294117647058822,4,Utility
Roberto Román Triguero,44.62068965517241,34.793103448275865,78.31241379310345,0.4137931034482758,0.0344827586206896,0.8620689655172413,12.10344827586207,1.5862068965517242,3.310344827586207,3.724137931034482,2.1724137931034484,1.3448275862068966,1.3793103448275863,1,Midfielder
Roberto Soldado Rillo,29.214285714285715,19.571428571428573,66.45107142857144,1.4642857142857142,0.1785714285714285,1.6428571428571428,12.642857142857142,0.6071428571428571,2.642857142857143,3.892857142857143,1.1428571428571428,2.5,1.8928571428571428,2,Attacker
Roberto Suárez Pier,21.0,17.5,84.285,0.5,0.0,0.0,3.5,1.0,0.5,0.5,0.0,0.0,0.0,0,Defender
Roberto Trashorras Gayoso,74.44444444444444,60.833333333333336,80.04805555555555,0.9166666666666666,0.0833333333333333,1.6388888888888888,12.88888888888889,1.25,5.972222222222222,3.138888888888889,1.1944444444444444,2.3333333333333335,1.4722222222222223,1,Midfielder
Rodrigo Hernández Cascante,25.0,22.0,84.20333333333333,0.6666666666666666,0.0,0.3333333333333333,7.666666666666667,1.0,3.3333333333333335,2.3333333333333335,1.6666666666666667,0.3333333333333333,0.3333333333333333,4,Utility
Rodrigo Javier De Paul,31.0,21.555555555555557,69.41444444444444,1.1111111111111112,0.0,3.2222222222222223,15.77777777777778,0.8888888888888888,3.7777777777777777,1.8888888888888888,1.2222222222222223,1.5555555555555556,1.0,2,Attacker
Rodrigo Moreno Machado,20.92,14.68,64.19,1.52,0.08,1.84,9.92,0.8,2.4,2.24,0.92,1.08,0.68,0,Defender
Roger Martí Salvador,8.125,4.875,63.49375,1.3125,0.0,0.5625,9.5,0.0625,1.5,2.4375,0.3125,0.6875,1.5,0,Defender
Roque Luis Santa Cruz Cantero,10.235294117647058,8.117647058823529,79.22235294117647,0.2941176470588235,0.1176470588235294,0.6470588235294118,3.764705882352941,0.2352941176470588,0.5294117647058824,2.5294117647058822,0.2352941176470588,0.4705882352941176,0.2352941176470588,0,Defender
Roque Mesa Quevedo,61.0,53.0,85.79588235294118,0.9705882352941176,0.0294117647058823,1.9705882352941175,14.176470588235292,1.4705882352941178,7.0,2.5588235294117645,1.1176470588235294,1.911764705882353,1.4411764705882353,1,Midfielder
Rubén Blanco Veiga,28.5,16.375,59.2025,0.0,0.0,0.0,0.125,0.0,4.25,0.0,0.0,0.25,0.25,3,Goalkeeper
Rubén Castro Martín,26.894736842105264,19.342105263157897,71.53842105263158,2.710526315789474,0.5,1.5,6.315789473684211,0.3947368421052631,2.8947368421052633,2.3157894736842106,0.5526315789473685,1.7894736842105263,0.6578947368421053,2,Attacker
Rubén Duarte Sánchez,39.59090909090909,28.545454545454547,70.33545454545454,0.4545454545454545,0.0,0.4545454545454545,13.909090909090908,2.772727272727273,3.272727272727273,4.545454545454546,2.1818181818181817,1.0,1.681818181818182,1,Midfielder
Rubén García Santos,21.09090909090909,14.045454545454543,70.41045454545454,0.7272727272727273,0.0454545454545454,2.272727272727273,12.363636363636363,0.5909090909090909,2.8181818181818183,2.5,1.4545454545454546,1.318181818181818,1.2272727272727273,0,Defender
Rubén Gracia Calmache,23.166666666666668,16.555555555555557,74.37722222222222,0.5555555555555556,0.0,1.7222222222222223,9.22222222222222,1.1666666666666667,2.5555555555555554,2.0,1.4444444444444444,0.6111111111111112,0.6666666666666666,0,Defender
Rubén Iván Martínez Andrade,27.533333333333335,15.2,55.52,0.0,0.0,0.0,0.0,0.0,4.466666666666667,0.0,0.0,0.0666666666666666,0.0666666666666666,3,Goalkeeper
Rubén Pardo Gutiérrez,42.32142857142857,32.142857142857146,73.92035714285714,1.3214285714285714,0.0,0.7857142857142857,12.785714285714286,1.2857142857142858,4.392857142857143,2.142857142857143,1.1785714285714286,0.3214285714285714,1.0,4,Utility
Rubén Rochina Naixes,37.91428571428571,25.2,65.18285714285715,2.2285714285714286,0.1714285714285714,3.057142857142857,14.142857142857142,1.2857142857142858,5.914285714285715,3.1142857142857143,1.2,2.742857142857143,1.5142857142857142,2,Attacker
Rubén Salvador Pérez Del Mármol,45.29032258064516,34.25806451612903,75.70161290322581,0.5483870967741935,0.0,1.096774193548387,21.225806451612904,1.935483870967742,5.451612903225806,4.741935483870968,2.5161290322580645,1.2903225806451613,2.032258064516129,1,Midfielder
Rúben Miguel Nunes Vezo,33.733333333333334,24.733333333333334,66.30466666666666,0.2,0.0,0.6666666666666666,10.6,2.466666666666667,3.3333333333333335,3.6,2.1333333333333333,0.6666666666666666,1.4,4,Utility
Răzvan Dincă Raț,57.2,40.3,71.176,0.8,0.0,0.8,7.0,2.1,2.9,2.5,1.3,0.3,1.1,4,Utility
Sabin Merino Zuloaga,14.681818181818182,9.545454545454543,60.280454545454546,1.2272727272727273,0.2272727272727272,1.818181818181818,8.727272727272727,0.3636363636363636,2.272727272727273,2.772727272727273,1.2272727272727273,0.4545454545454545,0.5454545454545454,0,Defender
Salvador Ruiz Rodríguez,20.5,17.5,70.715,0.0,0.0,1.0,4.0,1.0,2.5,1.0,0.0,0.5,1.0,0,Defender
Salvador Sevilla López,22.133333333333333,18.4,81.53066666666668,0.4666666666666667,0.0666666666666666,0.2666666666666666,6.2,0.2666666666666666,1.6666666666666667,1.1333333333333333,0.4,0.7333333333333333,0.3333333333333333,0,Defender
Samuel Castillejo Azuaga,24.642857142857142,16.142857142857142,64.23035714285714,0.8928571428571429,0.0357142857142857,3.0,15.964285714285714,1.0,4.071428571428571,2.2857142857142856,2.2857142857142856,1.8571428571428572,1.0,2,Attacker
Samuel García Sánchez,22.75,15.375,62.46,0.625,0.125,1.3125,12.375,0.25,2.5,3.4375,1.0,0.9375,1.75,0,Defender
Sandro Ramírez Castillo,9.1,7.2,80.55,1.0,0.0,0.8,5.4,0.3,1.3,0.8,0.6,0.7,0.4,0,Defender
Santiago Mina Lorenzo,21.46153846153846,15.615384615384617,72.95923076923077,0.9230769230769232,0.1538461538461538,2.3461538461538463,15.692307692307692,0.3846153846153846,2.3461538461538463,3.9615384615384617,1.4615384615384617,2.1153846153846154,1.3846153846153846,2,Attacker
Santiago Vergini,35.65384615384615,29.615384615384617,81.77538461538461,0.3076923076923077,0.0,0.5769230769230769,7.615384615384615,2.8076923076923075,4.653846153846154,2.5384615384615383,1.1538461538461535,0.2692307692307692,1.0,4,Utility
Saúl Berjón Pérez,23.58620689655172,13.517241379310343,62.07620689655173,1.1724137931034482,0.1379310344827586,2.068965517241379,7.551724137931035,0.6206896551724138,2.931034482758621,2.3448275862068964,1.2413793103448276,0.4137931034482758,1.0,0,Defender
Saúl Ñíguez Esclapez,36.903225806451616,28.322580645161292,77.69903225806452,1.5161290322580645,0.1290322580645161,1.967741935483871,20.29032258064516,1.5483870967741935,4.806451612903226,6.225806451612903,2.5806451612903225,1.032258064516129,1.7741935483870968,1,Midfielder
Sebastián Carlos Cristóforo Pepe,38.666666666666664,33.23809523809524,83.75047619047619,0.1428571428571428,0.0,0.9047619047619048,21.047619047619047,1.4761904761904765,4.523809523809524,4.619047619047619,2.047619047619047,2.619047619047619,2.5238095238095237,1,Midfielder
Sergi Darder Moll,40.0,34.0,85.0,3.0,0.0,3.0,14.0,1.0,3.0,5.0,0.0,1.0,1.0,2,Attacker
Sergi Gómez Solà,49.74193548387097,42.58064516129032,81.90483870967742,0.064516129032258,0.0,0.1612903225806451,10.96774193548387,2.6774193548387095,4.0,3.806451612903226,1.7741935483870968,0.2903225806451613,1.064516129032258,4,Utility
Sergi Roberto Carnicer,44.25806451612903,38.58064516129032,85.90645161290323,0.5161290322580645,0.0,1.4516129032258065,10.903225806451612,0.7419354838709677,3.064516129032258,2.3225806451612905,0.8709677419354839,0.8387096774193549,0.6451612903225806,4,Utility
Sergi Samper Montaña,26.0,22.0,84.62,0.0,0.0,0.0,11.0,0.0,2.0,2.0,0.0,0.0,0.0,0,Defender
Sergio Asenjo Andrés,26.25,15.0,56.63250000000001,0.0,0.0,0.0,0.0,0.0,2.75,0.0,0.0,0.0,0.25,3,Goalkeeper
Sergio Busquets i Burgos,68.74285714285715,62.34285714285714,90.34942857142858,0.1714285714285714,0.0,0.8571428571428571,16.62857142857143,1.0857142857142856,4.3428571428571425,4.257142857142857,1.8285714285714283,2.342857142857143,1.1428571428571428,1,Midfielder
Sergio Canales Madrazo,31.9375,24.4375,76.761875,1.5,0.0,0.625,11.5625,0.4375,2.625,2.4375,1.25,1.0625,1.0625,4,Utility
Sergio Enrich Ametller,22.55263157894737,15.31578947368421,65.39868421052631,1.1578947368421053,0.2368421052631578,1.1578947368421053,15.078947368421051,0.2368421052631578,2.6578947368421053,7.2894736842105265,1.0789473684210529,1.5789473684210529,1.631578947368421,2,Attacker
Sergio Escudero Palomo,43.86666666666667,31.733333333333334,71.16733333333333,0.8,0.0666666666666666,1.4666666666666666,13.333333333333334,1.7333333333333334,3.7333333333333334,4.066666666666666,2.4,1.5333333333333334,1.7333333333333334,1,Midfielder
Sergio Ezequiel Araújo,17.466666666666665,12.666666666666666,66.683,2.033333333333333,0.1666666666666666,1.7333333333333334,9.333333333333334,0.2333333333333333,2.6333333333333333,4.533333333333333,1.1666666666666667,0.8,1.4333333333333331,2,Attacker
Sergio Gontán Gallardo,31.724137931034484,20.58620689655172,63.64241379310345,1.2413793103448276,0.1034482758620689,2.8275862068965516,24.103448275862068,0.896551724137931,6.275862068965517,5.206896551724138,1.896551724137931,2.3793103448275863,1.7241379310344829,1,Midfielder
Sergio Mendigutxia Iglesias,8.0,5.0,62.5,1.0,0.0,1.0,4.0,0.0,0.0,1.0,0.0,2.0,1.0,0,Defender
Sergio Ramos García,56.47826086956522,50.43478260869565,88.32130434782609,0.8260869565217391,0.0869565217391304,0.1739130434782608,8.652173913043478,2.4782608695652173,4.173913043478261,2.5652173913043477,2.0434782608695654,1.3043478260869563,1.826086956521739,1,Midfielder
Sergio Rico González,30.0,19.941176470588236,67.2620588235294,0.0,0.0,0.0,0.1176470588235294,0.0588235294117647,4.705882352941177,0.0,0.088235294117647,0.2352941176470588,0.0,3,Goalkeeper
Sergio Álvarez Conde,32.29032258064516,18.838709677419356,58.82096774193548,0.0,0.0,0.0,0.0967741935483871,0.0,4.419354838709677,0.0,0.0,0.032258064516129,0.0,3,Goalkeeper
Sergio Álvarez Díaz,40.74074074074074,30.814814814814813,73.25,0.1851851851851851,0.074074074074074,1.2222222222222223,23.59259259259259,1.5555555555555556,5.148148148148148,6.888888888888889,2.259259259259259,1.4444444444444444,2.4814814814814814,1,Midfielder
Shkodran Mustafi,49.63333333333333,40.2,79.65366666666667,0.8,0.0666666666666666,0.4666666666666667,11.933333333333334,2.7333333333333334,4.766666666666667,4.933333333333334,2.3333333333333335,0.7333333333333333,1.4,1,Midfielder
Sidnei Rechel da Silva Júnior,38.54545454545455,29.87878787878788,76.90454545454546,0.1818181818181818,0.0,0.696969696969697,6.696969696969697,2.5757575757575757,5.0606060606060606,3.242424242424242,1.181818181818182,0.696969696969697,0.4545454545454545,4,Utility
Simone Verdi,9.333333333333334,7.333333333333333,81.91333333333334,0.6666666666666666,0.0,1.2222222222222223,10.22222222222222,0.4444444444444444,1.7777777777777777,0.7777777777777778,1.3333333333333333,1.1111111111111112,1.6666666666666667,0,Defender
Simão Mate,33.266666666666666,25.4,75.216,0.4333333333333333,0.0333333333333333,0.4666666666666667,11.233333333333333,1.9666666666666663,4.3,3.2333333333333334,1.6,1.2666666666666666,1.9333333333333331,4,Utility
Sofiane Feghouli,27.285714285714285,17.095238095238095,60.233333333333334,1.1428571428571428,0.0476190476190476,1.9523809523809523,8.761904761904763,0.5238095238095238,3.2857142857142856,1.9523809523809523,1.380952380952381,1.1428571428571428,0.9523809523809524,0,Defender
Stefan Savić,32.75,25.5,80.74,0.1666666666666666,0.0,0.0833333333333333,6.5,1.6666666666666667,2.3333333333333335,3.3333333333333335,0.8333333333333334,0.4166666666666667,0.5,4,Utility
Stefan Šćepović,14.470588235294118,10.029411764705882,69.07529411764706,0.8823529411764706,0.1764705882352941,0.5588235294117647,6.029411764705882,0.2352941176470588,0.9411764705882352,3.2058823529411766,0.6764705882352942,1.2647058823529411,0.5,0,Defender
Steven N''Kemboanza Mike Christopher Nzonzi,34.607142857142854,27.142857142857142,75.18892857142858,0.6785714285714286,0.1071428571428571,0.6071428571428571,12.107142857142858,0.7857142857142857,2.857142857142857,2.7142857142857144,1.6428571428571428,0.6071428571428571,1.3214285714285714,4,Utility
Stipe Pletikosa,30.5,15.5,49.725,0.0,0.0,0.0,0.0,0.0,4.0,0.0,0.0,0.0,0.0,3,Goalkeeper
Sérgio Paulo Barbosa Valente,27.03703703703704,16.51851851851852,59.37259259259259,0.8518518518518519,0.037037037037037,1.7037037037037035,6.592592592592593,0.9629629629629628,2.7037037037037037,1.8888888888888888,0.8518518518518519,1.7777777777777777,0.7407407407407407,0,Defender
Takashi Inui,20.925925925925927,14.333333333333334,65.38888888888889,1.3333333333333333,0.1111111111111111,1.6666666666666667,12.22222222222222,0.7407407407407407,2.3703703703703702,2.4814814814814814,0.6666666666666666,0.8148148148148148,0.8888888888888888,0,Defender
Thievy Guivane Bifouma Koulossa,10.0,7.428571428571429,74.95285714285714,0.2857142857142857,0.0,1.8571428571428572,3.5714285714285716,0.0,1.4285714285714286,1.8571428571428572,0.5714285714285714,0.7142857142857143,0.7142857142857143,0,Defender
Thomas Teye Partey,16.615384615384617,12.76923076923077,79.48923076923077,0.7692307692307693,0.1538461538461538,1.2307692307692308,8.384615384615385,0.2307692307692307,2.230769230769231,2.4615384615384617,0.8461538461538461,0.4615384615384615,0.9230769230769232,0,Defender
Thomas Vermaelen,34.7,31.8,90.946,0.3,0.1,0.0,3.1,0.5,1.9,1.6,0.8,0.7,0.4,4,Utility
Théo Bongonda Mbul''Ofeko Batombo,15.227272727272728,11.045454545454543,71.37818181818182,0.8636363636363636,0.0909090909090909,2.5454545454545454,6.454545454545454,0.3636363636363636,2.590909090909091,1.7272727272727273,0.9545454545454546,1.6363636363636365,1.0454545454545454,0,Defender
Tiago Cardoso Mendes,55.357142857142854,46.714285714285715,86.20142857142856,0.5,0.0714285714285714,0.0714285714285714,13.428571428571429,1.8571428571428572,4.357142857142857,3.7857142857142856,1.2857142857142858,1.3571428571428572,1.5,1,Midfielder
Tiago Manuel Dias Correia,24.764705882352946,15.441176470588236,62.28058823529412,2.3529411764705883,0.088235294117647,3.264705882352941,9.411764705882351,0.7352941176470589,4.0588235294117645,2.676470588235294,1.5588235294117647,0.7352941176470589,1.088235294117647,2,Attacker
Timothée Kolodziejczak,43.51724137931034,35.62068965517241,81.11241379310346,0.2413793103448276,0.0,0.2758620689655172,6.827586206896552,1.5862068965517242,3.3793103448275863,2.586206896551724,0.9655172413793104,0.3448275862068966,1.103448275862069,4,Utility
Tomás Pina Isla,28.185185185185187,22.14814814814815,76.43962962962962,0.2592592592592592,0.0,0.2222222222222222,11.555555555555555,1.2222222222222223,4.074074074074074,3.259259259259259,1.2962962962962965,1.1851851851851851,1.8148148148148149,4,Utility
Toni Kroos,79.75,72.8125,91.135625,0.625,0.03125,0.875,21.0,1.65625,4.90625,2.53125,1.25,1.8125,1.21875,1,Midfielder
Uche Henry Agbo,17.5,14.666666666666666,85.75,0.0,0.0,0.1666666666666666,9.5,1.6666666666666667,2.5,2.1666666666666665,1.5,0.6666666666666666,2.0,4,Utility
Vicente Guaita Panadero,30.342105263157897,16.026315789473685,53.30657894736842,0.0,0.0,0.0263157894736842,0.0526315789473684,0.0,4.578947368421052,0.0,0.0263157894736842,0.1052631578947368,0.0,3,Goalkeeper
Vicente Iborra De La Fuente,22.41379310344828,15.241379310344827,59.74413793103448,1.103448275862069,0.2413793103448276,0.3793103448275862,9.379310344827584,0.6206896551724138,1.793103448275862,4.068965517241379,1.4482758620689655,0.9655172413793104,1.7241379310344829,0,Defender
Vincenzo Renato Rennella,9.833333333333334,5.833333333333333,63.26500000000001,0.8333333333333334,0.1666666666666666,1.0,5.333333333333333,0.0,3.6666666666666665,4.166666666666667,0.3333333333333333,0.8333333333333334,1.3333333333333333,0,Defender
Víctor Camarasa Ferrando,32.294117647058826,26.970588235294116,80.08441176470588,0.8235294117647058,0.0588235294117647,1.411764705882353,13.588235294117649,0.9411764705882352,4.117647058823529,2.911764705882353,0.8823529411764706,0.9411764705882352,1.2647058823529411,4,Utility
Víctor Casadesús Castaño,16.82608695652174,11.391304347826088,71.54347826086956,0.5217391304347826,0.1304347826086956,0.8260869565217391,5.565217391304348,0.3478260869565217,1.8695652173913044,3.1739130434782608,0.5652173913043478,0.6956521739130435,1.0434782608695652,0,Defender
Víctor Guillermo Álvarez Delgado,28.03703703703704,18.88888888888889,61.53777777777778,0.4814814814814814,0.037037037037037,2.0,12.592592592592592,1.4074074074074074,3.2222222222222223,3.2222222222222223,1.851851851851852,1.2592592592592593,1.4444444444444444,4,Utility
Víctor Machín Pérez,29.142857142857142,21.142857142857142,69.17035714285714,0.8571428571428571,0.0714285714285714,2.9285714285714284,17.642857142857142,0.7142857142857143,4.535714285714286,3.642857142857143,1.8214285714285712,2.5,2.142857142857143,2,Attacker
Víctor Rodríguez Romero,31.575757575757574,26.151515151515152,81.55454545454546,1.3636363636363635,0.0606060606060606,2.0303030303030303,16.636363636363637,1.0303030303030305,4.393939393939394,2.5454545454545454,1.2121212121212122,1.303030303030303,0.7575757575757576,2,Attacker
Víctor Ruíz Torre,44.857142857142854,35.885714285714286,79.02114285714286,0.1428571428571428,0.0,0.2,4.9714285714285715,2.4,3.914285714285714,2.4857142857142858,1.6857142857142855,0.4285714285714285,1.0571428571428572,4,Utility
Víctor Sánchez Mata,35.6551724137931,27.17241379310345,75.96931034482759,0.8275862068965517,0.0344827586206896,1.1724137931034482,24.620689655172413,1.5862068965517242,4.310344827586207,5.379310344827586,1.6206896551724137,1.5517241379310345,2.586206896551724,1,Midfielder
Wanderson Maciel Sousa Campos,13.1,9.65,75.0065,1.2,0.0,2.35,9.55,0.5,2.75,1.65,1.0,1.1,1.1,0,Defender
Weligton Róbson Pena de Oliveira,39.7,28.733333333333334,70.80666666666666,0.1333333333333333,0.0,0.1333333333333333,8.6,2.1333333333333333,4.466666666666667,3.1333333333333333,1.8,0.8666666666666667,1.1666666666666667,4,Utility
Wilfried Aimeric Zahibo,31.0,22.5,73.18,0.0,0.0,0.5,12.0,0.5,6.5,4.0,2.0,0.5,3.0,1,Midfielder
Willian José da Silva,18.333333333333332,13.533333333333331,73.682,1.8,0.3,1.3,8.7,0.1,1.6,3.2666666666666666,0.5,1.2,1.0,2,Attacker
Xabier Etxeita Gorritxategi,39.766666666666666,31.466666666666665,74.56733333333334,0.3333333333333333,0.0,0.2,8.8,2.0,2.6333333333333333,3.066666666666667,1.9333333333333331,0.2333333333333333,0.9666666666666668,4,Utility
Xabier Iruretagoiena Aranzamendi,28.0,13.25,48.4625,0.0,0.0,0.0,0.5,0.0,5.5,0.0,0.0,0.0,0.0,3,Goalkeeper
Xabier Prieto Argarate,35.666666666666664,26.916666666666668,75.5375,0.5,0.0833333333333333,1.1111111111111112,10.333333333333334,0.3888888888888889,3.111111111111111,3.7222222222222223,1.0833333333333333,1.8333333333333333,0.4722222222222222,4,Utility
Xavier Torres Buigues,26.333333333333332,20.333333333333332,76.89583333333333,0.6666666666666666,0.0,0.1666666666666666,9.25,0.8333333333333334,3.0,2.0,1.0833333333333333,1.0,1.5,4,Utility
Yannick Ferreira Carrasco,28.0,21.275862068965516,77.4548275862069,1.862068965517241,0.1379310344827586,4.0,10.0,0.8620689655172413,4.620689655172414,2.206896551724138,1.6206896551724137,1.103448275862069,1.2413793103448276,2,Attacker
Yevhen Konoplyanka,22.65625,15.09375,65.2415625,1.59375,0.125,2.34375,6.125,0.71875,2.34375,1.28125,0.6875,0.9375,0.6875,0,Defender
Yoel Rodríguez Oterino,35.4,22.7,58.464,0.0,0.0,0.0,0.1,0.0,5.8,0.0,0.1,0.2,0.0,3,Goalkeeper
Youssef El-Arabi,18.37142857142857,12.342857142857143,67.50857142857143,2.057142857142857,0.4571428571428571,1.8285714285714283,14.942857142857145,0.4,3.085714285714286,5.285714285714286,0.9428571428571428,1.542857142857143,1.3714285714285714,2,Attacker
Yuri Berchiche Izeta,56.61904761904762,42.333333333333336,74.14714285714285,0.6666666666666666,0.0,1.3333333333333333,14.0,2.4285714285714284,5.0,3.761904761904762,2.4761904761904763,1.238095238095238,1.5238095238095235,1,Midfielder
Zakaria Bakkali,14.25,10.0,73.72125,0.8125,0.0625,1.9375,6.25,0.3125,1.4375,1.25,0.5,1.1875,0.625,0,Defender
Zouhair Feddal,40.607142857142854,30.285714285714285,73.87357142857142,0.3928571428571428,0.0357142857142857,0.3214285714285714,7.5,3.0357142857142856,3.7142857142857144,2.892857142857143,1.6428571428571428,0.5714285714285714,1.4285714285714286,4,Utility
Álvaro Arbeloa Coca,28.0,23.5,86.46166666666666,0.0,0.0,0.1666666666666666,8.166666666666666,1.0,1.6666666666666667,2.6666666666666665,1.3333333333333333,0.1666666666666666,1.1666666666666667,4,Utility
Álvaro Cejudo Carmona,26.133333333333333,17.533333333333335,66.84633333333333,1.2,0.0333333333333333,2.6,14.233333333333333,1.5333333333333334,4.333333333333333,2.966666666666667,2.2666666666666666,1.6333333333333333,1.9333333333333331,1,Midfielder
Álvaro Daniel Pereira Barragán,31.5,20.5,54.70666666666667,0.3333333333333333,0.0,0.3333333333333333,13.333333333333334,2.0,1.3333333333333333,4.333333333333333,2.1666666666666665,0.1666666666666666,1.3333333333333333,4,Utility
Álvaro González Soberón,42.44444444444444,31.63888888888889,72.60055555555556,0.5,0.0,0.3055555555555556,6.916666666666667,1.4722222222222223,3.361111111111111,2.888888888888889,1.6111111111111112,0.9722222222222222,0.9166666666666666,4,Utility
Álvaro Medrán Just,30.7,25.1,81.953,1.55,0.1,1.5,15.15,1.3,5.3,3.6,0.9,1.45,1.8,1,Midfielder
Álvaro Negredo Sánchez,14.28,9.32,61.453599999999994,1.56,0.2,0.92,5.28,0.12,1.32,2.8,0.56,0.68,0.76,0,Defender
Álvaro Vadillo Cifuentes,12.0,10.666666666666666,92.13,0.3333333333333333,0.0,1.3333333333333333,5.666666666666667,0.0,1.6666666666666667,1.3333333333333333,0.3333333333333333,1.0,0.0,0,Defender
Álvaro Vázquez García,12.205882352941176,8.235294117647058,67.59529411764706,1.411764705882353,0.1470588235294117,1.088235294117647,10.588235294117649,0.4705882352941176,1.588235294117647,3.852941176470588,0.6764705882352942,1.0,0.8529411764705882,0,Defender
Ángel Domingo López Ruano,9.333333333333334,8.333333333333334,63.63666666666666,0.0,0.0,0.0,3.0,0.0,0.6666666666666666,0.0,0.6666666666666666,0.0,0.6666666666666666,0,Defender
Ángel Lafita Castillo,19.714285714285715,12.642857142857142,66.32928571428572,2.0,0.2142857142857142,2.857142857142857,14.285714285714286,0.9285714285714286,3.857142857142857,3.7142857142857144,1.4285714285714286,1.7142857142857142,2.5,2,Attacker
Ángel Martín Correa,13.615384615384617,9.076923076923077,64.4973076923077,1.1538461538461535,0.1923076923076923,2.5,11.076923076923077,0.4230769230769231,2.8461538461538463,2.1923076923076925,1.1153846153846154,1.1923076923076923,1.1153846153846154,2,Attacker
Ángel Montoro Sánchez,36.111111111111114,30.444444444444443,82.71111111111111,0.1111111111111111,0.0,0.4444444444444444,9.333333333333334,2.2222222222222223,2.111111111111111,1.6666666666666667,1.1111111111111112,0.7777777777777778,1.4444444444444444,4,Utility
Ángel Trujillo Canorea,23.75,18.25,73.9525,0.25,0.0,0.125,6.25,1.25,1.5,2.75,2.625,0.25,0.75,4,Utility
Éver Maximiliano David Banega,50.32,38.56,74.8152,1.56,0.2,4.0,14.32,0.84,5.24,2.84,0.68,2.52,1.24,2,Attacker
Íñigo Lekue Martínez,29.7,22.05,69.0685,0.55,0.05,2.3,10.55,1.25,3.3,3.4,1.65,0.5,0.65,4,Utility
Íñigo Martínez Berridi,48.43333333333333,37.833333333333336,75.74133333333333,0.5333333333333333,0.0333333333333333,0.5666666666666667,7.1,2.566666666666667,5.366666666666666,3.7,1.5666666666666669,0.9,1.2333333333333334,4,Utility
Óliver Torres Muñoz,24.333333333333332,19.714285714285715,82.35761904761905,0.5238095238095238,0.0,1.0,11.80952380952381,0.3333333333333333,2.619047619047619,1.9523809523809523,1.4761904761904765,0.8095238095238095,0.6190476190476191,0,Defender
Óscar Esau Duarte Gaitán,33.42857142857143,24.928571428571427,71.91642857142857,0.6428571428571429,0.0714285714285714,0.1428571428571428,9.5,2.0714285714285716,3.928571428571429,3.0714285714285716,1.7142857142857142,0.3571428571428571,1.6428571428571428,4,Utility
Óscar de Marcos Arana,47.588235294117645,34.705882352941174,73.31264705882353,0.3823529411764705,0.0294117647058823,1.8823529411764703,17.029411764705884,2.3823529411764706,5.4411764705882355,4.147058823529412,2.1470588235294117,0.6764705882352942,1.1764705882352942,1,Midfielder
