match_id,match_date,kick_off,home_score,away_score,match_status,match_status_360,last_updated,last_updated_360,match_week,competition.competition_id,competition.country_name,competition.competition_name,season.season_id,season.season_name,home_team.home_team_id,home_team.home_team_name,home_team.home_team_gender,home_team.home_team_group,home_team.country.id,home_team.country.name,home_team.managers,away_team.away_team_id,away_team.away_team_name,away_team.away_team_gender,away_team.away_team_group,away_team.country.id,away_team.country.name,away_team.managers,metadata.data_version,metadata.shot_fidelity_version,metadata.xy_fidelity_version,competition_stage.id,competition_stage.name,stadium.id,stadium.name,stadium.country.id,stadium.country.name,referee.id,referee.name,referee.country.id,referee.country.name
3825739,2016-01-17,17:00:00.000,5,1,available,unscheduled,2024-05-16T14:06:52.149840,,20,11,Spain,La Liga,27,2015/2016,220,Real Madrid,male,,214,Spain,"[{'id': 56, 'name': 'Zinédine Zidane', 'nickname': None, 'dob': '1972-06-23', 'country': {'id': 78, 'name': 'France'}}]",1041,Sporting Gijón,male,,214,Spain,"[{'id': 187, 'name': 'Abelardo Fernández Antuña', 'nickname': 'Abelardo', 'dob': '1970-04-19', 'country': {'id': 214, 'name': 'Spain'}}]",1.1.0,2,2,1,Regular Season,353,Bernabéu,214,Spain,221.0,Alberto Undiano Mallenco,214.0,Spain
3825848,2015-09-23,20:00:00.000,2,2,available,unscheduled,2024-08-23T09:35:15.821559,,5,11,Spain,La Liga,27,2015/2016,221,Levante UD,male,,214,Spain,"[{'id': 1612, 'name': 'Luis Lucas Alcaraz González', 'nickname': 'Lucas Alcaraz', 'dob': '1966-06-21', 'country': {'id': 214, 'name': 'Spain'}}]",322,Eibar,male,,214,Spain,"[{'id': 221, 'name': 'José Luis Mendilibar Etxebarria', 'nickname': 'José Luis Mendilibar', 'dob': '1961-03-14', 'country': {'id': 214, 'name': 'Spain'}}]",1.1.0,2,2,1,Regular Season,350,Estadio Ciudad de Valencia,214,Spain,,,,
3825895,2015-09-23,22:00:00.000,2,0,available,unscheduled,2023-02-21T15:19:07.927548,,5,11,Spain,La Liga,27,2015/2016,208,Las Palmas,male,,214,Spain,"[{'id': 745, 'name': 'Francisco Herrera Lorenzo', 'nickname': 'Paco Herrera', 'dob': '1953-12-02', 'country': {'id': 214, 'name': 'Spain'}}]",213,Sevilla,male,,214,Spain,"[{'id': 21, 'name': 'Unai Emery Etxegoien', 'nickname': 'Unai Emery', 'dob': '1971-11-03', 'country': {'id': 214, 'name': 'Spain'}}]",1.1.0,2,2,1,Regular Season,357,Estadio de Gran Canaria,214,Spain,2728.0,Carlos del Cerro Grande,214.0,Spain
3825894,2016-05-01,18:15:00.000,0,2,available,unscheduled,2022-08-30T12:53:16.828350,,36,11,Spain,La Liga,27,2015/2016,219,RC Deportivo La Coruña,male,,214,Spain,"[{'id': 3157, 'name': 'Víctor Sánchez del Amo', 'nickname': 'Víctor Sánchez', 'dob': '1976-02-23', 'country': {'id': 214, 'name': 'Spain'}}]",216,Getafe,male,,214,Spain,"[{'id': 1001036, 'name': 'Juan Eduardo Esnáider Belén', 'nickname': None, 'dob': '1973-03-05', 'country': {'id': 11, 'name': 'Argentina'}}]",1.1.0,2,2,1,Regular Season,4658,Estadio Abanca-Riazor,214,Spain,1008.0,Carlos Clos Gómez,214.0,Spain
3825855,2016-05-02,20:30:00.000,3,1,available,unscheduled,2022-08-30T12:53:53.790835,,36,11,Spain,La Liga,27,2015/2016,223,Málaga,male,,214,Spain,"[{'id': 188, 'name': 'Javier Gracia Carlos', 'nickname': 'Javi Gracia', 'dob': '1970-05-01', 'country': {'id': 214, 'name': 'Spain'}}]",221,Levante UD,male,,214,Spain,"[{'id': 677, 'name': 'Joan Francesc Ferrer Sicilia', 'nickname': 'Rubí', 'dob': '1970-02-05', 'country': {'id': 214, 'name': 'Spain'}}]",1.1.0,2,2,1,Regular Season,346,Estadio La Rosaleda,214,Spain,2480.0,Iñaki Bikandi Garrido,214.0,Spain
3825908,2016-05-15,19:00:00.000,4,2,available,unscheduled,2022-04-06T22:39:49.425989,,38,11,Spain,La Liga,27,2015/2016,214,Espanyol,male,,214,Spain,"[{'id': 1816, 'name': 'Constantin Gâlcă', 'nickname': None, 'dob': '1972-03-08', 'country': {'id': 187, 'name': 'Romania'}}]",322,Eibar,male,,214,Spain,"[{'id': 221, 'name': 'José Luis Mendilibar Etxebarria', 'nickname': 'José Luis Mendilibar', 'dob': '1961-03-14', 'country': {'id': 214, 'name': 'Spain'}}]",1.1.0,2,2,1,Regular Season,351,Stage Front Stadium,214,Spain,2692.0,Mario Melero López,214.0,Spain
3825883,2016-05-15,12:00:00.000,4,1,available,unscheduled,2022-08-30T13:15:37.855155,,38,11,Spain,La Liga,27,2015/2016,223,Málaga,male,,214,Spain,"[{'id': 188, 'name': 'Javier Gracia Carlos', 'nickname': 'Javi Gracia', 'dob': '1970-05-01', 'country': {'id': 214, 'name': 'Spain'}}]",208,Las Palmas,male,,214,Spain,"[{'id': 238, 'name': 'Enrique Setién Solar', 'nickname': 'Quique Setién', 'dob': '1958-09-27', 'country': {'id': 214, 'name': 'Spain'}}]",1.1.0,2,2,1,Regular Season,346,Estadio La Rosaleda,214,Spain,2602.0,Ricardo De Burgos Bengoetxea,214.0,Spain
3825900,2016-05-15,19:30:00.000,2,0,available,unscheduled,2022-04-06T22:37:12.121807,,38,11,Spain,La Liga,27,2015/2016,1041,Sporting Gijón,male,,214,Spain,"[{'id': 187, 'name': 'Abelardo Fernández Antuña', 'nickname': 'Abelardo', 'dob': '1970-04-19', 'country': {'id': 214, 'name': 'Spain'}}]",222,Villarreal,male,,214,Spain,"[{'id': 211, 'name': 'Marcelino García Toral', 'nickname': 'Marcelino', 'dob': '1965-08-14', 'country': {'id': 214, 'name': 'Spain'}}]",1.1.0,2,2,1,Regular Season,4656,Estadio Municipal El Molinón,214,Spain,221.0,Alberto Undiano Mallenco,214.0,Spain
3825902,2016-05-15,19:30:00.000,3,1,available,unscheduled,2022-04-06T22:35:46.511745,,38,11,Spain,La Liga,27,2015/2016,360,Rayo Vallecano,male,,214,Spain,"[{'id': 220, 'name': 'Francisco Jémez Martín', 'nickname': 'Paco Jémez', 'dob': '1970-04-18', 'country': {'id': 214, 'name': 'Spain'}}]",221,Levante UD,male,,214,Spain,"[{'id': 677, 'name': 'Joan Francesc Ferrer Sicilia', 'nickname': 'Rubí', 'dob': '1970-02-05', 'country': {'id': 214, 'name': 'Spain'}}]",1.1.0,2,2,1,Regular Season,4640,Estadio de Vallecas,214,Spain,1008.0,Carlos Clos Gómez,214.0,Spain
3825876,2016-05-15,19:30:00.000,2,1,available,unscheduled,2022-04-06T22:34:43.462936,,38,11,Spain,La Liga,27,2015/2016,218,Real Betis,male,,214,Spain,"[{'id': 5049, 'name': 'Juan Merino Ruíz', 'nickname': 'Juan Merino', 'dob': '1970-08-24', 'country': {'id': 214, 'name': 'Spain'}}]",216,Getafe,male,,214,Spain,"[{'id': 1001036, 'name': 'Juan Eduardo Esnáider Belén', 'nickname': None, 'dob': '1973-03-05', 'country': {'id': 11, 'name': 'Argentina'}}]",1.1.0,2,2,1,Regular Season,352,Estadio Benito Villamarín,214,Spain,183.0,Jesús Gil Manzano,214.0,Spain
3825846,2016-05-14,17:00:00.000,0,2,available,unscheduled,2022-04-06T22:33:41.582817,,38,11,Spain,La Liga,27,2015/2016,219,RC Deportivo La Coruña,male,,214,Spain,"[{'id': 3157, 'name': 'Víctor Sánchez del Amo', 'nickname': 'Víctor Sánchez', 'dob': '1976-02-23', 'country': {'id': 214, 'name': 'Spain'}}]",220,Real Madrid,male,,214,Spain,"[{'id': 56, 'name': 'Zinédine Zidane', 'nickname': None, 'dob': '1972-06-23', 'country': {'id': 78, 'name': 'France'}}]",1.1.0,2,2,1,Regular Season,4658,Estadio Abanca-Riazor,214,Spain,180.0,Antonio Miguel Mateu Lahoz,214.0,Spain
3825869,2016-05-14,19:30:00.000,3,1,available,unscheduled,2022-08-30T13:07:58.378542,,38,11,Spain,La Liga,27,2015/2016,215,Athletic Club,male,,214,Spain,"[{'id': 227, 'name': 'Ernesto Valverde Tejedor', 'nickname': 'Ernesto Valverde', 'dob': '1964-02-09', 'country': {'id': 214, 'name': 'Spain'}}]",213,Sevilla,male,,214,Spain,"[{'id': 21, 'name': 'Unai Emery Etxegoien', 'nickname': 'Unai Emery', 'dob': '1971-11-03', 'country': {'id': 214, 'name': 'Spain'}}]",1.1.0,2,2,1,Regular Season,345,San Mamés Barria,214,Spain,212.0,Alfonso Álvarez Izquierdo,214.0,Spain
3825882,2016-05-14,19:30:00.000,2,0,available,unscheduled,2022-04-06T22:30:58.085822,,38,11,Spain,La Liga,27,2015/2016,212,Atlético Madrid,male,,214,Spain,"[{'id': 230, 'name': 'Diego Pablo Simeone', 'nickname': 'Diego Simeone', 'dob': '1970-04-28', 'country': {'id': 11, 'name': 'Argentina'}}]",209,Celta Vigo,male,,214,Spain,"[{'id': 385, 'name': 'Manuel Eduardo Berizzo', 'nickname': 'Eduardo Berizzo', 'dob': '1969-11-13', 'country': {'id': 11, 'name': 'Argentina'}}]",1.1.0,2,2,1,Regular Season,625,Estadio Vicente Calderón,214,Spain,222.0,David Fernández Borbalan,214.0,Spain
3825849,2016-05-13,20:30:00.000,0,1,available,unscheduled,2022-04-06T22:29:38.434065,,38,11,Spain,La Liga,27,2015/2016,207,Valencia,male,,214,Spain,"[{'id': 618, 'name': 'Francisco Martín Ayestarán Barandiarán', 'nickname': 'Pako Ayestarán', 'dob': '1963-02-05', 'country': {'id': 214, 'name': 'Spain'}}]",210,Real Sociedad,male,,214,Spain,"[{'id': 229, 'name': 'Eusebio Sacristán Mena', 'nickname': 'Eusebio Sacristán', 'dob': '1964-04-13', 'country': {'id': 214, 'name': 'Spain'}}]",1.1.0,2,2,1,Regular Season,344,Estadio de Mestalla,214,Spain,2535.0,Carlos Velasco Carballo,214.0,Spain
3825860,2016-05-08,17:00:00.000,2,1,available,unscheduled,2022-04-06T22:28:03.762635,,37,11,Spain,La Liga,27,2015/2016,221,Levante UD,male,,214,Spain,"[{'id': 677, 'name': 'Joan Francesc Ferrer Sicilia', 'nickname': 'Rubí', 'dob': '1970-02-05', 'country': {'id': 214, 'name': 'Spain'}}]",212,Atlético Madrid,male,,214,Spain,"[{'id': 230, 'name': 'Diego Pablo Simeone', 'nickname': 'Diego Simeone', 'dob': '1970-04-28', 'country': {'id': 11, 'name': 'Argentina'}}]",1.1.0,2,2,1,Regular Season,350,Estadio Ciudad de Valencia,214,Spain,211.0,José Luis González González,214.0,Spain
3825847,2016-04-23,22:05:00.000,1,1,available,unscheduled,2022-03-26T14:52:57.605118,,35,11,Spain,La Liga,27,2015/2016,322,Eibar,male,,214,Spain,"[{'id': 221, 'name': 'José Luis Mendilibar Etxebarria', 'nickname': 'José Luis Mendilibar', 'dob': '1961-03-14', 'country': {'id': 214, 'name': 'Spain'}}]",219,RC Deportivo La Coruña,male,,214,Spain,"[{'id': 3157, 'name': 'Víctor Sánchez del Amo', 'nickname': 'Víctor Sánchez', 'dob': '1976-02-23', 'country': {'id': 214, 'name': 'Spain'}}]",1.1.0,2,2,1,Regular Season,347,Estadio Municipal de Ipurúa,214,Spain,2419.0,Eduardo Prieto Iglesias,214.0,Spain
3825817,2016-03-18,21:30:00.000,1,1,available,unscheduled,2022-05-08T21:31:56.027635,,30,11,Spain,La Liga,27,2015/2016,216,Getafe,male,,214,Spain,"[{'id': 509, 'name': 'Francisco Escriba Segura', 'nickname': 'Fran Escribá', 'dob': '1965-05-03', 'country': {'id': 214, 'name': 'Spain'}}]",322,Eibar,male,,214,Spain,"[{'id': 221, 'name': 'José Luis Mendilibar Etxebarria', 'nickname': 'José Luis Mendilibar', 'dob': '1961-03-14', 'country': {'id': 214, 'name': 'Spain'}}]",1.1.0,2,2,1,Regular Season,354,Coliseum Alfonso Pérez,214,Spain,218.0,Ignacio Iglesias Villanueva,214.0,Spain
3825778,2016-02-20,21:30:00.000,1,1,available,unscheduled,2022-03-26T14:39:54.280421,,25,11,Spain,La Liga,27,2015/2016,218,Real Betis,male,,214,Spain,"[{'id': 5049, 'name': 'Juan Merino Ruíz', 'nickname': 'Juan Merino', 'dob': '1970-08-24', 'country': {'id': 214, 'name': 'Spain'}}]",1041,Sporting Gijón,male,,214,Spain,"[{'id': 187, 'name': 'Abelardo Fernández Antuña', 'nickname': 'Abelardo', 'dob': '1970-04-19', 'country': {'id': 214, 'name': 'Spain'}}]",1.1.0,2,2,1,Regular Season,352,Estadio Benito Villamarín,214,Spain,212.0,Alfonso Álvarez Izquierdo,214.0,Spain
3825777,2016-02-19,21:30:00.000,3,0,available,unscheduled,2022-05-08T21:01:17.716495,,25,11,Spain,La Liga,27,2015/2016,221,Levante UD,male,,214,Spain,"[{'id': 677, 'name': 'Joan Francesc Ferrer Sicilia', 'nickname': 'Rubí', 'dob': '1970-02-05', 'country': {'id': 214, 'name': 'Spain'}}]",216,Getafe,male,,214,Spain,"[{'id': 509, 'name': 'Francisco Escriba Segura', 'nickname': 'Fran Escribá', 'dob': '1965-05-03', 'country': {'id': 214, 'name': 'Spain'}}]",1.1.0,2,2,1,Regular Season,350,Estadio Ciudad de Valencia,214,Spain,211.0,José Luis González González,214.0,Spain
3825740,2016-01-18,21:30:00.000,5,1,available,unscheduled,2022-03-26T14:32:05.054723,,20,11,Spain,La Liga,27,2015/2016,322,Eibar,male,,214,Spain,"[{'id': 221, 'name': 'José Luis Mendilibar Etxebarria', 'nickname': 'José Luis Mendilibar', 'dob': '1961-03-14', 'country': {'id': 214, 'name': 'Spain'}}]",1049,Granada,male,,214,Spain,"[{'id': 1617, 'name': 'José Ramón Sandoval Huertas', 'nickname': 'José Ramón Sandoval', 'dob': '1968-05-02', 'country': {'id': 214, 'name': 'Spain'}}]",1.1.0,2,2,1,Regular Season,347,Estadio Municipal de Ipurúa,214,Spain,2625.0,José María Sánchez Martínez,214.0,Spain
3825875,2016-04-24,20:30:00.000,0,0,available,unscheduled,2024-07-31T16:42:34.108536,,35,11,Spain,La Liga,27,2015/2016,222,Villarreal,male,,214,Spain,"[{'id': 211, 'name': 'Marcelino García Toral', 'nickname': 'Marcelino', 'dob': '1965-08-14', 'country': {'id': 214, 'name': 'Spain'}}]",210,Real Sociedad,male,,214,Spain,"[{'id': 229, 'name': 'Eusebio Sacristán Mena', 'nickname': 'Eusebio Sacristán', 'dob': '1964-04-13', 'country': {'id': 214, 'name': 'Spain'}}]",1.1.0,2,2,1,Regular Season,361,Estadio de la Cerámica,214,Spain,222.0,David Fernández Borbalan,214.0,Spain
3825884,2016-04-24,16:00:00.000,2,0,available,unscheduled,2022-03-22T17:52:05.246223,,35,11,Spain,La Liga,27,2015/2016,213,Sevilla,male,,214,Spain,"[{'id': 21, 'name': 'Unai Emery Etxegoien', 'nickname': 'Unai Emery', 'dob': '1971-11-03', 'country': {'id': 214, 'name': 'Spain'}}]",218,Real Betis,male,,214,Spain,"[{'id': 5049, 'name': 'Juan Merino Ruíz', 'nickname': 'Juan Merino', 'dob': '1970-08-24', 'country': {'id': 214, 'name': 'Spain'}}]",1.1.0,2,2,1,Regular Season,349,Estadio Ramón Sánchez Pizjuán,214,Spain,2535.0,Carlos Velasco Carballo,214.0,Spain
3825842,2016-04-24,12:00:00.000,2,2,available,unscheduled,2022-03-22T17:50:55.877622,,35,11,Spain,La Liga,27,2015/2016,221,Levante UD,male,,214,Spain,"[{'id': 677, 'name': 'Joan Francesc Ferrer Sicilia', 'nickname': 'Rubí', 'dob': '1970-02-05', 'country': {'id': 214, 'name': 'Spain'}}]",215,Athletic Club,male,,214,Spain,"[{'id': 227, 'name': 'Ernesto Valverde Tejedor', 'nickname': 'Ernesto Valverde', 'dob': '1964-02-09', 'country': {'id': 214, 'name': 'Spain'}}]",1.1.0,2,2,1,Regular Season,350,Estadio Ciudad de Valencia,214,Spain,218.0,Ignacio Iglesias Villanueva,214.0,Spain
3825890,2016-04-23,18:15:00.000,1,0,available,unscheduled,2022-08-30T12:44:42.308506,,35,11,Spain,La Liga,27,2015/2016,212,Atlético Madrid,male,,214,Spain,"[{'id': 230, 'name': 'Diego Pablo Simeone', 'nickname': 'Diego Simeone', 'dob': '1970-04-28', 'country': {'id': 11, 'name': 'Argentina'}}]",223,Málaga,male,,214,Spain,"[{'id': 188, 'name': 'Javier Gracia Carlos', 'nickname': 'Javi Gracia', 'dob': '1970-05-01', 'country': {'id': 214, 'name': 'Spain'}}]",1.1.0,2,2,1,Regular Season,625,Estadio Vicente Calderón,214,Spain,180.0,Antonio Miguel Mateu Lahoz,214.0,Spain
3825871,2016-04-22,21:00:00.000,4,0,available,unscheduled,2022-03-22T17:47:15.901669,,35,11,Spain,La Liga,27,2015/2016,208,Las Palmas,male,,214,Spain,"[{'id': 238, 'name': 'Enrique Setién Solar', 'nickname': 'Quique Setién', 'dob': '1958-09-27', 'country': {'id': 214, 'name': 'Spain'}}]",214,Espanyol,male,,214,Spain,"[{'id': 1816, 'name': 'Constantin Gâlcă', 'nickname': None, 'dob': '1972-03-08', 'country': {'id': 187, 'name': 'Romania'}}]",1.1.0,2,2,1,Regular Season,357,Estadio de Gran Canaria,214,Spain,2692.0,Mario Melero López,214.0,Spain
3825896,2016-04-21,21:00:00.000,5,1,available,unscheduled,2022-03-22T17:45:55.967812,,34,11,Spain,La Liga,27,2015/2016,1049,Granada,male,,214,Spain,"[{'id': 1001017, 'name': 'Ricardo Miguel Moreira da Costa', 'nickname': 'Ricardo Costa', 'dob': '1981-05-16', 'country': {'id': 183, 'name': 'Portugal'}}, {'id': 226, 'name': 'José Manuel González López', 'nickname': 'José González', 'dob': '1966-10-14', 'country': {'id': 214, 'name': 'Spain'}}]",221,Levante UD,male,,214,Spain,"[{'id': 677, 'name': 'Joan Francesc Ferrer Sicilia', 'nickname': 'Rubí', 'dob': '1970-02-05', 'country': {'id': 214, 'name': 'Spain'}}]",1.1.0,2,2,1,Regular Season,4667,Estadio Nuevo Los Cármenes,214,Spain,2575.0,Santiago Jaime Latre,214.0,Spain
3825841,2016-04-21,20:30:00.000,1,2,available,unscheduled,2022-03-22T17:44:50.976880,,34,11,Spain,La Liga,27,2015/2016,210,Real Sociedad,male,,214,Spain,"[{'id': 229, 'name': 'Eusebio Sacristán Mena', 'nickname': 'Eusebio Sacristán', 'dob': '1964-04-13', 'country': {'id': 214, 'name': 'Spain'}}]",216,Getafe,male,,214,Spain,"[{'id': 1001036, 'name': 'Juan Eduardo Esnáider Belén', 'nickname': None, 'dob': '1973-03-05', 'country': {'id': 11, 'name': 'Argentina'}}]",1.1.0,2,2,1,Regular Season,5043,Reale Arena,214,Spain,2625.0,José María Sánchez Martínez,214.0,Spain
3825843,2016-04-20,20:45:00.000,1,1,available,unscheduled,2022-03-22T17:43:29.416234,,34,11,Spain,La Liga,27,2015/2016,223,Málaga,male,,214,Spain,"[{'id': 188, 'name': 'Javier Gracia Carlos', 'nickname': 'Javi Gracia', 'dob': '1970-05-01', 'country': {'id': 214, 'name': 'Spain'}}]",360,Rayo Vallecano,male,,214,Spain,"[{'id': 220, 'name': 'Francisco Jémez Martín', 'nickname': 'Paco Jémez', 'dob': '1970-04-18', 'country': {'id': 214, 'name': 'Spain'}}]",1.1.0,2,2,1,Regular Season,346,Estadio La Rosaleda,214,Spain,221.0,Alberto Undiano Mallenco,214.0,Spain
3825839,2016-04-20,20:45:00.000,2,1,available,unscheduled,2022-03-22T17:42:18.002144,,34,11,Spain,La Liga,27,2015/2016,1041,Sporting Gijón,male,,214,Spain,"[{'id': 187, 'name': 'Abelardo Fernández Antuña', 'nickname': 'Abelardo', 'dob': '1970-04-19', 'country': {'id': 214, 'name': 'Spain'}}]",213,Sevilla,male,,214,Spain,"[{'id': 21, 'name': 'Unai Emery Etxegoien', 'nickname': 'Unai Emery', 'dob': '1971-11-03', 'country': {'id': 214, 'name': 'Spain'}}]",1.1.0,2,2,1,Regular Season,4656,Estadio Municipal El Molinón,214,Spain,211.0,José Luis González González,214.0,Spain
3825838,2016-04-20,20:45:00.000,0,1,available,unscheduled,2022-11-17T12:34:59.497858,,34,11,Spain,La Liga,27,2015/2016,215,Athletic Club,male,,214,Spain,"[{'id': 227, 'name': 'Ernesto Valverde Tejedor', 'nickname': 'Ernesto Valverde', 'dob': '1964-02-09', 'country': {'id': 214, 'name': 'Spain'}}]",212,Atlético Madrid,male,,214,Spain,"[{'id': 230, 'name': 'Diego Pablo Simeone', 'nickname': 'Diego Simeone', 'dob': '1970-04-28', 'country': {'id': 11, 'name': 'Argentina'}}]",1.1.0,2,2,1,Regular Season,345,San Mamés Barria,214,Spain,2434.0,Juan Martínez Munuera,214.0,Spain
3825840,2016-04-20,20:45:00.000,4,0,available,unscheduled,2022-08-30T12:37:08.653307,,34,11,Spain,La Liga,27,2015/2016,207,Valencia,male,,214,Spain,"[{'id': 618, 'name': 'Francisco Martín Ayestarán Barandiarán', 'nickname': 'Pako Ayestarán', 'dob': '1963-02-05', 'country': {'id': 214, 'name': 'Spain'}}]",322,Eibar,male,,214,Spain,"[{'id': 221, 'name': 'José Luis Mendilibar Etxebarria', 'nickname': 'José Luis Mendilibar', 'dob': '1961-03-14', 'country': {'id': 214, 'name': 'Spain'}}]",1.1.0,2,2,1,Regular Season,344,Estadio de Mestalla,214,Spain,2604.0,Xavier Estrada Fernández,214.0,Spain
3825837,2016-04-19,21:00:00.000,1,0,available,unscheduled,2022-03-22T17:38:08.234909,,34,11,Spain,La Liga,27,2015/2016,218,Real Betis,male,,214,Spain,"[{'id': 5049, 'name': 'Juan Merino Ruíz', 'nickname': 'Juan Merino', 'dob': '1970-08-24', 'country': {'id': 214, 'name': 'Spain'}}]",208,Las Palmas,male,,214,Spain,"[{'id': 238, 'name': 'Enrique Setién Solar', 'nickname': 'Quique Setién', 'dob': '1958-09-27', 'country': {'id': 214, 'name': 'Spain'}}]",1.1.0,2,2,1,Regular Season,352,Estadio Benito Villamarín,214,Spain,,,,
3825836,2016-04-17,18:15:00.000,2,1,available,unscheduled,2022-03-22T17:36:54.949472,,33,11,Spain,La Liga,27,2015/2016,360,Rayo Vallecano,male,,214,Spain,"[{'id': 220, 'name': 'Francisco Jémez Martín', 'nickname': 'Paco Jémez', 'dob': '1970-04-18', 'country': {'id': 214, 'name': 'Spain'}}]",222,Villarreal,male,,214,Spain,"[{'id': 211, 'name': 'Marcelino García Toral', 'nickname': 'Marcelino', 'dob': '1965-08-14', 'country': {'id': 214, 'name': 'Spain'}}]",1.1.0,2,2,1,Regular Season,4640,Estadio de Vallecas,214,Spain,218.0,Ignacio Iglesias Villanueva,214.0,Spain
3825835,2016-04-17,12:00:00.000,0,1,available,unscheduled,2022-03-22T17:35:40.878770,,33,11,Spain,La Liga,27,2015/2016,223,Málaga,male,,214,Spain,"[{'id': 188, 'name': 'Javier Gracia Carlos', 'nickname': 'Javi Gracia', 'dob': '1970-05-01', 'country': {'id': 214, 'name': 'Spain'}}]",215,Athletic Club,male,,214,Spain,"[{'id': 1000960, 'name': 'Carlos Gurpegi Nausia', 'nickname': None, 'dob': '1980-08-19', 'country': {'id': 214, 'name': 'Spain'}}, {'id': 227, 'name': 'Ernesto Valverde Tejedor', 'nickname': 'Ernesto Valverde', 'dob': '1964-02-09', 'country': {'id': 214, 'name': 'Spain'}}]",1.1.0,2,2,1,Regular Season,346,Estadio La Rosaleda,214,Spain,2625.0,José María Sánchez Martínez,214.0,Spain
3825834,2016-04-17,18:15:00.000,3,0,available,unscheduled,2022-03-22T17:34:29.478585,,33,11,Spain,La Liga,27,2015/2016,212,Atlético Madrid,male,,214,Spain,"[{'id': 230, 'name': 'Diego Pablo Simeone', 'nickname': 'Diego Simeone', 'dob': '1970-04-28', 'country': {'id': 11, 'name': 'Argentina'}}]",1049,Granada,male,,214,Spain,"[{'id': 226, 'name': 'José Manuel González López', 'nickname': 'José González', 'dob': '1966-10-14', 'country': {'id': 214, 'name': 'Spain'}}]",1.1.0,2,2,1,Regular Season,625,Estadio Vicente Calderón,214,Spain,2419.0,Eduardo Prieto Iglesias,214.0,Spain
3825906,2016-04-17,16:00:00.000,1,1,available,unscheduled,2022-03-22T17:33:09.286220,,33,11,Spain,La Liga,27,2015/2016,213,Sevilla,male,,214,Spain,"[{'id': 21, 'name': 'Unai Emery Etxegoien', 'nickname': 'Unai Emery', 'dob': '1971-11-03', 'country': {'id': 214, 'name': 'Spain'}}]",219,RC Deportivo La Coruña,male,,214,Spain,"[{'id': 3157, 'name': 'Víctor Sánchez del Amo', 'nickname': 'Víctor Sánchez', 'dob': '1976-02-23', 'country': {'id': 214, 'name': 'Spain'}}]",1.1.0,2,2,1,Regular Season,349,Estadio Ramón Sánchez Pizjuán,214,Spain,2575.0,Santiago Jaime Latre,214.0,Spain
3825897,2016-04-16,20:30:00.000,2,1,available,unscheduled,2022-03-22T17:31:54.504158,,33,11,Spain,La Liga,27,2015/2016,322,Eibar,male,,214,Spain,"[{'id': 221, 'name': 'José Luis Mendilibar Etxebarria', 'nickname': 'José Luis Mendilibar', 'dob': '1961-03-14', 'country': {'id': 214, 'name': 'Spain'}}]",210,Real Sociedad,male,,214,Spain,"[{'id': 229, 'name': 'Eusebio Sacristán Mena', 'nickname': 'Eusebio Sacristán', 'dob': '1964-04-13', 'country': {'id': 214, 'name': 'Spain'}}]",1.1.0,2,2,1,Regular Season,347,Estadio Municipal de Ipurúa,214,Spain,2692.0,Mario Melero López,214.0,Spain
3825889,2016-04-16,22:05:00.000,1,1,available,unscheduled,2022-03-22T17:30:41.825416,,33,11,Spain,La Liga,27,2015/2016,209,Celta Vigo,male,,214,Spain,"[{'id': 385, 'name': 'Manuel Eduardo Berizzo', 'nickname': 'Eduardo Berizzo', 'dob': '1969-11-13', 'country': {'id': 11, 'name': 'Argentina'}}]",218,Real Betis,male,,214,Spain,"[{'id': 5049, 'name': 'Juan Merino Ruíz', 'nickname': 'Juan Merino', 'dob': '1970-08-24', 'country': {'id': 214, 'name': 'Spain'}}]",1.1.0,2,2,1,Regular Season,653,Abanca-Balaídos,214,Spain,2602.0,Ricardo De Burgos Bengoetxea,214.0,Spain
3825833,2016-04-16,16:00:00.000,1,5,available,unscheduled,2022-05-08T21:59:10.171579,,33,11,Spain,La Liga,27,2015/2016,216,Getafe,male,,214,Spain,"[{'id': 1001036, 'name': 'Juan Eduardo Esnáider Belén', 'nickname': None, 'dob': '1973-03-05', 'country': {'id': 11, 'name': 'Argentina'}}]",220,Real Madrid,male,,214,Spain,"[{'id': 56, 'name': 'Zinédine Zidane', 'nickname': None, 'dob': '1972-06-23', 'country': {'id': 78, 'name': 'France'}}]",1.1.0,2,2,1,Regular Season,354,Coliseum Alfonso Pérez,214,Spain,211.0,José Luis González González,214.0,Spain
3825857,2016-04-15,20:30:00.000,2,1,available,unscheduled,2022-03-22T17:28:01.958657,,33,11,Spain,La Liga,27,2015/2016,221,Levante UD,male,,214,Spain,"[{'id': 677, 'name': 'Joan Francesc Ferrer Sicilia', 'nickname': 'Rubí', 'dob': '1970-02-05', 'country': {'id': 214, 'name': 'Spain'}}]",214,Espanyol,male,,214,Spain,"[{'id': 1816, 'name': 'Constantin Gâlcă', 'nickname': None, 'dob': '1972-03-08', 'country': {'id': 187, 'name': 'Romania'}}]",1.1.0,2,2,1,Regular Season,350,Estadio Ciudad de Valencia,214,Spain,2608.0,Alejandro José Hernández Hernández,214.0,Spain
3825863,2016-04-11,20:30:00.000,1,3,available,unscheduled,2022-03-22T17:26:46.410346,,32,11,Spain,La Liga,27,2015/2016,219,RC Deportivo La Coruña,male,,214,Spain,"[{'id': 3157, 'name': 'Víctor Sánchez del Amo', 'nickname': 'Víctor Sánchez', 'dob': '1976-02-23', 'country': {'id': 214, 'name': 'Spain'}}]",208,Las Palmas,male,,214,Spain,"[{'id': 238, 'name': 'Enrique Setién Solar', 'nickname': 'Quique Setién', 'dob': '1958-09-27', 'country': {'id': 214, 'name': 'Spain'}}]",1.1.0,2,2,1,Regular Season,4658,Estadio Abanca-Riazor,214,Spain,212.0,Alfonso Álvarez Izquierdo,214.0,Spain
3825829,2016-04-10,20:30:00.000,1,0,available,unscheduled,2022-05-08T21:45:19.855549,,32,11,Spain,La Liga,27,2015/2016,215,Athletic Club,male,,214,Spain,"[{'id': 227, 'name': 'Ernesto Valverde Tejedor', 'nickname': 'Ernesto Valverde', 'dob': '1964-02-09', 'country': {'id': 214, 'name': 'Spain'}}]",360,Rayo Vallecano,male,,214,Spain,"[{'id': 220, 'name': 'Francisco Jémez Martín', 'nickname': 'Paco Jémez', 'dob': '1970-04-18', 'country': {'id': 214, 'name': 'Spain'}}]",1.1.0,2,2,1,Regular Season,345,San Mamés Barria,214,Spain,183.0,Jesús Gil Manzano,214.0,Spain
3825830,2016-04-10,18:15:00.000,2,0,available,unscheduled,2022-08-30T12:14:00.244163,,32,11,Spain,La Liga,27,2015/2016,222,Villarreal,male,,214,Spain,"[{'id': 211, 'name': 'Marcelino García Toral', 'nickname': 'Marcelino', 'dob': '1965-08-14', 'country': {'id': 214, 'name': 'Spain'}}]",216,Getafe,male,,214,Spain,"[{'id': 509, 'name': 'Francisco Escriba Segura', 'nickname': 'Fran Escribá', 'dob': '1965-05-03', 'country': {'id': 214, 'name': 'Spain'}}]",1.1.0,2,2,1,Regular Season,361,Estadio de la Cerámica,214,Spain,221.0,Alberto Undiano Mallenco,214.0,Spain
3825832,2016-04-10,12:00:00.000,0,1,available,unscheduled,2022-08-30T12:21:41.743947,,32,11,Spain,La Liga,27,2015/2016,1041,Sporting Gijón,male,,214,Spain,"[{'id': 187, 'name': 'Abelardo Fernández Antuña', 'nickname': 'Abelardo', 'dob': '1970-04-19', 'country': {'id': 214, 'name': 'Spain'}}]",209,Celta Vigo,male,,214,Spain,"[{'id': 385, 'name': 'Manuel Eduardo Berizzo', 'nickname': 'Eduardo Berizzo', 'dob': '1969-11-13', 'country': {'id': 11, 'name': 'Argentina'}}]",1.1.0,2,2,1,Regular Season,4656,Estadio Municipal El Molinón,214,Spain,180.0,Antonio Miguel Mateu Lahoz,214.0,Spain
3825831,2016-04-10,16:00:00.000,2,1,available,unscheduled,2022-05-08T21:38:24.735332,,32,11,Spain,La Liga,27,2015/2016,207,Valencia,male,,214,Spain,"[{'id': 618, 'name': 'Francisco Martín Ayestarán Barandiarán', 'nickname': 'Pako Ayestarán', 'dob': '1963-02-05', 'country': {'id': 214, 'name': 'Spain'}}]",213,Sevilla,male,,214,Spain,"[{'id': 21, 'name': 'Unai Emery Etxegoien', 'nickname': 'Unai Emery', 'dob': '1971-11-03', 'country': {'id': 214, 'name': 'Spain'}}]",1.1.0,2,2,1,Regular Season,344,Estadio de Mestalla,214,Spain,2480.0,Iñaki Bikandi Garrido,214.0,Spain
3825828,2016-04-09,18:15:00.000,1,3,available,unscheduled,2022-03-22T17:20:29.813180,,32,11,Spain,La Liga,27,2015/2016,214,Espanyol,male,,214,Spain,"[{'id': 1816, 'name': 'Constantin Gâlcă', 'nickname': None, 'dob': '1972-03-08', 'country': {'id': 187, 'name': 'Romania'}}]",212,Atlético Madrid,male,,214,Spain,"[{'id': 230, 'name': 'Diego Pablo Simeone', 'nickname': 'Diego Simeone', 'dob': '1970-04-28', 'country': {'id': 11, 'name': 'Argentina'}}]",1.1.0,2,2,1,Regular Season,351,Stage Front Stadium,214,Spain,2602.0,Ricardo De Burgos Bengoetxea,214.0,Spain
3825827,2016-04-09,22:05:00.000,1,0,available,unscheduled,2022-03-22T17:19:14.333406,,32,11,Spain,La Liga,27,2015/2016,218,Real Betis,male,,214,Spain,"[{'id': 5049, 'name': 'Juan Merino Ruíz', 'nickname': 'Juan Merino', 'dob': '1970-08-24', 'country': {'id': 214, 'name': 'Spain'}}]",221,Levante UD,male,,214,Spain,"[{'id': 677, 'name': 'Joan Francesc Ferrer Sicilia', 'nickname': 'Rubí', 'dob': '1970-02-05', 'country': {'id': 214, 'name': 'Spain'}}]",1.1.0,2,2,1,Regular Season,352,Estadio Benito Villamarín,214,Spain,2419.0,Eduardo Prieto Iglesias,214.0,Spain
3825826,2016-04-08,20:30:00.000,0,0,available,unscheduled,2022-03-22T17:18:01.599109,,32,11,Spain,La Liga,27,2015/2016,1049,Granada,male,,214,Spain,"[{'id': 226, 'name': 'José Manuel González López', 'nickname': 'José González', 'dob': '1966-10-14', 'country': {'id': 214, 'name': 'Spain'}}]",223,Málaga,male,,214,Spain,"[{'id': 188, 'name': 'Javier Gracia Carlos', 'nickname': 'Javi Gracia', 'dob': '1970-05-01', 'country': {'id': 214, 'name': 'Spain'}}]",1.1.0,2,2,1,Regular Season,4667,Estadio Nuevo Los Cármenes,214,Spain,2604.0,Xavier Estrada Fernández,214.0,Spain
3825825,2016-04-04,20:30:00.000,0,0,available,unscheduled,2022-03-22T17:16:51.506800,,31,11,Spain,La Liga,27,2015/2016,221,Levante UD,male,,214,Spain,"[{'id': 677, 'name': 'Joan Francesc Ferrer Sicilia', 'nickname': 'Rubí', 'dob': '1970-02-05', 'country': {'id': 214, 'name': 'Spain'}}]",1041,Sporting Gijón,male,,214,Spain,"[{'id': 187, 'name': 'Abelardo Fernández Antuña', 'nickname': 'Abelardo', 'dob': '1970-04-19', 'country': {'id': 214, 'name': 'Spain'}}]",1.1.0,2,2,1,Regular Season,350,Estadio Ciudad de Valencia,214,Spain,2692.0,Mario Melero López,214.0,Spain
3825824,2016-04-03,18:15:00.000,1,2,available,unscheduled,2022-03-22T17:15:37.021825,,31,11,Spain,La Liga,27,2015/2016,322,Eibar,male,,214,Spain,"[{'id': 221, 'name': 'José Luis Mendilibar Etxebarria', 'nickname': 'José Luis Mendilibar', 'dob': '1961-03-14', 'country': {'id': 214, 'name': 'Spain'}}]",222,Villarreal,male,,214,Spain,"[{'id': 211, 'name': 'Marcelino García Toral', 'nickname': 'Marcelino', 'dob': '1965-08-14', 'country': {'id': 214, 'name': 'Spain'}}]",1.1.0,2,2,1,Regular Season,347,Estadio Municipal de Ipurúa,214,Spain,2728.0,Carlos del Cerro Grande,214.0,Spain
3825823,2016-04-03,20:30:00.000,1,2,available,unscheduled,2022-03-22T17:14:04.781326,,31,11,Spain,La Liga,27,2015/2016,213,Sevilla,male,,214,Spain,"[{'id': 21, 'name': 'Unai Emery Etxegoien', 'nickname': 'Unai Emery', 'dob': '1971-11-03', 'country': {'id': 214, 'name': 'Spain'}}]",210,Real Sociedad,male,,214,Spain,"[{'id': 229, 'name': 'Eusebio Sacristán Mena', 'nickname': 'Eusebio Sacristán', 'dob': '1964-04-13', 'country': {'id': 214, 'name': 'Spain'}}]",1.1.0,2,2,1,Regular Season,349,Estadio Ramón Sánchez Pizjuán,214,Spain,1008.0,Carlos Clos Gómez,214.0,Spain
3825905,2016-04-03,16:00:00.000,1,1,available,unscheduled,2022-03-22T17:12:42.421115,,31,11,Spain,La Liga,27,2015/2016,223,Málaga,male,,214,Spain,"[{'id': 188, 'name': 'Javier Gracia Carlos', 'nickname': 'Javi Gracia', 'dob': '1970-05-01', 'country': {'id': 214, 'name': 'Spain'}}]",214,Espanyol,male,,214,Spain,"[{'id': 1816, 'name': 'Constantin Gâlcă', 'nickname': None, 'dob': '1972-03-08', 'country': {'id': 187, 'name': 'Romania'}}]",1.1.0,2,2,1,Regular Season,346,Estadio La Rosaleda,214,Spain,2434.0,Juan Martínez Munuera,214.0,Spain
3825822,2016-04-02,18:15:00.000,2,1,available,unscheduled,2022-03-22T17:11:25.624467,,31,11,Spain,La Liga,27,2015/2016,208,Las Palmas,male,,214,Spain,"[{'id': 238, 'name': 'Enrique Setién Solar', 'nickname': 'Quique Setién', 'dob': '1958-09-27', 'country': {'id': 214, 'name': 'Spain'}}]",207,Valencia,male,,214,Spain,"[{'id': 618, 'name': 'Francisco Martín Ayestarán Barandiarán', 'nickname': 'Pako Ayestarán', 'dob': '1963-02-05', 'country': {'id': 214, 'name': 'Spain'}}]",1.1.0,2,2,1,Regular Season,357,Estadio de Gran Canaria,214,Spain,1015.0,Pedro Jesús Pérez Montero,214.0,Spain
3825821,2016-03-20,13:00:00.000,2,1,available,unscheduled,2022-03-22T17:10:01.328863,,30,11,Spain,La Liga,27,2015/2016,214,Espanyol,male,,214,Spain,"[{'id': 1816, 'name': 'Constantin Gâlcă', 'nickname': None, 'dob': '1972-03-08', 'country': {'id': 187, 'name': 'Romania'}}]",215,Athletic Club,male,,214,Spain,"[{'id': 227, 'name': 'Ernesto Valverde Tejedor', 'nickname': 'Ernesto Valverde', 'dob': '1964-02-09', 'country': {'id': 214, 'name': 'Spain'}}]",1.1.0,2,2,1,Regular Season,351,Stage Front Stadium,214,Spain,2419.0,Eduardo Prieto Iglesias,214.0,Spain
3825820,2016-03-20,21:30:00.000,4,0,available,unscheduled,2022-03-22T17:08:47.863803,,30,11,Spain,La Liga,27,2015/2016,220,Real Madrid,male,,214,Spain,"[{'id': 56, 'name': 'Zinédine Zidane', 'nickname': None, 'dob': '1972-06-23', 'country': {'id': 78, 'name': 'France'}}]",213,Sevilla,male,,214,Spain,"[{'id': 21, 'name': 'Unai Emery Etxegoien', 'nickname': 'Unai Emery', 'dob': '1971-11-03', 'country': {'id': 214, 'name': 'Spain'}}]",1.1.0,2,2,1,Regular Season,353,Bernabéu,214,Spain,2604.0,Xavier Estrada Fernández,214.0,Spain
3825819,2016-03-20,19:15:00.000,0,2,available,unscheduled,2022-03-22T17:07:25.756352,,30,11,Spain,La Liga,27,2015/2016,207,Valencia,male,,214,Spain,"[{'id': 2449, 'name': 'Gary Neville', 'nickname': None, 'dob': '1975-02-18', 'country': {'id': 68, 'name': 'England'}}]",209,Celta Vigo,male,,214,Spain,"[{'id': 385, 'name': 'Manuel Eduardo Berizzo', 'nickname': 'Eduardo Berizzo', 'dob': '1969-11-13', 'country': {'id': 11, 'name': 'Argentina'}}]",1.1.0,2,2,1,Regular Season,344,Estadio de Mestalla,214,Spain,221.0,Alberto Undiano Mallenco,214.0,Spain
3825818,2016-03-19,19:15:00.000,0,1,available,unscheduled,2022-03-22T17:05:56.792358,,30,11,Spain,La Liga,27,2015/2016,210,Real Sociedad,male,,214,Spain,"[{'id': 229, 'name': 'Eusebio Sacristán Mena', 'nickname': 'Eusebio Sacristán', 'dob': '1964-04-13', 'country': {'id': 214, 'name': 'Spain'}}]",208,Las Palmas,male,,214,Spain,"[{'id': 238, 'name': 'Enrique Setién Solar', 'nickname': 'Quique Setién', 'dob': '1958-09-27', 'country': {'id': 214, 'name': 'Spain'}}]",1.1.0,2,2,1,Regular Season,5043,Reale Arena,214,Spain,180.0,Antonio Miguel Mateu Lahoz,214.0,Spain
3825887,2016-03-19,19:15:00.000,2,2,available,unscheduled,2022-03-22T17:04:35.662805,,30,11,Spain,La Liga,27,2015/2016,1049,Granada,male,,214,Spain,"[{'id': 226, 'name': 'José Manuel González López', 'nickname': 'José González', 'dob': '1966-10-14', 'country': {'id': 214, 'name': 'Spain'}}]",360,Rayo Vallecano,male,,214,Spain,"[{'id': 220, 'name': 'Francisco Jémez Martín', 'nickname': 'Paco Jémez', 'dob': '1970-04-18', 'country': {'id': 214, 'name': 'Spain'}}]",1.1.0,2,2,1,Regular Season,4667,Estadio Nuevo Los Cármenes,214,Spain,2608.0,Alejandro José Hernández Hernández,214.0,Spain
3825907,2016-03-19,17:00:00.000,2,1,available,unscheduled,2022-03-22T17:03:22.167334,,30,11,Spain,La Liga,27,2015/2016,1041,Sporting Gijón,male,,214,Spain,"[{'id': 187, 'name': 'Abelardo Fernández Antuña', 'nickname': 'Abelardo', 'dob': '1970-04-19', 'country': {'id': 214, 'name': 'Spain'}}]",212,Atlético Madrid,male,,214,Spain,"[{'id': 230, 'name': 'Diego Pablo Simeone', 'nickname': 'Diego Simeone', 'dob': '1970-04-28', 'country': {'id': 11, 'name': 'Argentina'}}]",1.1.0,2,2,1,Regular Season,4656,Estadio Municipal El Molinón,214,Spain,183.0,Jesús Gil Manzano,214.0,Spain
3825903,2016-03-19,23:05:00.000,0,1,available,unscheduled,2022-03-22T17:02:01.807518,,30,11,Spain,La Liga,27,2015/2016,218,Real Betis,male,,214,Spain,"[{'id': 5049, 'name': 'Juan Merino Ruíz', 'nickname': 'Juan Merino', 'dob': '1970-08-24', 'country': {'id': 214, 'name': 'Spain'}}]",223,Málaga,male,,214,Spain,"[{'id': 188, 'name': 'Javier Gracia Carlos', 'nickname': 'Javi Gracia', 'dob': '1970-05-01', 'country': {'id': 214, 'name': 'Spain'}}]",1.1.0,2,2,1,Regular Season,352,Estadio Benito Villamarín,214,Spain,1008.0,Carlos Clos Gómez,214.0,Spain
3825816,2016-03-13,17:00:00.000,4,2,available,unscheduled,2022-03-22T16:59:03.433435,,29,11,Spain,La Liga,27,2015/2016,213,Sevilla,male,,214,Spain,"[{'id': 21, 'name': 'Unai Emery Etxegoien', 'nickname': 'Unai Emery', 'dob': '1971-11-03', 'country': {'id': 214, 'name': 'Spain'}}]",222,Villarreal,male,,214,Spain,"[{'id': 211, 'name': 'Marcelino García Toral', 'nickname': 'Marcelino', 'dob': '1965-08-14', 'country': {'id': 214, 'name': 'Spain'}}]",1.1.0,2,2,1,Regular Season,349,Estadio Ramón Sánchez Pizjuán,214,Spain,2535.0,Carlos Velasco Carballo,214.0,Spain
3825815,2016-03-13,13:00:00.000,1,0,available,unscheduled,2022-03-22T16:57:47.894385,,29,11,Spain,La Liga,27,2015/2016,221,Levante UD,male,,214,Spain,"[{'id': 677, 'name': 'Joan Francesc Ferrer Sicilia', 'nickname': 'Rubí', 'dob': '1970-02-05', 'country': {'id': 214, 'name': 'Spain'}}]",207,Valencia,male,,214,Spain,"[{'id': 2449, 'name': 'Gary Neville', 'nickname': None, 'dob': '1975-02-18', 'country': {'id': 68, 'name': 'England'}}]",1.1.0,2,2,1,Regular Season,350,Estadio Ciudad de Valencia,214,Spain,2728.0,Carlos del Cerro Grande,214.0,Spain
3825858,2016-03-12,23:05:00.000,1,1,available,unscheduled,2022-04-06T21:45:07.462493,,29,11,Spain,La Liga,27,2015/2016,360,Rayo Vallecano,male,,214,Spain,"[{'id': 220, 'name': 'Francisco Jémez Martín', 'nickname': 'Paco Jémez', 'dob': '1970-04-18', 'country': {'id': 214, 'name': 'Spain'}}]",322,Eibar,male,,214,Spain,"[{'id': 221, 'name': 'José Luis Mendilibar Etxebarria', 'nickname': 'José Luis Mendilibar', 'dob': '1961-03-14', 'country': {'id': 214, 'name': 'Spain'}}]",1.1.0,2,2,1,Regular Season,4640,Estadio de Vallecas,214,Spain,212.0,Alfonso Álvarez Izquierdo,214.0,Spain
3825813,2016-03-12,21:30:00.000,3,0,available,unscheduled,2022-03-22T16:55:17.566471,,29,11,Spain,La Liga,27,2015/2016,212,Atlético Madrid,male,,214,Spain,"[{'id': 230, 'name': 'Diego Pablo Simeone', 'nickname': 'Diego Simeone', 'dob': '1970-04-28', 'country': {'id': 11, 'name': 'Argentina'}}]",219,RC Deportivo La Coruña,male,,214,Spain,"[{'id': 3157, 'name': 'Víctor Sánchez del Amo', 'nickname': 'Víctor Sánchez', 'dob': '1976-02-23', 'country': {'id': 214, 'name': 'Spain'}}]",1.1.0,2,2,1,Regular Season,625,Estadio Vicente Calderón,214,Spain,2692.0,Mario Melero López,214.0,Spain
3825814,2016-03-12,19:15:00.000,1,0,available,unscheduled,2022-03-22T16:53:56.477499,,29,11,Spain,La Liga,27,2015/2016,209,Celta Vigo,male,,214,Spain,"[{'id': 385, 'name': 'Manuel Eduardo Berizzo', 'nickname': 'Eduardo Berizzo', 'dob': '1969-11-13', 'country': {'id': 11, 'name': 'Argentina'}}]",210,Real Sociedad,male,,214,Spain,"[{'id': 229, 'name': 'Eusebio Sacristán Mena', 'nickname': 'Eusebio Sacristán', 'dob': '1964-04-13', 'country': {'id': 214, 'name': 'Spain'}}]",1.1.0,2,2,1,Regular Season,653,Abanca-Balaídos,214,Spain,2434.0,Juan Martínez Munuera,214.0,Spain
3825812,2016-03-11,21:30:00.000,1,0,available,unscheduled,2022-03-22T16:52:42.108254,,29,11,Spain,La Liga,27,2015/2016,223,Málaga,male,,214,Spain,,1041,Sporting Gijón,male,,214,Spain,"[{'id': 187, 'name': 'Abelardo Fernández Antuña', 'nickname': 'Abelardo', 'dob': '1970-04-19', 'country': {'id': 214, 'name': 'Spain'}}]",1.1.0,2,2,1,Regular Season,346,Estadio La Rosaleda,214,Spain,2602.0,Ricardo De Burgos Bengoetxea,214.0,Spain
3825811,2016-03-07,21:30:00.000,2,1,available,unscheduled,2022-03-22T16:51:24.215184,,28,11,Spain,La Liga,27,2015/2016,214,Espanyol,male,,214,Spain,"[{'id': 1816, 'name': 'Constantin Gâlcă', 'nickname': None, 'dob': '1972-03-08', 'country': {'id': 187, 'name': 'Romania'}}]",360,Rayo Vallecano,male,,214,Spain,"[{'id': 220, 'name': 'Francisco Jémez Martín', 'nickname': 'Paco Jémez', 'dob': '1970-04-18', 'country': {'id': 214, 'name': 'Spain'}}]",1.1.0,2,2,1,Regular Season,351,Stage Front Stadium,214,Spain,222.0,David Fernández Borbalan,214.0,Spain
3825807,2016-03-06,21:30:00.000,1,3,available,unscheduled,2022-03-22T16:50:11.284992,,28,11,Spain,La Liga,27,2015/2016,207,Valencia,male,,214,Spain,"[{'id': 2449, 'name': 'Gary Neville', 'nickname': None, 'dob': '1975-02-18', 'country': {'id': 68, 'name': 'England'}}]",212,Atlético Madrid,male,,214,Spain,"[{'id': 230, 'name': 'Diego Pablo Simeone', 'nickname': 'Diego Simeone', 'dob': '1970-04-28', 'country': {'id': 11, 'name': 'Argentina'}}]",1.1.0,2,2,1,Regular Season,344,Estadio de Mestalla,214,Spain,212.0,Alfonso Álvarez Izquierdo,214.0,Spain
3825809,2016-03-06,13:00:00.000,2,0,available,unscheduled,2022-03-22T16:48:47.870366,,28,11,Spain,La Liga,27,2015/2016,218,Real Betis,male,,214,Spain,"[{'id': 5049, 'name': 'Juan Merino Ruíz', 'nickname': 'Juan Merino', 'dob': '1970-08-24', 'country': {'id': 214, 'name': 'Spain'}}]",1049,Granada,male,,214,Spain,"[{'id': 1001017, 'name': 'Ricardo Miguel Moreira da Costa', 'nickname': 'Ricardo Costa', 'dob': '1981-05-16', 'country': {'id': 183, 'name': 'Portugal'}}, {'id': 226, 'name': 'José Manuel González López', 'nickname': 'José González', 'dob': '1966-10-14', 'country': {'id': 214, 'name': 'Spain'}}]",1.1.0,2,2,1,Regular Season,352,Estadio Benito Villamarín,214,Spain,218.0,Ignacio Iglesias Villanueva,214.0,Spain
3825810,2016-03-06,19:15:00.000,1,1,available,unscheduled,2022-03-22T16:47:42.421176,,28,11,Spain,La Liga,27,2015/2016,210,Real Sociedad,male,,214,Spain,"[{'id': 229, 'name': 'Eusebio Sacristán Mena', 'nickname': 'Eusebio Sacristán', 'dob': '1964-04-13', 'country': {'id': 214, 'name': 'Spain'}}]",221,Levante UD,male,,214,Spain,"[{'id': 677, 'name': 'Joan Francesc Ferrer Sicilia', 'nickname': 'Rubí', 'dob': '1970-02-05', 'country': {'id': 214, 'name': 'Spain'}}]",1.1.0,2,2,1,Regular Season,5043,Reale Arena,214,Spain,1015.0,Pedro Jesús Pérez Montero,214.0,Spain
3825808,2016-03-06,19:15:00.000,0,2,available,unscheduled,2022-03-22T16:46:15.368481,,28,11,Spain,La Liga,27,2015/2016,1041,Sporting Gijón,male,,214,Spain,"[{'id': 187, 'name': 'Abelardo Fernández Antuña', 'nickname': 'Abelardo', 'dob': '1970-04-19', 'country': {'id': 214, 'name': 'Spain'}}]",215,Athletic Club,male,,214,Spain,"[{'id': 227, 'name': 'Ernesto Valverde Tejedor', 'nickname': 'Ernesto Valverde', 'dob': '1964-02-09', 'country': {'id': 214, 'name': 'Spain'}}]",1.1.0,2,2,1,Regular Season,4656,Estadio Municipal El Molinón,214,Spain,2728.0,Carlos del Cerro Grande,214.0,Spain
3825804,2016-03-05,23:05:00.000,3,3,available,unscheduled,2022-03-22T16:44:51.542935,,28,11,Spain,La Liga,27,2015/2016,219,RC Deportivo La Coruña,male,,214,Spain,"[{'id': 3157, 'name': 'Víctor Sánchez del Amo', 'nickname': 'Víctor Sánchez', 'dob': '1976-02-23', 'country': {'id': 214, 'name': 'Spain'}}]",223,Málaga,male,,214,Spain,"[{'id': 188, 'name': 'Javier Gracia Carlos', 'nickname': 'Javi Gracia', 'dob': '1970-05-01', 'country': {'id': 214, 'name': 'Spain'}}]",1.1.0,2,2,1,Regular Season,4658,Estadio Abanca-Riazor,214,Spain,2535.0,Carlos Velasco Carballo,214.0,Spain
3825867,2016-03-05,21:30:00.000,1,1,available,unscheduled,2022-03-22T16:43:27.588846,,28,11,Spain,La Liga,27,2015/2016,216,Getafe,male,,214,Spain,"[{'id': 509, 'name': 'Francisco Escriba Segura', 'nickname': 'Fran Escribá', 'dob': '1965-05-03', 'country': {'id': 214, 'name': 'Spain'}}]",213,Sevilla,male,,214,Spain,"[{'id': 21, 'name': 'Unai Emery Etxegoien', 'nickname': 'Unai Emery', 'dob': '1971-11-03', 'country': {'id': 214, 'name': 'Spain'}}]",1.1.0,2,2,1,Regular Season,354,Coliseum Alfonso Pérez,214,Spain,2419.0,Eduardo Prieto Iglesias,214.0,Spain
3825805,2016-03-05,19:15:00.000,0,1,available,unscheduled,2022-03-22T16:42:03.628651,,28,11,Spain,La Liga,27,2015/2016,222,Villarreal,male,,214,Spain,"[{'id': 211, 'name': 'Marcelino García Toral', 'nickname': 'Marcelino', 'dob': '1965-08-14', 'country': {'id': 214, 'name': 'Spain'}}]",208,Las Palmas,male,,214,Spain,"[{'id': 238, 'name': 'Enrique Setién Solar', 'nickname': 'Quique Setién', 'dob': '1958-09-27', 'country': {'id': 214, 'name': 'Spain'}}]",1.1.0,2,2,1,Regular Season,361,Estadio de la Cerámica,214,Spain,1008.0,Carlos Clos Gómez,214.0,Spain
3825784,2016-02-21,21:30:00.000,0,0,available,unscheduled,2022-03-22T16:40:17.213585,,25,11,Spain,La Liga,27,2015/2016,212,Atlético Madrid,male,,214,Spain,"[{'id': 230, 'name': 'Diego Pablo Simeone', 'nickname': 'Diego Simeone', 'dob': '1970-04-28', 'country': {'id': 11, 'name': 'Argentina'}}]",222,Villarreal,male,,214,Spain,"[{'id': 211, 'name': 'Marcelino García Toral', 'nickname': 'Marcelino', 'dob': '1965-08-14', 'country': {'id': 214, 'name': 'Spain'}}]",1.1.0,2,2,1,Regular Season,625,Estadio Vicente Calderón,214,Spain,2419.0,Eduardo Prieto Iglesias,214.0,Spain
3825782,2016-02-21,19:15:00.000,1,2,available,unscheduled,2022-03-22T16:33:31.321413,,25,11,Spain,La Liga,27,2015/2016,1049,Granada,male,,214,Spain,"[{'id': 1617, 'name': 'José Ramón Sandoval Huertas', 'nickname': 'José Ramón Sandoval', 'dob': '1968-05-02', 'country': {'id': 214, 'name': 'Spain'}}]",207,Valencia,male,,214,Spain,"[{'id': 2449, 'name': 'Gary Neville', 'nickname': None, 'dob': '1975-02-18', 'country': {'id': 68, 'name': 'England'}}]",1.1.0,2,2,1,Regular Season,4667,Estadio Nuevo Los Cármenes,214,Spain,2480.0,Iñaki Bikandi Garrido,214.0,Spain
3825757,2016-01-31,21:30:00.000,6,0,available,unscheduled,2022-03-22T16:26:16.085756,,22,11,Spain,La Liga,27,2015/2016,220,Real Madrid,male,,214,Spain,"[{'id': 56, 'name': 'Zinédine Zidane', 'nickname': None, 'dob': '1972-06-23', 'country': {'id': 78, 'name': 'France'}}]",214,Espanyol,male,,214,Spain,"[{'id': 1816, 'name': 'Constantin Gâlcă', 'nickname': None, 'dob': '1972-03-08', 'country': {'id': 187, 'name': 'Romania'}}]",1.1.0,2,2,1,Regular Season,353,Bernabéu,214,Spain,2608.0,Alejandro José Hernández Hernández,214.0,Spain
3825641,2015-10-26,21:30:00.000,3,0,available,unscheduled,2022-03-22T16:12:33.648996,,9,11,Spain,La Liga,27,2015/2016,215,Athletic Club,male,,214,Spain,"[{'id': 227, 'name': 'Ernesto Valverde Tejedor', 'nickname': 'Ernesto Valverde', 'dob': '1964-02-09', 'country': {'id': 214, 'name': 'Spain'}}]",1041,Sporting Gijón,male,,214,Spain,"[{'id': 187, 'name': 'Abelardo Fernández Antuña', 'nickname': 'Abelardo', 'dob': '1970-04-19', 'country': {'id': 214, 'name': 'Spain'}}]",1.1.0,2,2,1,Regular Season,345,San Mamés Barria,214,Spain,218.0,Ignacio Iglesias Villanueva,214.0,Spain
3825803,2016-03-03,21:00:00.000,2,0,available,unscheduled,2022-03-20T23:24:05.688151,,27,11,Spain,La Liga,27,2015/2016,1049,Granada,male,,214,Spain,"[{'id': 226, 'name': 'José Manuel González López', 'nickname': 'José González', 'dob': '1966-10-14', 'country': {'id': 214, 'name': 'Spain'}}]",1041,Sporting Gijón,male,,214,Spain,"[{'id': 187, 'name': 'Abelardo Fernández Antuña', 'nickname': 'Abelardo', 'dob': '1970-04-19', 'country': {'id': 214, 'name': 'Spain'}}]",1.1.0,2,2,1,Regular Season,4667,Estadio Nuevo Los Cármenes,214,Spain,2604.0,Xavier Estrada Fernández,214.0,Spain
3825800,2016-03-02,23:00:00.000,0,0,available,unscheduled,2022-05-08T21:20:20.588050,,27,11,Spain,La Liga,27,2015/2016,209,Celta Vigo,male,,214,Spain,"[{'id': 385, 'name': 'Manuel Eduardo Berizzo', 'nickname': 'Eduardo Berizzo', 'dob': '1969-11-13', 'country': {'id': 11, 'name': 'Argentina'}}]",222,Villarreal,male,,214,Spain,"[{'id': 211, 'name': 'Marcelino García Toral', 'nickname': 'Marcelino', 'dob': '1965-08-14', 'country': {'id': 214, 'name': 'Spain'}}]",1.1.0,2,2,1,Regular Season,653,Abanca-Balaídos,214,Spain,2575.0,Santiago Jaime Latre,214.0,Spain
3825801,2016-03-02,23:00:00.000,1,0,available,unscheduled,2022-03-20T23:21:00.814849,,27,11,Spain,La Liga,27,2015/2016,213,Sevilla,male,,214,Spain,"[{'id': 21, 'name': 'Unai Emery Etxegoien', 'nickname': 'Unai Emery', 'dob': '1971-11-03', 'country': {'id': 214, 'name': 'Spain'}}]",322,Eibar,male,,214,Spain,"[{'id': 221, 'name': 'José Luis Mendilibar Etxebarria', 'nickname': 'José Luis Mendilibar', 'dob': '1961-03-14', 'country': {'id': 214, 'name': 'Spain'}}]",1.1.0,2,2,1,Regular Season,349,Estadio Ramón Sánchez Pizjuán,214,Spain,2434.0,Juan Martínez Munuera,214.0,Spain
3825799,2016-03-02,20:00:00.000,1,2,available,unscheduled,2022-03-20T23:19:31.191812,,27,11,Spain,La Liga,27,2015/2016,223,Málaga,male,,214,Spain,"[{'id': 188, 'name': 'Javier Gracia Carlos', 'nickname': 'Javi Gracia', 'dob': '1970-05-01', 'country': {'id': 214, 'name': 'Spain'}}]",207,Valencia,male,,214,Spain,"[{'id': 2449, 'name': 'Gary Neville', 'nickname': None, 'dob': '1975-02-18', 'country': {'id': 68, 'name': 'England'}}]",1.1.0,2,2,1,Regular Season,346,Estadio La Rosaleda,214,Spain,211.0,José Luis González González,214.0,Spain
3825797,2016-03-02,23:00:00.000,4,1,available,unscheduled,2022-03-20T23:17:53.338826,,27,11,Spain,La Liga,27,2015/2016,215,Athletic Club,male,,214,Spain,"[{'id': 227, 'name': 'Ernesto Valverde Tejedor', 'nickname': 'Ernesto Valverde', 'dob': '1964-02-09', 'country': {'id': 214, 'name': 'Spain'}}]",219,RC Deportivo La Coruña,male,,214,Spain,"[{'id': 3157, 'name': 'Víctor Sánchez del Amo', 'nickname': 'Víctor Sánchez', 'dob': '1976-02-23', 'country': {'id': 214, 'name': 'Spain'}}]",1.1.0,2,2,1,Regular Season,345,San Mamés Barria,214,Spain,180.0,Antonio Miguel Mateu Lahoz,214.0,Spain
3825798,2016-03-02,22:00:00.000,1,3,available,unscheduled,2022-03-20T23:15:50.875072,,27,11,Spain,La Liga,27,2015/2016,221,Levante UD,male,,214,Spain,"[{'id': 677, 'name': 'Joan Francesc Ferrer Sicilia', 'nickname': 'Rubí', 'dob': '1970-02-05', 'country': {'id': 214, 'name': 'Spain'}}]",220,Real Madrid,male,,214,Spain,"[{'id': 56, 'name': 'Zinédine Zidane', 'nickname': None, 'dob': '1972-06-23', 'country': {'id': 78, 'name': 'France'}}]",1.1.0,2,2,1,Regular Season,350,Estadio Ciudad de Valencia,214,Spain,2602.0,Ricardo De Burgos Bengoetxea,214.0,Spain
3825796,2016-03-01,23:00:00.000,4,0,available,unscheduled,2022-03-20T23:14:00.630362,,27,11,Spain,La Liga,27,2015/2016,208,Las Palmas,male,,214,Spain,"[{'id': 238, 'name': 'Enrique Setién Solar', 'nickname': 'Quique Setién', 'dob': '1958-09-27', 'country': {'id': 214, 'name': 'Spain'}}]",216,Getafe,male,,214,Spain,"[{'id': 509, 'name': 'Francisco Escriba Segura', 'nickname': 'Fran Escribá', 'dob': '1965-05-03', 'country': {'id': 214, 'name': 'Spain'}}]",1.1.0,2,2,1,Regular Season,357,Estadio de Gran Canaria,214,Spain,,,,
3825795,2016-03-01,22:00:00.000,3,0,available,unscheduled,2022-03-20T23:12:33.698472,,27,11,Spain,La Liga,27,2015/2016,212,Atlético Madrid,male,,214,Spain,"[{'id': 230, 'name': 'Diego Pablo Simeone', 'nickname': 'Diego Simeone', 'dob': '1970-04-28', 'country': {'id': 11, 'name': 'Argentina'}}]",210,Real Sociedad,male,,214,Spain,"[{'id': 229, 'name': 'Eusebio Sacristán Mena', 'nickname': 'Eusebio Sacristán', 'dob': '1964-04-13', 'country': {'id': 214, 'name': 'Spain'}}]",1.1.0,2,2,1,Regular Season,625,Estadio Vicente Calderón,214,Spain,2608.0,Alejandro José Hernández Hernández,214.0,Spain
3825793,2016-02-28,17:00:00.000,0,3,available,unscheduled,2022-05-08T21:14:18.615165,,26,11,Spain,La Liga,27,2015/2016,207,Valencia,male,,214,Spain,"[{'id': 2449, 'name': 'Gary Neville', 'nickname': None, 'dob': '1975-02-18', 'country': {'id': 68, 'name': 'England'}}]",215,Athletic Club,male,,214,Spain,"[{'id': 227, 'name': 'Ernesto Valverde Tejedor', 'nickname': 'Ernesto Valverde', 'dob': '1964-02-09', 'country': {'id': 214, 'name': 'Spain'}}]",1.1.0,2,2,1,Regular Season,344,Estadio de Mestalla,214,Spain,183.0,Jesús Gil Manzano,214.0,Spain
3825792,2016-02-28,19:15:00.000,0,1,available,unscheduled,2022-03-20T23:08:56.478570,,26,11,Spain,La Liga,27,2015/2016,219,RC Deportivo La Coruña,male,,214,Spain,"[{'id': 3157, 'name': 'Víctor Sánchez del Amo', 'nickname': 'Víctor Sánchez', 'dob': '1976-02-23', 'country': {'id': 214, 'name': 'Spain'}}]",1049,Granada,male,,214,Spain,"[{'id': 1001017, 'name': 'Ricardo Miguel Moreira da Costa', 'nickname': 'Ricardo Costa', 'dob': '1981-05-16', 'country': {'id': 183, 'name': 'Portugal'}}, {'id': 226, 'name': 'José Manuel González López', 'nickname': 'José González', 'dob': '1966-10-14', 'country': {'id': 214, 'name': 'Spain'}}]",1.1.0,2,2,1,Regular Season,4658,Estadio Abanca-Riazor,214,Spain,2434.0,Juan Martínez Munuera,214.0,Spain
3825794,2016-02-28,13:00:00.000,3,0,available,unscheduled,2022-03-20T23:07:09.857505,,26,11,Spain,La Liga,27,2015/2016,222,Villarreal,male,,214,Spain,"[{'id': 1000958, 'name': 'Daniele Bonera', 'nickname': None, 'dob': '1981-05-31', 'country': {'id': 112, 'name': 'Italy'}}, {'id': 211, 'name': 'Marcelino García Toral', 'nickname': 'Marcelino', 'dob': '1965-08-14', 'country': {'id': 214, 'name': 'Spain'}}]",221,Levante UD,male,,214,Spain,"[{'id': 677, 'name': 'Joan Francesc Ferrer Sicilia', 'nickname': 'Rubí', 'dob': '1970-02-05', 'country': {'id': 214, 'name': 'Spain'}}]",1.1.0,2,2,1,Regular Season,361,Estadio de la Cerámica,214,Spain,2608.0,Alejandro José Hernández Hernández,214.0,Spain
3825788,2016-02-27,19:15:00.000,0,1,available,unscheduled,2022-03-20T23:05:52.388356,,26,11,Spain,La Liga,27,2015/2016,216,Getafe,male,,214,Spain,"[{'id': 509, 'name': 'Francisco Escriba Segura', 'nickname': 'Fran Escribá', 'dob': '1965-05-03', 'country': {'id': 214, 'name': 'Spain'}}]",209,Celta Vigo,male,,214,Spain,"[{'id': 385, 'name': 'Manuel Eduardo Berizzo', 'nickname': 'Eduardo Berizzo', 'dob': '1969-11-13', 'country': {'id': 11, 'name': 'Argentina'}}]",1.1.0,2,2,1,Regular Season,354,Coliseum Alfonso Pérez,214,Spain,222.0,David Fernández Borbalan,214.0,Spain
3825791,2016-02-27,21:30:00.000,2,2,available,unscheduled,2022-03-20T23:04:30.938137,,26,11,Spain,La Liga,27,2015/2016,218,Real Betis,male,,214,Spain,"[{'id': 5049, 'name': 'Juan Merino Ruíz', 'nickname': 'Juan Merino', 'dob': '1970-08-24', 'country': {'id': 214, 'name': 'Spain'}}]",360,Rayo Vallecano,male,,214,Spain,"[{'id': 220, 'name': 'Francisco Jémez Martín', 'nickname': 'Paco Jémez', 'dob': '1970-04-18', 'country': {'id': 214, 'name': 'Spain'}}]",1.1.0,2,2,1,Regular Season,352,Estadio Benito Villamarín,214,Spain,180.0,Antonio Miguel Mateu Lahoz,214.0,Spain
3825790,2016-02-27,19:15:00.000,2,4,available,unscheduled,2022-03-20T23:03:17.325025,,26,11,Spain,La Liga,27,2015/2016,1041,Sporting Gijón,male,,214,Spain,"[{'id': 187, 'name': 'Abelardo Fernández Antuña', 'nickname': 'Abelardo', 'dob': '1970-04-19', 'country': {'id': 214, 'name': 'Spain'}}]",214,Espanyol,male,,214,Spain,"[{'id': 1816, 'name': 'Constantin Gâlcă', 'nickname': None, 'dob': '1972-03-08', 'country': {'id': 187, 'name': 'Romania'}}]",1.1.0,2,2,1,Regular Season,4656,Estadio Municipal El Molinón,214,Spain,2535.0,Carlos Velasco Carballo,214.0,Spain
3825787,2016-02-27,17:00:00.000,0,1,available,unscheduled,2022-03-20T23:01:59.136205,,26,11,Spain,La Liga,27,2015/2016,220,Real Madrid,male,,214,Spain,"[{'id': 56, 'name': 'Zinédine Zidane', 'nickname': None, 'dob': '1972-06-23', 'country': {'id': 78, 'name': 'France'}}]",212,Atlético Madrid,male,,214,Spain,"[{'id': 230, 'name': 'Diego Pablo Simeone', 'nickname': 'Diego Simeone', 'dob': '1970-04-28', 'country': {'id': 11, 'name': 'Argentina'}}]",1.1.0,2,2,1,Regular Season,353,Bernabéu,214,Spain,1008.0,Carlos Clos Gómez,214.0,Spain
3825789,2016-02-27,23:05:00.000,1,1,available,unscheduled,2022-03-20T23:00:39.067096,,26,11,Spain,La Liga,27,2015/2016,210,Real Sociedad,male,,214,Spain,"[{'id': 229, 'name': 'Eusebio Sacristán Mena', 'nickname': 'Eusebio Sacristán', 'dob': '1964-04-13', 'country': {'id': 214, 'name': 'Spain'}}]",223,Málaga,male,,214,Spain,"[{'id': 188, 'name': 'Javier Gracia Carlos', 'nickname': 'Javi Gracia', 'dob': '1970-05-01', 'country': {'id': 214, 'name': 'Spain'}}]",1.1.0,2,2,1,Regular Season,5043,Reale Arena,214,Spain,221.0,Alberto Undiano Mallenco,214.0,Spain
3825786,2016-02-26,21:30:00.000,0,1,available,unscheduled,2022-03-20T22:58:57.255017,,26,11,Spain,La Liga,27,2015/2016,322,Eibar,male,,214,Spain,"[{'id': 221, 'name': 'José Luis Mendilibar Etxebarria', 'nickname': 'José Luis Mendilibar', 'dob': '1961-03-14', 'country': {'id': 214, 'name': 'Spain'}}]",208,Las Palmas,male,,214,Spain,"[{'id': 238, 'name': 'Enrique Setién Solar', 'nickname': 'Quique Setién', 'dob': '1958-09-27', 'country': {'id': 214, 'name': 'Spain'}}]",1.1.0,2,2,1,Regular Season,347,Estadio Municipal de Ipurúa,214,Spain,1015.0,Pedro Jesús Pérez Montero,214.0,Spain
3825781,2016-02-21,13:00:00.000,2,2,available,unscheduled,2022-08-30T11:46:06.868587,,25,11,Spain,La Liga,27,2015/2016,360,Rayo Vallecano,male,,214,Spain,"[{'id': 220, 'name': 'Francisco Jémez Martín', 'nickname': 'Paco Jémez', 'dob': '1970-04-18', 'country': {'id': 214, 'name': 'Spain'}}]",213,Sevilla,male,,214,Spain,"[{'id': 21, 'name': 'Unai Emery Etxegoien', 'nickname': 'Unai Emery', 'dob': '1971-11-03', 'country': {'id': 214, 'name': 'Spain'}}]",1.1.0,2,2,1,Regular Season,4640,Estadio de Vallecas,214,Spain,2604.0,Xavier Estrada Fernández,214.0,Spain
3825785,2016-02-21,17:00:00.000,1,1,available,unscheduled,2022-03-20T22:56:38.976506,,25,11,Spain,La Liga,27,2015/2016,223,Málaga,male,,214,Spain,,220,Real Madrid,male,,214,Spain,"[{'id': 56, 'name': 'Zinédine Zidane', 'nickname': None, 'dob': '1972-06-23', 'country': {'id': 78, 'name': 'France'}}]",1.1.0,2,2,1,Regular Season,346,Estadio La Rosaleda,214,Spain,218.0,Ignacio Iglesias Villanueva,214.0,Spain
3825783,2016-02-21,19:15:00.000,0,1,available,unscheduled,2022-03-20T22:55:26.873111,,25,11,Spain,La Liga,27,2015/2016,215,Athletic Club,male,,214,Spain,"[{'id': 227, 'name': 'Ernesto Valverde Tejedor', 'nickname': 'Ernesto Valverde', 'dob': '1964-02-09', 'country': {'id': 214, 'name': 'Spain'}}]",210,Real Sociedad,male,,214,Spain,"[{'id': 229, 'name': 'Eusebio Sacristán Mena', 'nickname': 'Eusebio Sacristán', 'dob': '1964-04-13', 'country': {'id': 214, 'name': 'Spain'}}]",1.1.0,2,2,1,Regular Season,345,San Mamés Barria,214,Spain,2625.0,José María Sánchez Martínez,214.0,Spain
3825780,2016-02-20,19:15:00.000,1,0,available,unscheduled,2022-03-20T22:49:57.244994,,25,11,Spain,La Liga,27,2015/2016,214,Espanyol,male,,214,Spain,"[{'id': 1816, 'name': 'Constantin Gâlcă', 'nickname': None, 'dob': '1972-03-08', 'country': {'id': 187, 'name': 'Romania'}}]",219,RC Deportivo La Coruña,male,,214,Spain,"[{'id': 3157, 'name': 'Víctor Sánchez del Amo', 'nickname': 'Víctor Sánchez', 'dob': '1976-02-23', 'country': {'id': 214, 'name': 'Spain'}}]",1.1.0,2,2,1,Regular Season,351,Stage Front Stadium,214,Spain,2602.0,Ricardo De Burgos Bengoetxea,214.0,Spain
3825779,2016-02-20,23:05:00.000,3,2,available,unscheduled,2022-03-20T22:48:39.722011,,25,11,Spain,La Liga,27,2015/2016,209,Celta Vigo,male,,214,Spain,"[{'id': 385, 'name': 'Manuel Eduardo Berizzo', 'nickname': 'Eduardo Berizzo', 'dob': '1969-11-13', 'country': {'id': 11, 'name': 'Argentina'}}]",322,Eibar,male,,214,Spain,"[{'id': 221, 'name': 'José Luis Mendilibar Etxebarria', 'nickname': 'José Luis Mendilibar', 'dob': '1961-03-14', 'country': {'id': 214, 'name': 'Spain'}}]",1.1.0,2,2,1,Regular Season,653,Abanca-Balaídos,214,Spain,2692.0,Mario Melero López,214.0,Spain
3825773,2016-02-14,19:15:00.000,2,0,available,unscheduled,2022-03-20T22:47:16.517880,,24,11,Spain,La Liga,27,2015/2016,322,Eibar,male,,214,Spain,"[{'id': 221, 'name': 'José Luis Mendilibar Etxebarria', 'nickname': 'José Luis Mendilibar', 'dob': '1961-03-14', 'country': {'id': 214, 'name': 'Spain'}}]",221,Levante UD,male,,214,Spain,"[{'id': 677, 'name': 'Joan Francesc Ferrer Sicilia', 'nickname': 'Rubí', 'dob': '1970-02-05', 'country': {'id': 214, 'name': 'Spain'}}]",1.1.0,2,2,1,Regular Season,347,Estadio Municipal de Ipurúa,214,Spain,2604.0,Xavier Estrada Fernández,214.0,Spain
3825776,2016-02-14,17:00:00.000,2,0,available,unscheduled,2022-03-20T22:40:25.193922,,24,11,Spain,La Liga,27,2015/2016,213,Sevilla,male,,214,Spain,"[{'id': 21, 'name': 'Unai Emery Etxegoien', 'nickname': 'Unai Emery', 'dob': '1971-11-03', 'country': {'id': 214, 'name': 'Spain'}}]",208,Las Palmas,male,,214,Spain,"[{'id': 238, 'name': 'Enrique Setién Solar', 'nickname': 'Quique Setién', 'dob': '1958-09-27', 'country': {'id': 214, 'name': 'Spain'}}]",1.1.0,2,2,1,Regular Season,349,Estadio Ramón Sánchez Pizjuán,214,Spain,2419.0,Eduardo Prieto Iglesias,214.0,Spain
3825775,2016-02-14,13:00:00.000,3,0,available,unscheduled,2022-03-20T22:38:47.919808,,24,11,Spain,La Liga,27,2015/2016,210,Real Sociedad,male,,214,Spain,"[{'id': 229, 'name': 'Eusebio Sacristán Mena', 'nickname': 'Eusebio Sacristán', 'dob': '1964-04-13', 'country': {'id': 214, 'name': 'Spain'}}]",1049,Granada,male,,214,Spain,"[{'id': 1617, 'name': 'José Ramón Sandoval Huertas', 'nickname': 'José Ramón Sandoval', 'dob': '1968-05-02', 'country': {'id': 214, 'name': 'Spain'}}]",1.1.0,2,2,1,Regular Season,5043,Reale Arena,214,Spain,211.0,José Luis González González,214.0,Spain
3825769,2016-02-13,19:15:00.000,1,0,available,unscheduled,2022-08-30T11:39:10.532969,,24,11,Spain,La Liga,27,2015/2016,222,Villarreal,male,,214,Spain,"[{'id': 211, 'name': 'Marcelino García Toral', 'nickname': 'Marcelino', 'dob': '1965-08-14', 'country': {'id': 214, 'name': 'Spain'}}]",223,Málaga,male,,214,Spain,"[{'id': 188, 'name': 'Javier Gracia Carlos', 'nickname': 'Javi Gracia', 'dob': '1970-05-01', 'country': {'id': 214, 'name': 'Spain'}}]",1.1.0,2,2,1,Regular Season,361,Estadio de la Cerámica,214,Spain,,,,
3825770,2016-02-13,17:00:00.000,4,2,available,unscheduled,2022-03-20T22:30:43.857614,,24,11,Spain,La Liga,27,2015/2016,220,Real Madrid,male,,214,Spain,"[{'id': 56, 'name': 'Zinédine Zidane', 'nickname': None, 'dob': '1972-06-23', 'country': {'id': 78, 'name': 'France'}}]",215,Athletic Club,male,,214,Spain,"[{'id': 227, 'name': 'Ernesto Valverde Tejedor', 'nickname': 'Ernesto Valverde', 'dob': '1964-02-09', 'country': {'id': 214, 'name': 'Spain'}}]",1.1.0,2,2,1,Regular Season,353,Bernabéu,214,Spain,212.0,Alfonso Álvarez Izquierdo,214.0,Spain
3825768,2016-02-12,21:30:00.000,2,2,available,unscheduled,2022-03-20T22:22:33.720131,,24,11,Spain,La Liga,27,2015/2016,1041,Sporting Gijón,male,,214,Spain,"[{'id': 187, 'name': 'Abelardo Fernández Antuña', 'nickname': 'Abelardo', 'dob': '1970-04-19', 'country': {'id': 214, 'name': 'Spain'}}]",360,Rayo Vallecano,male,,214,Spain,"[{'id': 220, 'name': 'Francisco Jémez Martín', 'nickname': 'Paco Jémez', 'dob': '1970-04-18', 'country': {'id': 214, 'name': 'Spain'}}]",1.1.0,2,2,1,Regular Season,4656,Estadio Municipal El Molinón,214,Spain,1008.0,Carlos Clos Gómez,214.0,Spain
3825736,2016-01-17,13:00:00.000,2,2,available,unscheduled,2022-03-20T22:01:43.819435,,20,11,Spain,La Liga,27,2015/2016,207,Valencia,male,,214,Spain,"[{'id': 2449, 'name': 'Gary Neville', 'nickname': None, 'dob': '1975-02-18', 'country': {'id': 68, 'name': 'England'}}]",360,Rayo Vallecano,male,,214,Spain,"[{'id': 220, 'name': 'Francisco Jémez Martín', 'nickname': 'Paco Jémez', 'dob': '1970-04-18', 'country': {'id': 214, 'name': 'Spain'}}]",1.1.0,2,2,1,Regular Season,344,Estadio de Mestalla,214,Spain,2419.0,Eduardo Prieto Iglesias,214.0,Spain
3825731,2016-01-10,19:15:00.000,1,1,available,unscheduled,2022-04-06T21:39:52.202808,,19,11,Spain,La Liga,27,2015/2016,208,Las Palmas,male,,214,Spain,"[{'id': 238, 'name': 'Enrique Setién Solar', 'nickname': 'Quique Setién', 'dob': '1958-09-27', 'country': {'id': 214, 'name': 'Spain'}}]",223,Málaga,male,,214,Spain,"[{'id': 188, 'name': 'Javier Gracia Carlos', 'nickname': 'Javi Gracia', 'dob': '1970-05-01', 'country': {'id': 214, 'name': 'Spain'}}]",1.1.0,2,2,1,Regular Season,357,Estadio de Gran Canaria,214,Spain,218.0,Ignacio Iglesias Villanueva,214.0,Spain
3825685,2015-12-06,19:15:00.000,3,1,available,unscheduled,2022-03-20T21:47:23.357431,,14,11,Spain,La Liga,27,2015/2016,1041,Sporting Gijón,male,,214,Spain,"[{'id': 187, 'name': 'Abelardo Fernández Antuña', 'nickname': 'Abelardo', 'dob': '1970-04-19', 'country': {'id': 214, 'name': 'Spain'}}]",208,Las Palmas,male,,214,Spain,"[{'id': 238, 'name': 'Enrique Setién Solar', 'nickname': 'Quique Setién', 'dob': '1958-09-27', 'country': {'id': 214, 'name': 'Spain'}}]",1.1.0,2,2,1,Regular Season,4656,Estadio Municipal El Molinón,214,Spain,221.0,Alberto Undiano Mallenco,214.0,Spain
3825678,2015-11-29,17:00:00.000,0,2,available,unscheduled,2022-03-20T21:39:48.103890,,13,11,Spain,La Liga,27,2015/2016,322,Eibar,male,,214,Spain,"[{'id': 221, 'name': 'José Luis Mendilibar Etxebarria', 'nickname': 'José Luis Mendilibar', 'dob': '1961-03-14', 'country': {'id': 214, 'name': 'Spain'}}]",220,Real Madrid,male,,214,Spain,"[{'id': 148, 'name': 'Rafael Benítez Maudes', 'nickname': 'Rafael Benítez', 'dob': '1960-04-16', 'country': {'id': 214, 'name': 'Spain'}}]",1.1.0,2,2,1,Regular Season,347,Estadio Municipal de Ipurúa,214,Spain,183.0,Jesús Gil Manzano,214.0,Spain
3825643,2015-10-31,17:00:00.000,3,1,available,unscheduled,2022-03-20T21:32:32.301513,,10,11,Spain,La Liga,27,2015/2016,220,Real Madrid,male,,214,Spain,"[{'id': 148, 'name': 'Rafael Benítez Maudes', 'nickname': 'Rafael Benítez', 'dob': '1960-04-16', 'country': {'id': 214, 'name': 'Spain'}}]",208,Las Palmas,male,,214,Spain,"[{'id': 238, 'name': 'Enrique Setién Solar', 'nickname': 'Quique Setién', 'dob': '1958-09-27', 'country': {'id': 214, 'name': 'Spain'}}]",1.1.0,2,2,1,Regular Season,353,Bernabéu,214,Spain,2575.0,Santiago Jaime Latre,214.0,Spain
3825642,2015-10-30,21:30:00.000,1,1,available,unscheduled,2022-03-20T21:24:16.419880,,10,11,Spain,La Liga,27,2015/2016,219,RC Deportivo La Coruña,male,,214,Spain,"[{'id': 3157, 'name': 'Víctor Sánchez del Amo', 'nickname': 'Víctor Sánchez', 'dob': '1976-02-23', 'country': {'id': 214, 'name': 'Spain'}}]",212,Atlético Madrid,male,,214,Spain,"[{'id': 230, 'name': 'Diego Pablo Simeone', 'nickname': 'Diego Simeone', 'dob': '1970-04-28', 'country': {'id': 11, 'name': 'Argentina'}}]",1.1.0,2,2,1,Regular Season,4658,Estadio Abanca-Riazor,214,Spain,1015.0,Pedro Jesús Pérez Montero,214.0,Spain
3825638,2015-10-25,20:30:00.000,2,1,available,unscheduled,2022-08-30T10:52:28.076905,,9,11,Spain,La Liga,27,2015/2016,212,Atlético Madrid,male,,214,Spain,"[{'id': 230, 'name': 'Diego Pablo Simeone', 'nickname': 'Diego Simeone', 'dob': '1970-04-28', 'country': {'id': 11, 'name': 'Argentina'}}]",207,Valencia,male,,214,Spain,"[{'id': 396, 'name': 'Nuno Herlander Simões Espírito Santo', 'nickname': 'Nuno Espírito Santo', 'dob': '1974-01-25', 'country': {'id': 183, 'name': 'Portugal'}}]",1.1.0,2,2,1,Regular Season,625,Estadio Vicente Calderón,214,Spain,183.0,Jesús Gil Manzano,214.0,Spain
3825614,2015-10-03,18:15:00.000,1,1,available,unscheduled,2022-03-20T21:09:47.279772,,7,11,Spain,La Liga,27,2015/2016,1049,Granada,male,,214,Spain,"[{'id': 1617, 'name': 'José Ramón Sandoval Huertas', 'nickname': 'José Ramón Sandoval', 'dob': '1968-05-02', 'country': {'id': 214, 'name': 'Spain'}}]",219,RC Deportivo La Coruña,male,,214,Spain,"[{'id': 3157, 'name': 'Víctor Sánchez del Amo', 'nickname': 'Víctor Sánchez', 'dob': '1976-02-23', 'country': {'id': 214, 'name': 'Spain'}}]",1.1.0,2,2,1,Regular Season,4667,Estadio Nuevo Los Cármenes,214,Spain,2480.0,Iñaki Bikandi Garrido,214.0,Spain
3825612,2015-09-27,18:15:00.000,3,0,available,unscheduled,2022-03-20T21:03:11.651299,,6,11,Spain,La Liga,27,2015/2016,216,Getafe,male,,214,Spain,"[{'id': 509, 'name': 'Francisco Escriba Segura', 'nickname': 'Fran Escribá', 'dob': '1965-05-03', 'country': {'id': 214, 'name': 'Spain'}}]",221,Levante UD,male,,214,Spain,"[{'id': 1612, 'name': 'Luis Lucas Alcaraz González', 'nickname': 'Lucas Alcaraz', 'dob': '1966-06-21', 'country': {'id': 214, 'name': 'Spain'}}]",1.1.0,2,2,1,Regular Season,354,Coliseum Alfonso Pérez,214,Spain,2575.0,Santiago Jaime Latre,214.0,Spain
3825607,2015-09-26,20:30:00.000,1,0,available,unscheduled,2022-03-20T20:56:07.082687,,6,11,Spain,La Liga,27,2015/2016,222,Villarreal,male,,214,Spain,"[{'id': 211, 'name': 'Marcelino García Toral', 'nickname': 'Marcelino', 'dob': '1965-08-14', 'country': {'id': 214, 'name': 'Spain'}}]",212,Atlético Madrid,male,,214,Spain,"[{'id': 230, 'name': 'Diego Pablo Simeone', 'nickname': 'Diego Simeone', 'dob': '1970-04-28', 'country': {'id': 11, 'name': 'Argentina'}}]",1.1.0,2,2,1,Regular Season,361,Estadio de la Cerámica,214,Spain,222.0,David Fernández Borbalan,214.0,Spain
3825595,2015-09-20,18:15:00.000,3,1,available,unscheduled,2022-03-20T20:48:38.128823,,4,11,Spain,La Liga,27,2015/2016,222,Villarreal,male,,214,Spain,"[{'id': 211, 'name': 'Marcelino García Toral', 'nickname': 'Marcelino', 'dob': '1965-08-14', 'country': {'id': 214, 'name': 'Spain'}}]",215,Athletic Club,male,,214,Spain,"[{'id': 227, 'name': 'Ernesto Valverde Tejedor', 'nickname': 'Ernesto Valverde', 'dob': '1964-02-09', 'country': {'id': 214, 'name': 'Spain'}}]",1.1.0,2,2,1,Regular Season,361,Estadio de la Cerámica,214,Spain,1008.0,Carlos Clos Gómez,214.0,Spain
3825579,2015-08-30,20:30:00.000,0,3,available,unscheduled,2022-03-20T20:41:44.188068,,2,11,Spain,La Liga,27,2015/2016,213,Sevilla,male,,214,Spain,"[{'id': 21, 'name': 'Unai Emery Etxegoien', 'nickname': 'Unai Emery', 'dob': '1971-11-03', 'country': {'id': 214, 'name': 'Spain'}}]",212,Atlético Madrid,male,,214,Spain,"[{'id': 230, 'name': 'Diego Pablo Simeone', 'nickname': 'Diego Simeone', 'dob': '1970-04-28', 'country': {'id': 11, 'name': 'Argentina'}}]",1.1.0,2,2,1,Regular Season,349,Estadio Ramón Sánchez Pizjuán,214,Spain,1008.0,Carlos Clos Gómez,214.0,Spain
3825572,2015-08-29,22:30:00.000,5,0,available,unscheduled,2022-03-20T20:33:23.773202,,2,11,Spain,La Liga,27,2015/2016,220,Real Madrid,male,,214,Spain,"[{'id': 148, 'name': 'Rafael Benítez Maudes', 'nickname': 'Rafael Benítez', 'dob': '1960-04-16', 'country': {'id': 214, 'name': 'Spain'}}]",218,Real Betis,male,,214,Spain,"[{'id': 57, 'name': 'José Mel Pérez', 'nickname': 'Pepe Mel', 'dob': '1963-02-28', 'country': {'id': 214, 'name': 'Spain'}}]",1.1.0,2,2,1,Regular Season,353,Bernabéu,214,Spain,2608.0,Alejandro José Hernández Hernández,214.0,Spain
3825774,2016-02-14,19:15:00.000,0,1,available,unscheduled,2022-02-28T19:09:08.311380,,24,11,Spain,La Liga,27,2015/2016,216,Getafe,male,,214,Spain,"[{'id': 509, 'name': 'Francisco Escriba Segura', 'nickname': 'Fran Escribá', 'dob': '1965-05-03', 'country': {'id': 214, 'name': 'Spain'}}]",212,Atlético Madrid,male,,214,Spain,"[{'id': 230, 'name': 'Diego Pablo Simeone', 'nickname': 'Diego Simeone', 'dob': '1970-04-28', 'country': {'id': 11, 'name': 'Argentina'}}]",1.1.0,2,2,1,Regular Season,354,Coliseum Alfonso Pérez,214,Spain,180.0,Antonio Miguel Mateu Lahoz,214.0,Spain
3825772,2016-02-13,21:30:00.000,2,1,available,unscheduled,2022-02-28T19:07:47.540348,,24,11,Spain,La Liga,27,2015/2016,207,Valencia,male,,214,Spain,,214,Espanyol,male,,214,Spain,"[{'id': 1816, 'name': 'Constantin Gâlcă', 'nickname': None, 'dob': '1972-03-08', 'country': {'id': 187, 'name': 'Romania'}}]",1.1.0,2,2,1,Regular Season,344,Estadio de Mestalla,214,Spain,2728.0,Carlos del Cerro Grande,214.0,Spain
3825771,2016-02-13,23:05:00.000,2,2,available,unscheduled,2022-02-28T19:05:37.645934,,24,11,Spain,La Liga,27,2015/2016,219,RC Deportivo La Coruña,male,,214,Spain,"[{'id': 3157, 'name': 'Víctor Sánchez del Amo', 'nickname': 'Víctor Sánchez', 'dob': '1976-02-23', 'country': {'id': 214, 'name': 'Spain'}}]",218,Real Betis,male,,214,Spain,"[{'id': 5049, 'name': 'Juan Merino Ruíz', 'nickname': 'Juan Merino', 'dob': '1970-08-24', 'country': {'id': 214, 'name': 'Spain'}}]",1.1.0,2,2,1,Regular Season,4658,Estadio Abanca-Riazor,214,Spain,221.0,Alberto Undiano Mallenco,214.0,Spain
3825767,2016-02-08,21:30:00.000,0,5,available,unscheduled,2022-05-08T20:48:55.541224,,23,11,Spain,La Liga,27,2015/2016,214,Espanyol,male,,214,Spain,"[{'id': 1816, 'name': 'Constantin Gâlcă', 'nickname': None, 'dob': '1972-03-08', 'country': {'id': 187, 'name': 'Romania'}}]",210,Real Sociedad,male,,214,Spain,"[{'id': 229, 'name': 'Eusebio Sacristán Mena', 'nickname': 'Eusebio Sacristán', 'dob': '1964-04-13', 'country': {'id': 214, 'name': 'Spain'}}]",1.1.0,2,2,1,Regular Season,351,Stage Front Stadium,214,Spain,2575.0,Santiago Jaime Latre,214.0,Spain
3825706,2015-12-30,21:30:00.000,0,1,available,unscheduled,2022-02-28T17:57:44.019471,,17,11,Spain,La Liga,27,2015/2016,209,Celta Vigo,male,,214,Spain,"[{'id': 385, 'name': 'Manuel Eduardo Berizzo', 'nickname': 'Eduardo Berizzo', 'dob': '1969-11-13', 'country': {'id': 11, 'name': 'Argentina'}}]",215,Athletic Club,male,,214,Spain,"[{'id': 227, 'name': 'Ernesto Valverde Tejedor', 'nickname': 'Ernesto Valverde', 'dob': '1964-02-09', 'country': {'id': 214, 'name': 'Spain'}}]",1.1.0,2,2,1,Regular Season,653,Abanca-Balaídos,214,Spain,1015.0,Pedro Jesús Pérez Montero,214.0,Spain
3825712,2015-12-30,21:30:00.000,0,0,available,unscheduled,2022-02-28T17:56:31.505588,,17,11,Spain,La Liga,27,2015/2016,216,Getafe,male,,214,Spain,"[{'id': 509, 'name': 'Francisco Escriba Segura', 'nickname': 'Fran Escribá', 'dob': '1965-05-03', 'country': {'id': 214, 'name': 'Spain'}}]",219,RC Deportivo La Coruña,male,,214,Spain,"[{'id': 3157, 'name': 'Víctor Sánchez del Amo', 'nickname': 'Víctor Sánchez', 'dob': '1976-02-23', 'country': {'id': 214, 'name': 'Spain'}}]",1.1.0,2,2,1,Regular Season,354,Coliseum Alfonso Pérez,214,Spain,221.0,Alberto Undiano Mallenco,214.0,Spain
3825708,2015-12-30,17:00:00.000,0,1,available,unscheduled,2022-02-28T17:55:27.093610,,17,11,Spain,La Liga,27,2015/2016,221,Levante UD,male,,214,Spain,"[{'id': 677, 'name': 'Joan Francesc Ferrer Sicilia', 'nickname': 'Rubí', 'dob': '1970-02-05', 'country': {'id': 214, 'name': 'Spain'}}]",223,Málaga,male,,214,Spain,"[{'id': 188, 'name': 'Javier Gracia Carlos', 'nickname': 'Javi Gracia', 'dob': '1970-05-01', 'country': {'id': 214, 'name': 'Spain'}}]",1.1.0,2,2,1,Regular Season,350,Estadio Ciudad de Valencia,214,Spain,183.0,Jesús Gil Manzano,214.0,Spain
3825707,2015-12-30,22:00:00.000,4,1,available,unscheduled,2022-02-28T17:54:29.612701,,17,11,Spain,La Liga,27,2015/2016,208,Las Palmas,male,,214,Spain,"[{'id': 238, 'name': 'Enrique Setién Solar', 'nickname': 'Quique Setién', 'dob': '1958-09-27', 'country': {'id': 214, 'name': 'Spain'}}]",1049,Granada,male,,214,Spain,"[{'id': 1617, 'name': 'José Ramón Sandoval Huertas', 'nickname': 'José Ramón Sandoval', 'dob': '1968-05-02', 'country': {'id': 214, 'name': 'Spain'}}]",1.1.0,2,2,1,Regular Season,357,Estadio de Gran Canaria,214,Spain,2575.0,Santiago Jaime Latre,214.0,Spain
3825705,2015-12-30,19:30:00.000,2,0,available,unscheduled,2022-02-28T17:53:24.947314,,17,11,Spain,La Liga,27,2015/2016,322,Eibar,male,,214,Spain,"[{'id': 221, 'name': 'José Luis Mendilibar Etxebarria', 'nickname': 'José Luis Mendilibar', 'dob': '1961-03-14', 'country': {'id': 214, 'name': 'Spain'}}]",1041,Sporting Gijón,male,,214,Spain,"[{'id': 187, 'name': 'Abelardo Fernández Antuña', 'nickname': 'Abelardo', 'dob': '1970-04-19', 'country': {'id': 214, 'name': 'Spain'}}]",1.1.0,2,2,1,Regular Season,347,Estadio Municipal de Ipurúa,214,Spain,2535.0,Carlos Velasco Carballo,214.0,Spain
3825711,2015-12-30,19:15:00.000,0,2,available,unscheduled,2022-02-28T17:52:23.528107,,17,11,Spain,La Liga,27,2015/2016,360,Rayo Vallecano,male,,214,Spain,"[{'id': 220, 'name': 'Francisco Jémez Martín', 'nickname': 'Paco Jémez', 'dob': '1970-04-18', 'country': {'id': 214, 'name': 'Spain'}}]",212,Atlético Madrid,male,,214,Spain,"[{'id': 230, 'name': 'Diego Pablo Simeone', 'nickname': 'Diego Simeone', 'dob': '1970-04-28', 'country': {'id': 11, 'name': 'Argentina'}}]",1.1.0,2,2,1,Regular Season,4640,Estadio de Vallecas,214,Spain,2625.0,José María Sánchez Martínez,214.0,Spain
3825703,2015-12-20,19:15:00.000,2,0,available,unscheduled,2022-02-28T17:51:22.306678,,16,11,Spain,La Liga,27,2015/2016,215,Athletic Club,male,,214,Spain,"[{'id': 227, 'name': 'Ernesto Valverde Tejedor', 'nickname': 'Ernesto Valverde', 'dob': '1964-02-09', 'country': {'id': 214, 'name': 'Spain'}}]",221,Levante UD,male,,214,Spain,"[{'id': 677, 'name': 'Joan Francesc Ferrer Sicilia', 'nickname': 'Rubí', 'dob': '1970-02-05', 'country': {'id': 214, 'name': 'Spain'}}]",1.1.0,2,2,1,Regular Season,345,San Mamés Barria,214,Spain,2608.0,Alejandro José Hernández Hernández,214.0,Spain
3825700,2015-12-20,17:00:00.000,10,2,available,unscheduled,2022-02-28T17:50:11.660523,,16,11,Spain,La Liga,27,2015/2016,220,Real Madrid,male,,214,Spain,"[{'id': 148, 'name': 'Rafael Benítez Maudes', 'nickname': 'Rafael Benítez', 'dob': '1960-04-16', 'country': {'id': 214, 'name': 'Spain'}}]",360,Rayo Vallecano,male,,214,Spain,"[{'id': 220, 'name': 'Francisco Jémez Martín', 'nickname': 'Paco Jémez', 'dob': '1970-04-18', 'country': {'id': 214, 'name': 'Spain'}}]",1.1.0,2,2,1,Regular Season,353,Bernabéu,214,Spain,218.0,Ignacio Iglesias Villanueva,214.0,Spain
3825701,2015-12-20,21:30:00.000,1,0,available,unscheduled,2022-02-28T17:49:03.311589,,16,11,Spain,La Liga,27,2015/2016,223,Málaga,male,,214,Spain,"[{'id': 188, 'name': 'Javier Gracia Carlos', 'nickname': 'Javi Gracia', 'dob': '1970-05-01', 'country': {'id': 214, 'name': 'Spain'}}]",212,Atlético Madrid,male,,214,Spain,"[{'id': 230, 'name': 'Diego Pablo Simeone', 'nickname': 'Diego Simeone', 'dob': '1970-04-28', 'country': {'id': 11, 'name': 'Argentina'}}]",1.1.0,2,2,1,Regular Season,346,Estadio La Rosaleda,214,Spain,180.0,Antonio Miguel Mateu Lahoz,214.0,Spain
3825702,2015-12-20,19:15:00.000,0,2,available,unscheduled,2022-02-28T17:47:48.973489,,16,11,Spain,La Liga,27,2015/2016,210,Real Sociedad,male,,214,Spain,"[{'id': 229, 'name': 'Eusebio Sacristán Mena', 'nickname': 'Eusebio Sacristán', 'dob': '1964-04-13', 'country': {'id': 214, 'name': 'Spain'}}]",222,Villarreal,male,,214,Spain,"[{'id': 211, 'name': 'Marcelino García Toral', 'nickname': 'Marcelino', 'dob': '1965-08-14', 'country': {'id': 214, 'name': 'Spain'}}]",1.1.0,2,2,1,Regular Season,5043,Reale Arena,214,Spain,2728.0,Carlos del Cerro Grande,214.0,Spain
3825704,2015-12-20,19:15:00.000,0,2,available,unscheduled,2022-02-28T17:46:35.809644,,16,11,Spain,La Liga,27,2015/2016,1049,Granada,male,,214,Spain,"[{'id': 1617, 'name': 'José Ramón Sandoval Huertas', 'nickname': 'José Ramón Sandoval', 'dob': '1968-05-02', 'country': {'id': 214, 'name': 'Spain'}}]",209,Celta Vigo,male,,214,Spain,"[{'id': 385, 'name': 'Manuel Eduardo Berizzo', 'nickname': 'Eduardo Berizzo', 'dob': '1969-11-13', 'country': {'id': 11, 'name': 'Argentina'}}]",1.1.0,2,2,1,Regular Season,4667,Estadio Nuevo Los Cármenes,214,Spain,2434.0,Juan Martínez Munuera,214.0,Spain
3825891,2015-12-19,19:15:00.000,1,0,available,unscheduled,2022-02-28T17:45:31.174367,,16,11,Spain,La Liga,27,2015/2016,214,Espanyol,male,,214,Spain,"[{'id': 1816, 'name': 'Constantin Gâlcă', 'nickname': None, 'dob': '1972-03-08', 'country': {'id': 187, 'name': 'Romania'}}]",208,Las Palmas,male,,214,Spain,"[{'id': 238, 'name': 'Enrique Setién Solar', 'nickname': 'Quique Setién', 'dob': '1958-09-27', 'country': {'id': 214, 'name': 'Spain'}}]",1.1.0,2,2,1,Regular Season,351,Stage Front Stadium,214,Spain,2692.0,Mario Melero López,214.0,Spain
3825699,2015-12-19,21:30:00.000,0,0,available,unscheduled,2022-02-28T17:44:21.020208,,16,11,Spain,La Liga,27,2015/2016,218,Real Betis,male,,214,Spain,"[{'id': 57, 'name': 'José Mel Pérez', 'nickname': 'Pepe Mel', 'dob': '1963-02-28', 'country': {'id': 214, 'name': 'Spain'}}]",213,Sevilla,male,,214,Spain,"[{'id': 21, 'name': 'Unai Emery Etxegoien', 'nickname': 'Unai Emery', 'dob': '1971-11-03', 'country': {'id': 214, 'name': 'Spain'}}]",1.1.0,2,2,1,Regular Season,352,Estadio Benito Villamarín,214,Spain,1008.0,Carlos Clos Gómez,214.0,Spain
3825697,2015-12-19,17:00:00.000,2,2,available,unscheduled,2022-02-28T17:43:23.410634,,16,11,Spain,La Liga,27,2015/2016,207,Valencia,male,,214,Spain,"[{'id': 2449, 'name': 'Gary Neville', 'nickname': None, 'dob': '1975-02-18', 'country': {'id': 68, 'name': 'England'}}]",216,Getafe,male,,214,Spain,"[{'id': 509, 'name': 'Francisco Escriba Segura', 'nickname': 'Fran Escribá', 'dob': '1965-05-03', 'country': {'id': 214, 'name': 'Spain'}}]",1.1.0,2,2,1,Regular Season,344,Estadio de Mestalla,214,Spain,222.0,David Fernández Borbalan,214.0,Spain
3825698,2015-12-19,23:05:00.000,2,0,available,unscheduled,2022-02-28T17:42:11.184533,,16,11,Spain,La Liga,27,2015/2016,219,RC Deportivo La Coruña,male,,214,Spain,"[{'id': 3157, 'name': 'Víctor Sánchez del Amo', 'nickname': 'Víctor Sánchez', 'dob': '1976-02-23', 'country': {'id': 214, 'name': 'Spain'}}]",322,Eibar,male,,214,Spain,"[{'id': 221, 'name': 'José Luis Mendilibar Etxebarria', 'nickname': 'José Luis Mendilibar', 'dob': '1961-03-14', 'country': {'id': 214, 'name': 'Spain'}}]",1.1.0,2,2,1,Regular Season,4658,Estadio Abanca-Riazor,214,Spain,2604.0,Xavier Estrada Fernández,214.0,Spain
3825694,2015-12-13,17:00:00.000,1,1,available,unscheduled,2022-02-28T17:41:00.596595,,15,11,Spain,La Liga,27,2015/2016,322,Eibar,male,,214,Spain,"[{'id': 221, 'name': 'José Luis Mendilibar Etxebarria', 'nickname': 'José Luis Mendilibar', 'dob': '1961-03-14', 'country': {'id': 214, 'name': 'Spain'}}]",207,Valencia,male,,214,Spain,"[{'id': 2449, 'name': 'Gary Neville', 'nickname': None, 'dob': '1975-02-18', 'country': {'id': 68, 'name': 'England'}}]",1.1.0,2,2,1,Regular Season,347,Estadio Municipal de Ipurúa,214,Spain,211.0,José Luis González González,214.0,Spain
3825693,2015-12-13,19:15:00.000,2,1,available,unscheduled,2022-02-28T17:39:58.434264,,15,11,Spain,La Liga,27,2015/2016,212,Atlético Madrid,male,,214,Spain,"[{'id': 230, 'name': 'Diego Pablo Simeone', 'nickname': 'Diego Simeone', 'dob': '1970-04-28', 'country': {'id': 11, 'name': 'Argentina'}}]",215,Athletic Club,male,,214,Spain,"[{'id': 227, 'name': 'Ernesto Valverde Tejedor', 'nickname': 'Ernesto Valverde', 'dob': '1964-02-09', 'country': {'id': 214, 'name': 'Spain'}}]",1.1.0,2,2,1,Regular Season,625,Estadio Vicente Calderón,214,Spain,2434.0,Juan Martínez Munuera,214.0,Spain
3825696,2015-12-13,13:00:00.000,1,2,available,unscheduled,2022-02-28T17:38:42.303151,,15,11,Spain,La Liga,27,2015/2016,360,Rayo Vallecano,male,,214,Spain,"[{'id': 220, 'name': 'Francisco Jémez Martín', 'nickname': 'Paco Jémez', 'dob': '1970-04-18', 'country': {'id': 214, 'name': 'Spain'}}]",223,Málaga,male,,214,Spain,"[{'id': 188, 'name': 'Javier Gracia Carlos', 'nickname': 'Javi Gracia', 'dob': '1970-05-01', 'country': {'id': 214, 'name': 'Spain'}}]",1.1.0,2,2,1,Regular Season,4640,Estadio de Vallecas,214,Spain,1008.0,Carlos Clos Gómez,214.0,Spain
3825695,2015-12-13,21:30:00.000,1,0,available,unscheduled,2022-02-28T17:37:40.599914,,15,11,Spain,La Liga,27,2015/2016,222,Villarreal,male,,214,Spain,"[{'id': 211, 'name': 'Marcelino García Toral', 'nickname': 'Marcelino', 'dob': '1965-08-14', 'country': {'id': 214, 'name': 'Spain'}}]",220,Real Madrid,male,,214,Spain,"[{'id': 148, 'name': 'Rafael Benítez Maudes', 'nickname': 'Rafael Benítez', 'dob': '1960-04-16', 'country': {'id': 214, 'name': 'Spain'}}]",1.1.0,2,2,1,Regular Season,361,Estadio de la Cerámica,214,Spain,221.0,Alberto Undiano Mallenco,214.0,Spain
3825689,2015-12-12,19:15:00.000,1,0,available,unscheduled,2022-02-28T17:36:29.188879,,15,11,Spain,La Liga,27,2015/2016,209,Celta Vigo,male,,214,Spain,"[{'id': 385, 'name': 'Manuel Eduardo Berizzo', 'nickname': 'Eduardo Berizzo', 'dob': '1969-11-13', 'country': {'id': 11, 'name': 'Argentina'}}]",214,Espanyol,male,,214,Spain,"[{'id': 576, 'name': 'Sergio González Soriano', 'nickname': 'Sergio', 'dob': '1976-11-10', 'country': {'id': 214, 'name': 'Spain'}}]",1.1.0,2,2,1,Regular Season,653,Abanca-Balaídos,214,Spain,222.0,David Fernández Borbalan,214.0,Spain
3825690,2015-12-12,23:05:00.000,1,0,available,unscheduled,2022-02-28T17:35:26.222828,,15,11,Spain,La Liga,27,2015/2016,208,Las Palmas,male,,214,Spain,"[{'id': 238, 'name': 'Enrique Setién Solar', 'nickname': 'Quique Setién', 'dob': '1958-09-27', 'country': {'id': 214, 'name': 'Spain'}}]",218,Real Betis,male,,214,Spain,"[{'id': 57, 'name': 'José Mel Pérez', 'nickname': 'Pepe Mel', 'dob': '1963-02-28', 'country': {'id': 214, 'name': 'Spain'}}]",1.1.0,2,2,1,Regular Season,357,Estadio de Gran Canaria,214,Spain,183.0,Jesús Gil Manzano,214.0,Spain
3825692,2015-12-12,21:30:00.000,2,0,available,unscheduled,2022-02-28T17:34:14.983222,,15,11,Spain,La Liga,27,2015/2016,213,Sevilla,male,,214,Spain,"[{'id': 21, 'name': 'Unai Emery Etxegoien', 'nickname': 'Unai Emery', 'dob': '1971-11-03', 'country': {'id': 214, 'name': 'Spain'}}]",1041,Sporting Gijón,male,,214,Spain,"[{'id': 187, 'name': 'Abelardo Fernández Antuña', 'nickname': 'Abelardo', 'dob': '1970-04-19', 'country': {'id': 214, 'name': 'Spain'}}]",1.1.0,2,2,1,Regular Season,349,Estadio Ramón Sánchez Pizjuán,214,Spain,2728.0,Carlos del Cerro Grande,214.0,Spain
3825691,2015-12-12,19:15:00.000,1,2,available,unscheduled,2022-02-28T17:33:07.335256,,15,11,Spain,La Liga,27,2015/2016,221,Levante UD,male,,214,Spain,"[{'id': 677, 'name': 'Joan Francesc Ferrer Sicilia', 'nickname': 'Rubí', 'dob': '1970-02-05', 'country': {'id': 214, 'name': 'Spain'}}]",1049,Granada,male,,214,Spain,"[{'id': 1617, 'name': 'José Ramón Sandoval Huertas', 'nickname': 'José Ramón Sandoval', 'dob': '1968-05-02', 'country': {'id': 214, 'name': 'Spain'}}]",1.1.0,2,2,1,Regular Season,350,Estadio Ciudad de Valencia,214,Spain,2480.0,Iñaki Bikandi Garrido,214.0,Spain
3825688,2015-12-11,21:30:00.000,1,1,available,unscheduled,2022-02-28T17:31:56.131944,,15,11,Spain,La Liga,27,2015/2016,216,Getafe,male,,214,Spain,"[{'id': 509, 'name': 'Francisco Escriba Segura', 'nickname': 'Fran Escribá', 'dob': '1965-05-03', 'country': {'id': 214, 'name': 'Spain'}}]",210,Real Sociedad,male,,214,Spain,"[{'id': 229, 'name': 'Eusebio Sacristán Mena', 'nickname': 'Eusebio Sacristán', 'dob': '1964-04-13', 'country': {'id': 214, 'name': 'Spain'}}]",1.1.0,2,2,1,Regular Season,354,Coliseum Alfonso Pérez,214,Spain,1015.0,Pedro Jesús Pérez Montero,214.0,Spain
3825687,2015-12-07,21:30:00.000,1,1,available,unscheduled,2022-02-28T17:30:44.504835,,14,11,Spain,La Liga,27,2015/2016,214,Espanyol,male,,214,Spain,"[{'id': 576, 'name': 'Sergio González Soriano', 'nickname': 'Sergio', 'dob': '1976-11-10', 'country': {'id': 214, 'name': 'Spain'}}]",221,Levante UD,male,,214,Spain,"[{'id': 677, 'name': 'Joan Francesc Ferrer Sicilia', 'nickname': 'Rubí', 'dob': '1970-02-05', 'country': {'id': 214, 'name': 'Spain'}}]",1.1.0,2,2,1,Regular Season,351,Stage Front Stadium,214,Spain,2535.0,Carlos Velasco Carballo,214.0,Spain
3825683,2015-12-06,13:00:00.000,2,1,available,unscheduled,2022-02-28T17:28:30.972309,,14,11,Spain,La Liga,27,2015/2016,210,Real Sociedad,male,,214,Spain,"[{'id': 229, 'name': 'Eusebio Sacristán Mena', 'nickname': 'Eusebio Sacristán', 'dob': '1964-04-13', 'country': {'id': 214, 'name': 'Spain'}}]",322,Eibar,male,,214,Spain,"[{'id': 221, 'name': 'José Luis Mendilibar Etxebarria', 'nickname': 'José Luis Mendilibar', 'dob': '1961-03-14', 'country': {'id': 214, 'name': 'Spain'}}]",1.1.0,2,2,1,Regular Season,5043,Reale Arena,214,Spain,2692.0,Mario Melero López,214.0,Spain
3825686,2015-12-06,21:30:00.000,0,0,available,unscheduled,2022-02-28T17:27:29.078878,,14,11,Spain,La Liga,27,2015/2016,215,Athletic Club,male,,214,Spain,"[{'id': 227, 'name': 'Ernesto Valverde Tejedor', 'nickname': 'Ernesto Valverde', 'dob': '1964-02-09', 'country': {'id': 214, 'name': 'Spain'}}]",223,Málaga,male,,214,Spain,"[{'id': 188, 'name': 'Javier Gracia Carlos', 'nickname': 'Javi Gracia', 'dob': '1970-05-01', 'country': {'id': 214, 'name': 'Spain'}}]",1.1.0,2,2,1,Regular Season,345,San Mamés Barria,214,Spain,212.0,Alfonso Álvarez Izquierdo,214.0,Spain
3825684,2015-12-06,17:00:00.000,2,1,available,unscheduled,2022-02-28T17:26:28.341665,,14,11,Spain,La Liga,27,2015/2016,222,Villarreal,male,,214,Spain,"[{'id': 211, 'name': 'Marcelino García Toral', 'nickname': 'Marcelino', 'dob': '1965-08-14', 'country': {'id': 214, 'name': 'Spain'}}]",360,Rayo Vallecano,male,,214,Spain,"[{'id': 220, 'name': 'Francisco Jémez Martín', 'nickname': 'Paco Jémez', 'dob': '1970-04-18', 'country': {'id': 214, 'name': 'Spain'}}]",1.1.0,2,2,1,Regular Season,361,Estadio de la Cerámica,214,Spain,2604.0,Xavier Estrada Fernández,214.0,Spain
3825681,2015-12-05,17:00:00.000,4,1,available,unscheduled,2022-02-28T17:25:20.917523,,14,11,Spain,La Liga,27,2015/2016,220,Real Madrid,male,,214,Spain,"[{'id': 148, 'name': 'Rafael Benítez Maudes', 'nickname': 'Rafael Benítez', 'dob': '1960-04-16', 'country': {'id': 214, 'name': 'Spain'}}]",216,Getafe,male,,214,Spain,"[{'id': 509, 'name': 'Francisco Escriba Segura', 'nickname': 'Fran Escribá', 'dob': '1965-05-03', 'country': {'id': 214, 'name': 'Spain'}}]",1.1.0,2,2,1,Regular Season,353,Bernabéu,214,Spain,180.0,Antonio Miguel Mateu Lahoz,214.0,Spain
3825682,2015-12-05,19:15:00.000,0,2,available,unscheduled,2022-02-28T17:24:03.398879,,14,11,Spain,La Liga,27,2015/2016,1049,Granada,male,,214,Spain,"[{'id': 1617, 'name': 'José Ramón Sandoval Huertas', 'nickname': 'José Ramón Sandoval', 'dob': '1968-05-02', 'country': {'id': 214, 'name': 'Spain'}}]",212,Atlético Madrid,male,,214,Spain,"[{'id': 230, 'name': 'Diego Pablo Simeone', 'nickname': 'Diego Simeone', 'dob': '1970-04-28', 'country': {'id': 11, 'name': 'Argentina'}}]",1.1.0,2,2,1,Regular Season,4667,Estadio Nuevo Los Cármenes,214,Spain,2419.0,Eduardo Prieto Iglesias,214.0,Spain
3825680,2015-12-05,23:00:00.000,1,1,available,unscheduled,2022-02-28T17:22:48.163839,,14,11,Spain,La Liga,27,2015/2016,219,RC Deportivo La Coruña,male,,214,Spain,"[{'id': 3157, 'name': 'Víctor Sánchez del Amo', 'nickname': 'Víctor Sánchez', 'dob': '1976-02-23', 'country': {'id': 214, 'name': 'Spain'}}]",213,Sevilla,male,,214,Spain,"[{'id': 21, 'name': 'Unai Emery Etxegoien', 'nickname': 'Unai Emery', 'dob': '1971-11-03', 'country': {'id': 214, 'name': 'Spain'}}]",1.1.0,2,2,1,Regular Season,4658,Estadio Abanca-Riazor,214,Spain,2602.0,Ricardo De Burgos Bengoetxea,214.0,Spain
3825677,2015-11-29,21:30:00.000,1,0,available,unscheduled,2022-02-28T17:19:27.933100,,13,11,Spain,La Liga,27,2015/2016,213,Sevilla,male,,214,Spain,"[{'id': 21, 'name': 'Unai Emery Etxegoien', 'nickname': 'Unai Emery', 'dob': '1971-11-03', 'country': {'id': 214, 'name': 'Spain'}}]",207,Valencia,male,,214,Spain,"[{'id': 396, 'name': 'Nuno Herlander Simões Espírito Santo', 'nickname': 'Nuno Espírito Santo', 'dob': '1974-01-25', 'country': {'id': 183, 'name': 'Portugal'}}]",1.1.0,2,2,1,Regular Season,349,Estadio Ramón Sánchez Pizjuán,214,Spain,2535.0,Carlos Velasco Carballo,214.0,Spain
3825675,2015-11-29,19:15:00.000,0,3,available,unscheduled,2022-02-28T17:18:26.103612,,13,11,Spain,La Liga,27,2015/2016,360,Rayo Vallecano,male,,214,Spain,"[{'id': 220, 'name': 'Francisco Jémez Martín', 'nickname': 'Paco Jémez', 'dob': '1970-04-18', 'country': {'id': 214, 'name': 'Spain'}}]",215,Athletic Club,male,,214,Spain,"[{'id': 227, 'name': 'Ernesto Valverde Tejedor', 'nickname': 'Ernesto Valverde', 'dob': '1964-02-09', 'country': {'id': 214, 'name': 'Spain'}}]",1.1.0,2,2,1,Regular Season,4640,Estadio de Vallecas,214,Spain,2608.0,Alejandro José Hernández Hernández,214.0,Spain
3825676,2015-11-29,13:00:00.000,2,0,available,unscheduled,2022-02-28T17:17:18.068746,,13,11,Spain,La Liga,27,2015/2016,216,Getafe,male,,214,Spain,"[{'id': 509, 'name': 'Francisco Escriba Segura', 'nickname': 'Fran Escribá', 'dob': '1965-05-03', 'country': {'id': 214, 'name': 'Spain'}}]",222,Villarreal,male,,214,Spain,"[{'id': 211, 'name': 'Marcelino García Toral', 'nickname': 'Marcelino', 'dob': '1965-08-14', 'country': {'id': 214, 'name': 'Spain'}}]",1.1.0,2,2,1,Regular Season,354,Coliseum Alfonso Pérez,214,Spain,211.0,José Luis González González,214.0,Spain
3825674,2015-11-28,19:15:00.000,1,0,available,unscheduled,2024-08-21T09:45:51.396148,,13,11,Spain,La Liga,27,2015/2016,212,Atlético Madrid,male,,214,Spain,"[{'id': 230, 'name': 'Diego Pablo Simeone', 'nickname': 'Diego Simeone', 'dob': '1970-04-28', 'country': {'id': 11, 'name': 'Argentina'}}]",214,Espanyol,male,,214,Spain,"[{'id': 576, 'name': 'Sergio González Soriano', 'nickname': 'Sergio', 'dob': '1976-11-10', 'country': {'id': 214, 'name': 'Spain'}}]",1.1.0,2,2,1,Regular Season,625,Estadio Vicente Calderón,214,Spain,2480.0,Iñaki Bikandi Garrido,214.0,Spain
3825673,2015-11-28,23:00:00.000,0,2,available,unscheduled,2022-02-28T17:15:07.296136,,13,11,Spain,La Liga,27,2015/2016,208,Las Palmas,male,,214,Spain,"[{'id': 238, 'name': 'Enrique Setién Solar', 'nickname': 'Quique Setién', 'dob': '1958-09-27', 'country': {'id': 214, 'name': 'Spain'}}]",219,RC Deportivo La Coruña,male,,214,Spain,"[{'id': 3157, 'name': 'Víctor Sánchez del Amo', 'nickname': 'Víctor Sánchez', 'dob': '1976-02-23', 'country': {'id': 214, 'name': 'Spain'}}]",1.1.0,2,2,1,Regular Season,357,Estadio de Gran Canaria,214,Spain,1008.0,Carlos Clos Gómez,214.0,Spain
3825671,2015-11-28,23:05:00.000,2,1,available,unscheduled,2022-02-28T17:13:55.408623,,13,11,Spain,La Liga,27,2015/2016,209,Celta Vigo,male,,214,Spain,"[{'id': 385, 'name': 'Manuel Eduardo Berizzo', 'nickname': 'Eduardo Berizzo', 'dob': '1969-11-13', 'country': {'id': 11, 'name': 'Argentina'}}]",1041,Sporting Gijón,male,,214,Spain,"[{'id': 187, 'name': 'Abelardo Fernández Antuña', 'nickname': 'Abelardo', 'dob': '1970-04-19', 'country': {'id': 214, 'name': 'Spain'}}]",1.1.0,2,2,1,Regular Season,653,Abanca-Balaídos,214,Spain,2575.0,Santiago Jaime Latre,214.0,Spain
3825672,2015-11-28,21:30:00.000,2,2,available,unscheduled,2022-02-28T17:12:47.356538,,13,11,Spain,La Liga,27,2015/2016,223,Málaga,male,,214,Spain,"[{'id': 188, 'name': 'Javier Gracia Carlos', 'nickname': 'Javi Gracia', 'dob': '1970-05-01', 'country': {'id': 214, 'name': 'Spain'}}]",1049,Granada,male,,214,Spain,"[{'id': 1617, 'name': 'José Ramón Sandoval Huertas', 'nickname': 'José Ramón Sandoval', 'dob': '1968-05-02', 'country': {'id': 214, 'name': 'Spain'}}]",1.1.0,2,2,1,Regular Season,346,Estadio La Rosaleda,214,Spain,2604.0,Xavier Estrada Fernández,214.0,Spain
3825670,2015-11-27,21:30:00.000,0,1,available,unscheduled,2022-02-28T17:11:56.627004,,13,11,Spain,La Liga,27,2015/2016,221,Levante UD,male,,214,Spain,"[{'id': 677, 'name': 'Joan Francesc Ferrer Sicilia', 'nickname': 'Rubí', 'dob': '1970-02-05', 'country': {'id': 214, 'name': 'Spain'}}]",218,Real Betis,male,,214,Spain,"[{'id': 57, 'name': 'José Mel Pérez', 'nickname': 'Pepe Mel', 'dob': '1963-02-28', 'country': {'id': 214, 'name': 'Spain'}}]",1.1.0,2,2,1,Regular Season,350,Estadio Ciudad de Valencia,214,Spain,2625.0,José María Sánchez Martínez,214.0,Spain
3825669,2015-11-23,21:30:00.000,1,1,available,unscheduled,2022-02-28T17:10:46.330060,,12,11,Spain,La Liga,27,2015/2016,216,Getafe,male,,214,Spain,"[{'id': 509, 'name': 'Francisco Escriba Segura', 'nickname': 'Fran Escribá', 'dob': '1965-05-03', 'country': {'id': 214, 'name': 'Spain'}}]",360,Rayo Vallecano,male,,214,Spain,"[{'id': 220, 'name': 'Francisco Jémez Martín', 'nickname': 'Paco Jémez', 'dob': '1970-04-18', 'country': {'id': 214, 'name': 'Spain'}}]",1.1.0,2,2,1,Regular Season,354,Coliseum Alfonso Pérez,214,Spain,2602.0,Ricardo De Burgos Bengoetxea,214.0,Spain
3825668,2015-11-22,13:00:00.000,0,3,available,unscheduled,2022-02-28T17:09:40.472922,,12,11,Spain,La Liga,27,2015/2016,1041,Sporting Gijón,male,,214,Spain,"[{'id': 187, 'name': 'Abelardo Fernández Antuña', 'nickname': 'Abelardo', 'dob': '1970-04-19', 'country': {'id': 214, 'name': 'Spain'}}]",221,Levante UD,male,,214,Spain,"[{'id': 677, 'name': 'Joan Francesc Ferrer Sicilia', 'nickname': 'Rubí', 'dob': '1970-02-05', 'country': {'id': 214, 'name': 'Spain'}}]",1.1.0,2,2,1,Regular Season,4656,Estadio Municipal El Molinón,214,Spain,2692.0,Mario Melero López,214.0,Spain
3825666,2015-11-22,21:30:00.000,0,1,available,unscheduled,2022-02-28T17:08:34.539131,,12,11,Spain,La Liga,27,2015/2016,218,Real Betis,male,,214,Spain,"[{'id': 57, 'name': 'José Mel Pérez', 'nickname': 'Pepe Mel', 'dob': '1963-02-28', 'country': {'id': 214, 'name': 'Spain'}}]",212,Atlético Madrid,male,,214,Spain,"[{'id': 230, 'name': 'Diego Pablo Simeone', 'nickname': 'Diego Simeone', 'dob': '1970-04-28', 'country': {'id': 11, 'name': 'Argentina'}}]",1.1.0,2,2,1,Regular Season,352,Estadio Benito Villamarín,214,Spain,2575.0,Santiago Jaime Latre,214.0,Spain
3825665,2015-11-22,19:15:00.000,2,0,available,unscheduled,2022-02-28T17:07:17.500352,,12,11,Spain,La Liga,27,2015/2016,1049,Granada,male,,214,Spain,"[{'id': 1617, 'name': 'José Ramón Sandoval Huertas', 'nickname': 'José Ramón Sandoval', 'dob': '1968-05-02', 'country': {'id': 214, 'name': 'Spain'}}]",215,Athletic Club,male,,214,Spain,"[{'id': 227, 'name': 'Ernesto Valverde Tejedor', 'nickname': 'Ernesto Valverde', 'dob': '1964-02-09', 'country': {'id': 214, 'name': 'Spain'}}]",1.1.0,2,2,1,Regular Season,4667,Estadio Nuevo Los Cármenes,214,Spain,2728.0,Carlos del Cerro Grande,214.0,Spain
3825667,2015-11-22,17:00:00.000,1,1,available,unscheduled,2022-02-28T17:06:16.539475,,12,11,Spain,La Liga,27,2015/2016,222,Villarreal,male,,214,Spain,"[{'id': 211, 'name': 'Marcelino García Toral', 'nickname': 'Marcelino', 'dob': '1965-08-14', 'country': {'id': 214, 'name': 'Spain'}}]",322,Eibar,male,,214,Spain,"[{'id': 221, 'name': 'José Luis Mendilibar Etxebarria', 'nickname': 'José Luis Mendilibar', 'dob': '1961-03-14', 'country': {'id': 214, 'name': 'Spain'}}]",1.1.0,2,2,1,Regular Season,361,Estadio de la Cerámica,214,Spain,2419.0,Eduardo Prieto Iglesias,214.0,Spain
3825664,2015-11-21,17:00:00.000,2,0,available,unscheduled,2022-02-28T17:05:06.697034,,12,11,Spain,La Liga,27,2015/2016,210,Real Sociedad,male,,214,Spain,"[{'id': 229, 'name': 'Eusebio Sacristán Mena', 'nickname': 'Eusebio Sacristán', 'dob': '1964-04-13', 'country': {'id': 214, 'name': 'Spain'}}]",213,Sevilla,male,,214,Spain,"[{'id': 21, 'name': 'Unai Emery Etxegoien', 'nickname': 'Unai Emery', 'dob': '1971-11-03', 'country': {'id': 214, 'name': 'Spain'}}]",1.1.0,2,2,1,Regular Season,5043,Reale Arena,214,Spain,180.0,Antonio Miguel Mateu Lahoz,214.0,Spain
3825662,2015-11-21,23:05:00.000,2,0,available,unscheduled,2022-02-28T17:03:56.226992,,12,11,Spain,La Liga,27,2015/2016,219,RC Deportivo La Coruña,male,,214,Spain,"[{'id': 3157, 'name': 'Víctor Sánchez del Amo', 'nickname': 'Víctor Sánchez', 'dob': '1976-02-23', 'country': {'id': 214, 'name': 'Spain'}}]",209,Celta Vigo,male,,214,Spain,"[{'id': 385, 'name': 'Manuel Eduardo Berizzo', 'nickname': 'Eduardo Berizzo', 'dob': '1969-11-13', 'country': {'id': 11, 'name': 'Argentina'}}]",1.1.0,2,2,1,Regular Season,4658,Estadio Abanca-Riazor,214,Spain,212.0,Alfonso Álvarez Izquierdo,214.0,Spain
3825888,2015-11-21,23:00:00.000,1,1,available,unscheduled,2022-02-28T17:02:49.848884,,12,11,Spain,La Liga,27,2015/2016,207,Valencia,male,,214,Spain,"[{'id': 396, 'name': 'Nuno Herlander Simões Espírito Santo', 'nickname': 'Nuno Espírito Santo', 'dob': '1974-01-25', 'country': {'id': 183, 'name': 'Portugal'}}]",208,Las Palmas,male,,214,Spain,"[{'id': 238, 'name': 'Enrique Setién Solar', 'nickname': 'Quique Setién', 'dob': '1958-09-27', 'country': {'id': 214, 'name': 'Spain'}}]",1.1.0,2,2,1,Regular Season,344,Estadio de Mestalla,214,Spain,1015.0,Pedro Jesús Pérez Montero,214.0,Spain
3825663,2015-11-21,21:30:00.000,2,0,available,unscheduled,2022-02-28T17:01:28.119702,,12,11,Spain,La Liga,27,2015/2016,214,Espanyol,male,,214,Spain,"[{'id': 576, 'name': 'Sergio González Soriano', 'nickname': 'Sergio', 'dob': '1976-11-10', 'country': {'id': 214, 'name': 'Spain'}}]",223,Málaga,male,,214,Spain,"[{'id': 188, 'name': 'Javier Gracia Carlos', 'nickname': 'Javi Gracia', 'dob': '1970-05-01', 'country': {'id': 214, 'name': 'Spain'}}]",1.1.0,2,2,1,Regular Season,351,Stage Front Stadium,214,Spain,2434.0,Juan Martínez Munuera,214.0,Spain
3825659,2015-11-08,13:00:00.000,2,1,available,unscheduled,2022-02-28T17:00:20.368780,,11,11,Spain,La Liga,27,2015/2016,215,Athletic Club,male,,214,Spain,"[{'id': 227, 'name': 'Ernesto Valverde Tejedor', 'nickname': 'Ernesto Valverde', 'dob': '1964-02-09', 'country': {'id': 214, 'name': 'Spain'}}]",214,Espanyol,male,,214,Spain,"[{'id': 576, 'name': 'Sergio González Soriano', 'nickname': 'Sergio', 'dob': '1976-11-10', 'country': {'id': 214, 'name': 'Spain'}}]",1.1.0,2,2,1,Regular Season,345,San Mamés Barria,214,Spain,221.0,Alberto Undiano Mallenco,214.0,Spain
3825658,2015-11-08,19:15:00.000,1,0,available,unscheduled,2022-02-28T16:59:23.929282,,11,11,Spain,La Liga,27,2015/2016,212,Atlético Madrid,male,,214,Spain,"[{'id': 230, 'name': 'Diego Pablo Simeone', 'nickname': 'Diego Simeone', 'dob': '1970-04-28', 'country': {'id': 11, 'name': 'Argentina'}}]",1041,Sporting Gijón,male,,214,Spain,"[{'id': 187, 'name': 'Abelardo Fernández Antuña', 'nickname': 'Abelardo', 'dob': '1970-04-19', 'country': {'id': 214, 'name': 'Spain'}}]",1.1.0,2,2,1,Regular Season,625,Estadio Vicente Calderón,214,Spain,2604.0,Xavier Estrada Fernández,214.0,Spain
3825660,2015-11-08,17:00:00.000,3,0,available,unscheduled,2022-02-28T16:58:10.853647,,11,11,Spain,La Liga,27,2015/2016,217,Barcelona,male,,214,Spain,"[{'id': 793, 'name': 'Luis Enrique Martínez García', 'nickname': 'Luis Enrique', 'dob': '1970-05-08', 'country': {'id': 214, 'name': 'Spain'}}]",222,Villarreal,male,,214,Spain,"[{'id': 211, 'name': 'Marcelino García Toral', 'nickname': 'Marcelino', 'dob': '1965-08-14', 'country': {'id': 214, 'name': 'Spain'}}]",1.1.0,2,2,1,Regular Season,342,Spotify Camp Nou,214,Spain,1008.0,Carlos Clos Gómez,214.0,Spain
3825661,2015-11-08,21:30:00.000,3,2,available,unscheduled,2022-02-28T16:56:54.006920,,11,11,Spain,La Liga,27,2015/2016,213,Sevilla,male,,214,Spain,"[{'id': 21, 'name': 'Unai Emery Etxegoien', 'nickname': 'Unai Emery', 'dob': '1971-11-03', 'country': {'id': 214, 'name': 'Spain'}}]",220,Real Madrid,male,,214,Spain,"[{'id': 148, 'name': 'Rafael Benítez Maudes', 'nickname': 'Rafael Benítez', 'dob': '1960-04-16', 'country': {'id': 214, 'name': 'Spain'}}]",1.1.0,2,2,1,Regular Season,349,Estadio Ramón Sánchez Pizjuán,214,Spain,211.0,José Luis González González,214.0,Spain
3825656,2015-11-07,19:15:00.000,1,1,available,unscheduled,2022-02-28T16:55:36.452986,,11,11,Spain,La Liga,27,2015/2016,221,Levante UD,male,,214,Spain,"[{'id': 677, 'name': 'Joan Francesc Ferrer Sicilia', 'nickname': 'Rubí', 'dob': '1970-02-05', 'country': {'id': 214, 'name': 'Spain'}}]",219,RC Deportivo La Coruña,male,,214,Spain,"[{'id': 3157, 'name': 'Víctor Sánchez del Amo', 'nickname': 'Víctor Sánchez', 'dob': '1976-02-23', 'country': {'id': 214, 'name': 'Spain'}}]",1.1.0,2,2,1,Regular Season,350,Estadio Ciudad de Valencia,214,Spain,2728.0,Carlos del Cerro Grande,214.0,Spain
3825657,2015-11-07,23:05:00.000,0,1,available,unscheduled,2022-02-28T16:54:26.078731,,11,11,Spain,La Liga,27,2015/2016,223,Málaga,male,,214,Spain,"[{'id': 188, 'name': 'Javier Gracia Carlos', 'nickname': 'Javi Gracia', 'dob': '1970-05-01', 'country': {'id': 214, 'name': 'Spain'}}]",218,Real Betis,male,,214,Spain,"[{'id': 57, 'name': 'José Mel Pérez', 'nickname': 'Pepe Mel', 'dob': '1963-02-28', 'country': {'id': 214, 'name': 'Spain'}}]",1.1.0,2,2,1,Regular Season,346,Estadio La Rosaleda,214,Spain,2419.0,Eduardo Prieto Iglesias,214.0,Spain
3825652,2015-11-06,21:30:00.000,2,0,available,unscheduled,2022-02-28T16:53:18.796269,,11,11,Spain,La Liga,27,2015/2016,208,Las Palmas,male,,214,Spain,"[{'id': 238, 'name': 'Enrique Setién Solar', 'nickname': 'Quique Setién', 'dob': '1958-09-27', 'country': {'id': 214, 'name': 'Spain'}}]",210,Real Sociedad,male,,214,Spain,"[{'id': 86, 'name': 'David Moyes', 'nickname': None, 'dob': '1963-04-25', 'country': {'id': 201, 'name': 'Scotland'}}]",1.1.0,2,2,1,Regular Season,357,Estadio de Gran Canaria,214,Spain,2535.0,Carlos Velasco Carballo,214.0,Spain
3825623,2015-10-17,22:00:00.000,3,0,available,unscheduled,2022-08-30T10:44:29.473229,,8,11,Spain,La Liga,27,2015/2016,207,Valencia,male,,214,Spain,"[{'id': 396, 'name': 'Nuno Herlander Simões Espírito Santo', 'nickname': 'Nuno Espírito Santo', 'dob': '1974-01-25', 'country': {'id': 183, 'name': 'Portugal'}}]",223,Málaga,male,,214,Spain,"[{'id': 188, 'name': 'Javier Gracia Carlos', 'nickname': 'Javi Gracia', 'dob': '1970-05-01', 'country': {'id': 214, 'name': 'Spain'}}]",1.1.0,2,2,1,Regular Season,344,Estadio de Mestalla,214,Spain,2608.0,Alejandro José Hernández Hernández,214.0,Spain
3825626,2015-10-17,22:05:00.000,1,3,available,unscheduled,2022-02-28T16:35:41.838171,,8,11,Spain,La Liga,27,2015/2016,218,Real Betis,male,,214,Spain,"[{'id': 57, 'name': 'José Mel Pérez', 'nickname': 'Pepe Mel', 'dob': '1963-02-28', 'country': {'id': 214, 'name': 'Spain'}}]",214,Espanyol,male,,214,Spain,"[{'id': 576, 'name': 'Sergio González Soriano', 'nickname': 'Sergio', 'dob': '1976-11-10', 'country': {'id': 214, 'name': 'Spain'}}]",1.1.0,2,2,1,Regular Season,352,Estadio Benito Villamarín,214,Spain,2602.0,Ricardo De Burgos Bengoetxea,214.0,Spain
3825616,2015-10-03,22:05:00.000,3,1,available,unscheduled,2022-02-28T16:29:03.136377,,7,11,Spain,La Liga,27,2015/2016,223,Málaga,male,,214,Spain,"[{'id': 188, 'name': 'Javier Gracia Carlos', 'nickname': 'Javi Gracia', 'dob': '1970-05-01', 'country': {'id': 214, 'name': 'Spain'}}]",210,Real Sociedad,male,,214,Spain,"[{'id': 86, 'name': 'David Moyes', 'nickname': None, 'dob': '1963-04-25', 'country': {'id': 201, 'name': 'Scotland'}}]",1.1.0,2,2,1,Regular Season,346,Estadio La Rosaleda,214,Spain,2728.0,Carlos del Cerro Grande,214.0,Spain
3825608,2015-09-26,22:05:00.000,1,1,available,unscheduled,2022-02-28T16:22:58.091493,,6,11,Spain,La Liga,27,2015/2016,322,Eibar,male,,214,Spain,"[{'id': 221, 'name': 'José Luis Mendilibar Etxebarria', 'nickname': 'José Luis Mendilibar', 'dob': '1961-03-14', 'country': {'id': 214, 'name': 'Spain'}}]",209,Celta Vigo,male,,214,Spain,"[{'id': 385, 'name': 'Manuel Eduardo Berizzo', 'nickname': 'Eduardo Berizzo', 'dob': '1969-11-13', 'country': {'id': 11, 'name': 'Argentina'}}]",1.1.0,2,2,1,Regular Season,347,Estadio Municipal de Ipurúa,214,Spain,1015.0,Pedro Jesús Pérez Montero,214.0,Spain
3825601,2015-09-23,20:00:00.000,2,1,available,unscheduled,2022-08-30T10:36:55.275376,,5,11,Spain,La Liga,27,2015/2016,360,Rayo Vallecano,male,,214,Spain,"[{'id': 220, 'name': 'Francisco Jémez Martín', 'nickname': 'Paco Jémez', 'dob': '1970-04-18', 'country': {'id': 214, 'name': 'Spain'}}]",1041,Sporting Gijón,male,,214,Spain,"[{'id': 187, 'name': 'Abelardo Fernández Antuña', 'nickname': 'Abelardo', 'dob': '1970-04-19', 'country': {'id': 214, 'name': 'Spain'}}]",1.1.0,2,2,1,Regular Season,4640,Estadio de Vallecas,214,Spain,2480.0,Iñaki Bikandi Garrido,214.0,Spain
3825899,2016-04-24,18:15:00.000,2,2,available,unscheduled,2022-08-30T12:45:23.767392,,35,11,Spain,La Liga,27,2015/2016,216,Getafe,male,,214,Spain,"[{'id': 1001036, 'name': 'Juan Eduardo Esnáider Belén', 'nickname': None, 'dob': '1973-03-05', 'country': {'id': 11, 'name': 'Argentina'}}]",207,Valencia,male,,214,Spain,"[{'id': 618, 'name': 'Francisco Martín Ayestarán Barandiarán', 'nickname': 'Pako Ayestarán', 'dob': '1963-02-05', 'country': {'id': 214, 'name': 'Spain'}}]",1.1.0,2,2,1,Regular Season,354,Coliseum Alfonso Pérez,214,Spain,2602.0,Ricardo De Burgos Bengoetxea,214.0,Spain
3825852,2016-04-16,18:15:00.000,1,1,available,unscheduled,2022-05-25T13:46:10.459042,,33,11,Spain,La Liga,27,2015/2016,208,Las Palmas,male,,214,Spain,"[{'id': 238, 'name': 'Enrique Setién Solar', 'nickname': 'Quique Setién', 'dob': '1958-09-27', 'country': {'id': 214, 'name': 'Spain'}}]",1041,Sporting Gijón,male,,214,Spain,"[{'id': 187, 'name': 'Abelardo Fernández Antuña', 'nickname': 'Abelardo', 'dob': '1970-04-19', 'country': {'id': 214, 'name': 'Spain'}}]",1.1.0,2,2,1,Regular Season,357,Estadio de Gran Canaria,214,Spain,221.0,Alberto Undiano Mallenco,214.0,Spain
3825647,2015-10-31,19:15:00.000,3,0,available,unscheduled,2022-02-14T14:55:12.175755,,10,11,Spain,La Liga,27,2015/2016,207,Valencia,male,,214,Spain,"[{'id': 396, 'name': 'Nuno Herlander Simões Espírito Santo', 'nickname': 'Nuno Espírito Santo', 'dob': '1974-01-25', 'country': {'id': 183, 'name': 'Portugal'}}]",221,Levante UD,male,,214,Spain,"[{'id': 677, 'name': 'Joan Francesc Ferrer Sicilia', 'nickname': 'Rubí', 'dob': '1970-02-05', 'country': {'id': 214, 'name': 'Spain'}}]",1.1.0,2,2,1,Regular Season,344,Estadio de Mestalla,214,Spain,2602.0,Ricardo De Burgos Bengoetxea,214.0,Spain
3825637,2015-10-25,19:15:00.000,3,1,available,unscheduled,2022-02-14T14:44:25.324498,,9,11,Spain,La Liga,27,2015/2016,217,Barcelona,male,,214,Spain,"[{'id': 793, 'name': 'Luis Enrique Martínez García', 'nickname': 'Luis Enrique', 'dob': '1970-05-08', 'country': {'id': 214, 'name': 'Spain'}}]",322,Eibar,male,,214,Spain,"[{'id': 221, 'name': 'José Luis Mendilibar Etxebarria', 'nickname': 'José Luis Mendilibar', 'dob': '1961-03-14', 'country': {'id': 214, 'name': 'Spain'}}]",1.1.0,2,2,1,Regular Season,342,Spotify Camp Nou,214,Spain,2728.0,Carlos del Cerro Grande,214.0,Spain
3825628,2015-10-18,18:15:00.000,4,0,available,unscheduled,2022-02-14T14:34:51.021322,,8,11,Spain,La Liga,27,2015/2016,216,Getafe,male,,214,Spain,"[{'id': 509, 'name': 'Francisco Escriba Segura', 'nickname': 'Fran Escribá', 'dob': '1965-05-03', 'country': {'id': 214, 'name': 'Spain'}}]",208,Las Palmas,male,,214,Spain,"[{'id': 745, 'name': 'Francisco Herrera Lorenzo', 'nickname': 'Paco Herrera', 'dob': '1953-12-02', 'country': {'id': 214, 'name': 'Spain'}}]",1.1.0,2,2,1,Regular Season,354,Coliseum Alfonso Pérez,214,Spain,222.0,David Fernández Borbalan,214.0,Spain
3825619,2015-10-04,18:15:00.000,1,0,available,unscheduled,2022-02-14T14:24:27.571278,,7,11,Spain,La Liga,27,2015/2016,221,Levante UD,male,,214,Spain,"[{'id': 1612, 'name': 'Luis Lucas Alcaraz González', 'nickname': 'Lucas Alcaraz', 'dob': '1966-06-21', 'country': {'id': 214, 'name': 'Spain'}}]",222,Villarreal,male,,214,Spain,"[{'id': 211, 'name': 'Marcelino García Toral', 'nickname': 'Marcelino', 'dob': '1965-08-14', 'country': {'id': 214, 'name': 'Spain'}}]",1.1.0,2,2,1,Regular Season,350,Estadio Ciudad de Valencia,214,Spain,212.0,Alfonso Álvarez Izquierdo,214.0,Spain
3825618,2015-10-03,22:00:00.000,0,2,available,unscheduled,2022-02-14T14:23:25.239790,,7,11,Spain,La Liga,27,2015/2016,208,Las Palmas,male,,214,Spain,"[{'id': 745, 'name': 'Francisco Herrera Lorenzo', 'nickname': 'Paco Herrera', 'dob': '1953-12-02', 'country': {'id': 214, 'name': 'Spain'}}]",322,Eibar,male,,214,Spain,"[{'id': 221, 'name': 'José Luis Mendilibar Etxebarria', 'nickname': 'José Luis Mendilibar', 'dob': '1961-03-14', 'country': {'id': 214, 'name': 'Spain'}}]",1.1.0,2,2,1,Regular Season,357,Estadio de Gran Canaria,214,Spain,180.0,Antonio Miguel Mateu Lahoz,214.0,Spain
3825611,2015-09-27,16:00:00.000,3,0,available,unscheduled,2022-02-14T14:15:30.630820,,6,11,Spain,La Liga,27,2015/2016,219,RC Deportivo La Coruña,male,,214,Spain,"[{'id': 3157, 'name': 'Víctor Sánchez del Amo', 'nickname': 'Víctor Sánchez', 'dob': '1976-02-23', 'country': {'id': 214, 'name': 'Spain'}}]",214,Espanyol,male,,214,Spain,"[{'id': 576, 'name': 'Sergio González Soriano', 'nickname': 'Sergio', 'dob': '1976-11-10', 'country': {'id': 214, 'name': 'Spain'}}]",1.1.0,2,2,1,Regular Season,4658,Estadio Abanca-Riazor,214,Spain,2625.0,José María Sánchez Martínez,214.0,Spain
3825609,2015-09-27,20:30:00.000,0,0,available,unscheduled,2022-02-14T14:13:21.074967,,6,11,Spain,La Liga,27,2015/2016,210,Real Sociedad,male,,214,Spain,"[{'id': 86, 'name': 'David Moyes', 'nickname': None, 'dob': '1963-04-25', 'country': {'id': 201, 'name': 'Scotland'}}]",215,Athletic Club,male,,214,Spain,"[{'id': 227, 'name': 'Ernesto Valverde Tejedor', 'nickname': 'Ernesto Valverde', 'dob': '1964-02-09', 'country': {'id': 214, 'name': 'Spain'}}]",1.1.0,2,2,1,Regular Season,5043,Reale Arena,214,Spain,2535.0,Carlos Velasco Carballo,214.0,Spain
3825598,2015-09-22,20:00:00.000,2,0,available,unscheduled,2022-02-14T14:01:04.231179,,5,11,Spain,La Liga,27,2015/2016,212,Atlético Madrid,male,,214,Spain,"[{'id': 230, 'name': 'Diego Pablo Simeone', 'nickname': 'Diego Simeone', 'dob': '1970-04-28', 'country': {'id': 11, 'name': 'Argentina'}}]",216,Getafe,male,,214,Spain,"[{'id': 509, 'name': 'Francisco Escriba Segura', 'nickname': 'Fran Escribá', 'dob': '1965-05-03', 'country': {'id': 214, 'name': 'Spain'}}]",1.1.0,2,2,1,Regular Season,625,Estadio Vicente Calderón,214,Spain,212.0,Alfonso Álvarez Izquierdo,214.0,Spain
3825584,2015-09-13,12:00:00.000,1,3,available,unscheduled,2022-02-14T13:45:43.728722,,3,11,Spain,La Liga,27,2015/2016,1049,Granada,male,,214,Spain,"[{'id': 1617, 'name': 'José Ramón Sandoval Huertas', 'nickname': 'José Ramón Sandoval', 'dob': '1968-05-02', 'country': {'id': 214, 'name': 'Spain'}}]",222,Villarreal,male,,214,Spain,"[{'id': 211, 'name': 'Marcelino García Toral', 'nickname': 'Marcelino', 'dob': '1965-08-14', 'country': {'id': 214, 'name': 'Spain'}}]",1.1.0,2,2,1,Regular Season,4667,Estadio Nuevo Los Cármenes,214,Spain,183.0,Jesús Gil Manzano,214.0,Spain
3825570,2015-08-24,20:30:00.000,1,3,available,unscheduled,2022-02-14T13:30:46.502597,,1,11,Spain,La Liga,27,2015/2016,1049,Granada,male,,214,Spain,"[{'id': 1617, 'name': 'José Ramón Sandoval Huertas', 'nickname': 'José Ramón Sandoval', 'dob': '1968-05-02', 'country': {'id': 214, 'name': 'Spain'}}]",322,Eibar,male,,214,Spain,"[{'id': 221, 'name': 'José Luis Mendilibar Etxebarria', 'nickname': 'José Luis Mendilibar', 'dob': '1961-03-14', 'country': {'id': 214, 'name': 'Spain'}}]",1.1.0,2,2,1,Regular Season,4667,Estadio Nuevo Los Cármenes,214,Spain,218.0,Ignacio Iglesias Villanueva,214.0,Spain
3825562,2015-08-21,20:30:00.000,0,0,available,unscheduled,2022-02-14T13:21:45.007898,,1,11,Spain,La Liga,27,2015/2016,223,Málaga,male,,214,Spain,"[{'id': 188, 'name': 'Javier Gracia Carlos', 'nickname': 'Javi Gracia', 'dob': '1970-05-01', 'country': {'id': 214, 'name': 'Spain'}}]",213,Sevilla,male,,214,Spain,"[{'id': 21, 'name': 'Unai Emery Etxegoien', 'nickname': 'Unai Emery', 'dob': '1971-11-03', 'country': {'id': 214, 'name': 'Spain'}}]",1.1.0,2,2,1,Regular Season,346,Estadio La Rosaleda,214,Spain,212.0,Alfonso Álvarez Izquierdo,214.0,Spain
3825904,2016-05-08,17:00:00.000,1,1,available,unscheduled,2022-04-06T22:24:27.098717,,37,11,Spain,La Liga,27,2015/2016,322,Eibar,male,,214,Spain,"[{'id': 221, 'name': 'José Luis Mendilibar Etxebarria', 'nickname': 'José Luis Mendilibar', 'dob': '1961-03-14', 'country': {'id': 214, 'name': 'Spain'}}]",218,Real Betis,male,,214,Spain,"[{'id': 5049, 'name': 'Juan Merino Ruíz', 'nickname': 'Juan Merino', 'dob': '1970-08-24', 'country': {'id': 214, 'name': 'Spain'}}]",1.1.0,2,2,1,Regular Season,347,Estadio Municipal de Ipurúa,214,Spain,2434.0,Juan Martínez Munuera,214.0,Spain
3825901,2016-05-08,17:00:00.000,3,2,available,unscheduled,2022-05-08T22:34:19.136404,,37,11,Spain,La Liga,27,2015/2016,220,Real Madrid,male,,214,Spain,"[{'id': 56, 'name': 'Zinédine Zidane', 'nickname': None, 'dob': '1972-06-23', 'country': {'id': 78, 'name': 'France'}}]",207,Valencia,male,,214,Spain,"[{'id': 618, 'name': 'Francisco Martín Ayestarán Barandiarán', 'nickname': 'Pako Ayestarán', 'dob': '1963-02-05', 'country': {'id': 214, 'name': 'Spain'}}]",1.1.0,2,2,1,Regular Season,353,Bernabéu,214,Spain,222.0,David Fernández Borbalan,214.0,Spain
3825898,2016-04-02,22:05:00.000,1,1,available,unscheduled,2022-08-30T11:59:18.225779,,31,11,Spain,La Liga,27,2015/2016,209,Celta Vigo,male,,214,Spain,"[{'id': 385, 'name': 'Manuel Eduardo Berizzo', 'nickname': 'Eduardo Berizzo', 'dob': '1969-11-13', 'country': {'id': 11, 'name': 'Argentina'}}]",219,RC Deportivo La Coruña,male,,214,Spain,"[{'id': 3157, 'name': 'Víctor Sánchez del Amo', 'nickname': 'Víctor Sánchez', 'dob': '1976-02-23', 'country': {'id': 214, 'name': 'Spain'}}]",1.1.0,2,2,1,Regular Season,653,Abanca-Balaídos,214,Spain,222.0,David Fernández Borbalan,214.0,Spain
3825893,2016-04-20,22:00:00.000,3,0,available,unscheduled,2022-04-06T22:06:38.190016,,34,11,Spain,La Liga,27,2015/2016,220,Real Madrid,male,,214,Spain,"[{'id': 56, 'name': 'Zinédine Zidane', 'nickname': None, 'dob': '1972-06-23', 'country': {'id': 78, 'name': 'France'}}]",222,Villarreal,male,,214,Spain,"[{'id': 211, 'name': 'Marcelino García Toral', 'nickname': 'Marcelino', 'dob': '1965-08-14', 'country': {'id': 214, 'name': 'Spain'}}]",1.1.0,2,2,1,Regular Season,353,Bernabéu,214,Spain,1008.0,Carlos Clos Gómez,214.0,Spain
3825892,2015-09-22,22:00:00.000,0,3,available,unscheduled,2022-11-17T12:34:03.613551,,5,11,Spain,La Liga,27,2015/2016,1049,Granada,male,,214,Spain,"[{'id': 1617, 'name': 'José Ramón Sandoval Huertas', 'nickname': 'José Ramón Sandoval', 'dob': '1968-05-02', 'country': {'id': 214, 'name': 'Spain'}}]",210,Real Sociedad,male,,214,Spain,"[{'id': 86, 'name': 'David Moyes', 'nickname': None, 'dob': '1963-04-25', 'country': {'id': 201, 'name': 'Scotland'}}]",1.1.0,2,2,1,Regular Season,4667,Estadio Nuevo Los Cármenes,214,Spain,2604.0,Xavier Estrada Fernández,214.0,Spain
3825886,2016-04-23,16:00:00.000,2,3,available,unscheduled,2022-05-08T22:12:08.084025,,35,11,Spain,La Liga,27,2015/2016,360,Rayo Vallecano,male,,214,Spain,"[{'id': 220, 'name': 'Francisco Jémez Martín', 'nickname': 'Paco Jémez', 'dob': '1970-04-18', 'country': {'id': 214, 'name': 'Spain'}}]",220,Real Madrid,male,,214,Spain,"[{'id': 56, 'name': 'Zinédine Zidane', 'nickname': None, 'dob': '1972-06-23', 'country': {'id': 78, 'name': 'France'}}]",1.1.0,2,2,1,Regular Season,4640,Estadio de Vallecas,214,Spain,2608.0,Alejandro José Hernández Hernández,214.0,Spain
3825885,2016-04-01,20:30:00.000,2,0,available,unscheduled,2022-08-30T11:58:36.465906,,31,11,Spain,La Liga,27,2015/2016,360,Rayo Vallecano,male,,214,Spain,"[{'id': 220, 'name': 'Francisco Jémez Martín', 'nickname': 'Paco Jémez', 'dob': '1970-04-18', 'country': {'id': 214, 'name': 'Spain'}}]",216,Getafe,male,,214,Spain,"[{'id': 509, 'name': 'Francisco Escriba Segura', 'nickname': 'Fran Escribá', 'dob': '1965-05-03', 'country': {'id': 214, 'name': 'Spain'}}]",1.1.0,2,2,1,Regular Season,4640,Estadio de Vallecas,214,Spain,2575.0,Santiago Jaime Latre,214.0,Spain
3825881,2016-03-14,21:30:00.000,1,1,available,unscheduled,2022-05-08T21:25:36.815049,,29,11,Spain,La Liga,27,2015/2016,1049,Granada,male,,214,Spain,"[{'id': 226, 'name': 'José Manuel González López', 'nickname': 'José González', 'dob': '1966-10-14', 'country': {'id': 214, 'name': 'Spain'}}]",214,Espanyol,male,,214,Spain,"[{'id': 1816, 'name': 'Constantin Gâlcă', 'nickname': None, 'dob': '1972-03-08', 'country': {'id': 187, 'name': 'Romania'}}]",1.1.0,2,2,1,Regular Season,4667,Estadio Nuevo Los Cármenes,214,Spain,211.0,José Luis González González,214.0,Spain
3825880,2016-03-19,21:30:00.000,2,1,available,unscheduled,2022-04-06T21:48:30.272948,,30,11,Spain,La Liga,27,2015/2016,219,RC Deportivo La Coruña,male,,214,Spain,"[{'id': 3157, 'name': 'Víctor Sánchez del Amo', 'nickname': 'Víctor Sánchez', 'dob': '1976-02-23', 'country': {'id': 214, 'name': 'Spain'}}]",221,Levante UD,male,,214,Spain,"[{'id': 677, 'name': 'Joan Francesc Ferrer Sicilia', 'nickname': 'Rubí', 'dob': '1970-02-05', 'country': {'id': 214, 'name': 'Spain'}}]",1.1.0,2,2,1,Regular Season,4658,Estadio Abanca-Riazor,214,Spain,2480.0,Iñaki Bikandi Garrido,214.0,Spain
3825879,2016-03-13,21:30:00.000,1,2,available,unscheduled,2022-08-30T11:57:52.148978,,29,11,Spain,La Liga,27,2015/2016,208,Las Palmas,male,,214,Spain,"[{'id': 238, 'name': 'Enrique Setién Solar', 'nickname': 'Quique Setién', 'dob': '1958-09-27', 'country': {'id': 214, 'name': 'Spain'}}]",220,Real Madrid,male,,214,Spain,"[{'id': 56, 'name': 'Zinédine Zidane', 'nickname': None, 'dob': '1972-06-23', 'country': {'id': 78, 'name': 'France'}}]",1.1.0,2,2,1,Regular Season,357,Estadio de Gran Canaria,214,Spain,222.0,David Fernández Borbalan,214.0,Spain
3825878,2016-04-30,18:15:00.000,1,0,available,unscheduled,2022-04-06T22:11:02.367741,,36,11,Spain,La Liga,27,2015/2016,212,Atlético Madrid,male,,214,Spain,"[{'id': 230, 'name': 'Diego Pablo Simeone', 'nickname': 'Diego Simeone', 'dob': '1970-04-28', 'country': {'id': 11, 'name': 'Argentina'}}]",360,Rayo Vallecano,male,,214,Spain,"[{'id': 220, 'name': 'Francisco Jémez Martín', 'nickname': 'Paco Jémez', 'dob': '1970-04-18', 'country': {'id': 214, 'name': 'Spain'}}]",1.1.0,2,2,1,Regular Season,625,Estadio Vicente Calderón,214,Spain,2625.0,José María Sánchez Martínez,214.0,Spain
3825877,2016-04-03,12:00:00.000,1,1,available,unscheduled,2022-08-30T12:00:01.034113,,31,11,Spain,La Liga,27,2015/2016,215,Athletic Club,male,,214,Spain,"[{'id': 227, 'name': 'Ernesto Valverde Tejedor', 'nickname': 'Ernesto Valverde', 'dob': '1964-02-09', 'country': {'id': 214, 'name': 'Spain'}}]",1049,Granada,male,,214,Spain,"[{'id': 226, 'name': 'José Manuel González López', 'nickname': 'José González', 'dob': '1966-10-14', 'country': {'id': 214, 'name': 'Spain'}}]",1.1.0,2,2,1,Regular Season,345,San Mamés Barria,214,Spain,2535.0,Carlos Velasco Carballo,214.0,Spain
3825874,2015-10-24,20:30:00.000,5,0,available,unscheduled,2022-08-30T10:45:09.259948,,9,11,Spain,La Liga,27,2015/2016,213,Sevilla,male,,214,Spain,"[{'id': 21, 'name': 'Unai Emery Etxegoien', 'nickname': 'Unai Emery', 'dob': '1971-11-03', 'country': {'id': 214, 'name': 'Spain'}}]",216,Getafe,male,,214,Spain,"[{'id': 509, 'name': 'Francisco Escriba Segura', 'nickname': 'Fran Escribá', 'dob': '1965-05-03', 'country': {'id': 214, 'name': 'Spain'}}]",1.1.0,2,2,1,Regular Season,349,Estadio Ramón Sánchez Pizjuán,214,Spain,2480.0,Iñaki Bikandi Garrido,214.0,Spain
3825873,2016-05-01,20:30:00.000,0,2,available,unscheduled,2022-05-08T22:18:35.593034,,36,11,Spain,La Liga,27,2015/2016,207,Valencia,male,,214,Spain,"[{'id': 618, 'name': 'Francisco Martín Ayestarán Barandiarán', 'nickname': 'Pako Ayestarán', 'dob': '1963-02-05', 'country': {'id': 214, 'name': 'Spain'}}]",222,Villarreal,male,,214,Spain,"[{'id': 211, 'name': 'Marcelino García Toral', 'nickname': 'Marcelino', 'dob': '1965-08-14', 'country': {'id': 214, 'name': 'Spain'}}]",1.1.0,2,2,1,Regular Season,344,Estadio de Mestalla,214,Spain,2728.0,Carlos del Cerro Grande,214.0,Spain
3825872,2016-04-02,16:00:00.000,5,1,available,unscheduled,2022-04-06T21:49:38.137760,,31,11,Spain,La Liga,27,2015/2016,212,Atlético Madrid,male,,214,Spain,"[{'id': 230, 'name': 'Diego Pablo Simeone', 'nickname': 'Diego Simeone', 'dob': '1970-04-28', 'country': {'id': 11, 'name': 'Argentina'}}]",218,Real Betis,male,,214,Spain,"[{'id': 5049, 'name': 'Juan Merino Ruíz', 'nickname': 'Juan Merino', 'dob': '1970-08-24', 'country': {'id': 214, 'name': 'Spain'}}]",1.1.0,2,2,1,Regular Season,625,Estadio Vicente Calderón,214,Spain,211.0,José Luis González González,214.0,Spain
3825870,2016-05-01,12:00:00.000,2,1,available,unscheduled,2022-04-06T22:14:25.306942,,36,11,Spain,La Liga,27,2015/2016,215,Athletic Club,male,,214,Spain,"[{'id': 227, 'name': 'Ernesto Valverde Tejedor', 'nickname': 'Ernesto Valverde', 'dob': '1964-02-09', 'country': {'id': 214, 'name': 'Spain'}}]",209,Celta Vigo,male,,214,Spain,"[{'id': 385, 'name': 'Manuel Eduardo Berizzo', 'nickname': 'Eduardo Berizzo', 'dob': '1969-11-13', 'country': {'id': 11, 'name': 'Argentina'}}]",1.1.0,2,2,1,Regular Season,345,San Mamés Barria,214,Spain,2604.0,Xavier Estrada Fernández,214.0,Spain
3825868,2016-04-25,20:30:00.000,2,1,available,unscheduled,2022-04-06T22:09:00.248692,,35,11,Spain,La Liga,27,2015/2016,209,Celta Vigo,male,,214,Spain,"[{'id': 385, 'name': 'Manuel Eduardo Berizzo', 'nickname': 'Eduardo Berizzo', 'dob': '1969-11-13', 'country': {'id': 11, 'name': 'Argentina'}}]",1049,Granada,male,,214,Spain,"[{'id': 226, 'name': 'José Manuel González López', 'nickname': 'José González', 'dob': '1966-10-14', 'country': {'id': 214, 'name': 'Spain'}}]",1.1.0,2,2,1,Regular Season,653,Abanca-Balaídos,214,Spain,183.0,Jesús Gil Manzano,214.0,Spain
3825866,2016-05-08,17:00:00.000,0,0,available,unscheduled,2022-04-06T22:22:05.828413,,37,11,Spain,La Liga,27,2015/2016,208,Las Palmas,male,,214,Spain,"[{'id': 238, 'name': 'Enrique Setién Solar', 'nickname': 'Quique Setién', 'dob': '1958-09-27', 'country': {'id': 214, 'name': 'Spain'}}]",215,Athletic Club,male,,214,Spain,"[{'id': 227, 'name': 'Ernesto Valverde Tejedor', 'nickname': 'Ernesto Valverde', 'dob': '1964-02-09', 'country': {'id': 214, 'name': 'Spain'}}]",1.1.0,2,2,1,Regular Season,357,Estadio de Gran Canaria,214,Spain,1015.0,Pedro Jesús Pérez Montero,214.0,Spain
3825865,2016-05-08,17:00:00.000,1,1,available,unscheduled,2022-04-06T22:25:38.174446,,37,11,Spain,La Liga,27,2015/2016,216,Getafe,male,,214,Spain,"[{'id': 1001036, 'name': 'Juan Eduardo Esnáider Belén', 'nickname': None, 'dob': '1973-03-05', 'country': {'id': 11, 'name': 'Argentina'}}]",1041,Sporting Gijón,male,,214,Spain,"[{'id': 187, 'name': 'Abelardo Fernández Antuña', 'nickname': 'Abelardo', 'dob': '1970-04-19', 'country': {'id': 214, 'name': 'Spain'}}]",1.1.0,2,2,1,Regular Season,354,Coliseum Alfonso Pérez,214,Spain,212.0,Alfonso Álvarez Izquierdo,214.0,Spain
3825864,2016-04-30,16:00:00.000,0,1,available,unscheduled,2022-04-06T22:12:12.933442,,36,11,Spain,La Liga,27,2015/2016,210,Real Sociedad,male,,214,Spain,"[{'id': 229, 'name': 'Eusebio Sacristán Mena', 'nickname': 'Eusebio Sacristán', 'dob': '1964-04-13', 'country': {'id': 214, 'name': 'Spain'}}]",220,Real Madrid,male,,214,Spain,"[{'id': 56, 'name': 'Zinédine Zidane', 'nickname': None, 'dob': '1972-06-23', 'country': {'id': 78, 'name': 'France'}}]",1.1.0,2,2,1,Regular Season,5043,Reale Arena,214,Spain,221.0,Alberto Undiano Mallenco,214.0,Spain
3825862,2016-04-19,20:00:00.000,1,1,available,unscheduled,2022-05-08T22:05:19.872448,,34,11,Spain,La Liga,27,2015/2016,214,Espanyol,male,,214,Spain,"[{'id': 1816, 'name': 'Constantin Gâlcă', 'nickname': None, 'dob': '1972-03-08', 'country': {'id': 187, 'name': 'Romania'}}]",209,Celta Vigo,male,,214,Spain,"[{'id': 385, 'name': 'Manuel Eduardo Berizzo', 'nickname': 'Eduardo Berizzo', 'dob': '1969-11-13', 'country': {'id': 11, 'name': 'Argentina'}}]",1.1.0,2,2,1,Regular Season,351,Stage Front Stadium,214,Spain,2419.0,Eduardo Prieto Iglesias,214.0,Spain
3825861,2016-05-08,17:00:00.000,2,1,available,unscheduled,2022-04-06T22:19:36.200070,,37,11,Spain,La Liga,27,2015/2016,210,Real Sociedad,male,,214,Spain,"[{'id': 229, 'name': 'Eusebio Sacristán Mena', 'nickname': 'Eusebio Sacristán', 'dob': '1964-04-13', 'country': {'id': 214, 'name': 'Spain'}}]",360,Rayo Vallecano,male,,214,Spain,"[{'id': 220, 'name': 'Francisco Jémez Martín', 'nickname': 'Paco Jémez', 'dob': '1970-04-18', 'country': {'id': 214, 'name': 'Spain'}}]",1.1.0,2,2,1,Regular Season,5043,Reale Arena,214,Spain,2575.0,Santiago Jaime Latre,214.0,Spain
3825859,2016-04-30,22:05:00.000,3,2,available,unscheduled,2022-04-06T22:13:17.026984,,36,11,Spain,La Liga,27,2015/2016,1049,Granada,male,,214,Spain,"[{'id': 226, 'name': 'José Manuel González López', 'nickname': 'José González', 'dob': '1966-10-14', 'country': {'id': 214, 'name': 'Spain'}}]",208,Las Palmas,male,,214,Spain,"[{'id': 238, 'name': 'Enrique Setién Solar', 'nickname': 'Quique Setién', 'dob': '1958-09-27', 'country': {'id': 214, 'name': 'Spain'}}]",1.1.0,2,2,1,Regular Season,4667,Estadio Nuevo Los Cármenes,214,Spain,211.0,José Luis González González,214.0,Spain
3825856,2016-04-09,16:00:00.000,4,0,available,unscheduled,2022-04-06T21:50:47.488206,,32,11,Spain,La Liga,27,2015/2016,220,Real Madrid,male,,214,Spain,"[{'id': 56, 'name': 'Zinédine Zidane', 'nickname': None, 'dob': '1972-06-23', 'country': {'id': 78, 'name': 'France'}}]",322,Eibar,male,,214,Spain,"[{'id': 221, 'name': 'José Luis Mendilibar Etxebarria', 'nickname': 'José Luis Mendilibar', 'dob': '1961-03-14', 'country': {'id': 214, 'name': 'Spain'}}]",1.1.0,2,2,1,Regular Season,353,Bernabéu,214,Spain,2625.0,José María Sánchez Martínez,214.0,Spain
3825854,2016-04-29,20:30:00.000,2,0,available,unscheduled,2022-04-06T22:09:59.737573,,36,11,Spain,La Liga,27,2015/2016,1041,Sporting Gijón,male,,214,Spain,"[{'id': 187, 'name': 'Abelardo Fernández Antuña', 'nickname': 'Abelardo', 'dob': '1970-04-19', 'country': {'id': 214, 'name': 'Spain'}}]",322,Eibar,male,,214,Spain,"[{'id': 221, 'name': 'José Luis Mendilibar Etxebarria', 'nickname': 'José Luis Mendilibar', 'dob': '1961-03-14', 'country': {'id': 214, 'name': 'Spain'}}]",1.1.0,2,2,1,Regular Season,4656,Estadio Municipal El Molinón,214,Spain,2608.0,Alejandro José Hernández Hernández,214.0,Spain
3825853,2016-05-08,17:00:00.000,1,4,available,unscheduled,2022-04-06T22:18:12.863622,,37,11,Spain,La Liga,27,2015/2016,213,Sevilla,male,,214,Spain,"[{'id': 21, 'name': 'Unai Emery Etxegoien', 'nickname': 'Unai Emery', 'dob': '1971-11-03', 'country': {'id': 214, 'name': 'Spain'}}]",1049,Granada,male,,214,Spain,"[{'id': 226, 'name': 'José Manuel González López', 'nickname': 'José González', 'dob': '1966-10-14', 'country': {'id': 214, 'name': 'Spain'}}]",1.1.0,2,2,1,Regular Season,349,Estadio Ramón Sánchez Pizjuán,214,Spain,221.0,Alberto Undiano Mallenco,214.0,Spain
3825851,2016-05-08,17:00:00.000,0,2,available,unscheduled,2022-04-06T22:20:48.916919,,37,11,Spain,La Liga,27,2015/2016,222,Villarreal,male,,214,Spain,"[{'id': 211, 'name': 'Marcelino García Toral', 'nickname': 'Marcelino', 'dob': '1965-08-14', 'country': {'id': 214, 'name': 'Spain'}}]",219,RC Deportivo La Coruña,male,,214,Spain,"[{'id': 3157, 'name': 'Víctor Sánchez del Amo', 'nickname': 'Víctor Sánchez', 'dob': '1976-02-23', 'country': {'id': 214, 'name': 'Spain'}}]",1.1.0,2,2,1,Regular Season,361,Estadio de la Cerámica,214,Spain,2604.0,Xavier Estrada Fernández,214.0,Spain
3825850,2016-05-08,17:00:00.000,1,0,available,unscheduled,2022-05-25T13:53:32.247303,,37,11,Spain,La Liga,27,2015/2016,209,Celta Vigo,male,,214,Spain,"[{'id': 385, 'name': 'Manuel Eduardo Berizzo', 'nickname': 'Eduardo Berizzo', 'dob': '1969-11-13', 'country': {'id': 11, 'name': 'Argentina'}}]",223,Málaga,male,,214,Spain,"[{'id': 188, 'name': 'Javier Gracia Carlos', 'nickname': 'Javi Gracia', 'dob': '1970-05-01', 'country': {'id': 214, 'name': 'Spain'}}]",1.1.0,2,2,1,Regular Season,653,Abanca-Balaídos,214,Spain,2728.0,Carlos del Cerro Grande,214.0,Spain
3825845,2016-05-01,16:00:00.000,1,0,available,unscheduled,2022-04-06T22:15:36.950932,,36,11,Spain,La Liga,27,2015/2016,214,Espanyol,male,,214,Spain,"[{'id': 1816, 'name': 'Constantin Gâlcă', 'nickname': None, 'dob': '1972-03-08', 'country': {'id': 187, 'name': 'Romania'}}]",213,Sevilla,male,,214,Spain,"[{'id': 21, 'name': 'Unai Emery Etxegoien', 'nickname': 'Unai Emery', 'dob': '1971-11-03', 'country': {'id': 214, 'name': 'Spain'}}]",1.1.0,2,2,1,Regular Season,351,Stage Front Stadium,214,Spain,2434.0,Juan Martínez Munuera,214.0,Spain
3825844,2016-03-13,19:15:00.000,3,1,available,unscheduled,2022-04-06T21:46:27.892421,,29,11,Spain,La Liga,27,2015/2016,215,Athletic Club,male,,214,Spain,"[{'id': 227, 'name': 'Ernesto Valverde Tejedor', 'nickname': 'Ernesto Valverde', 'dob': '1964-02-09', 'country': {'id': 214, 'name': 'Spain'}}]",218,Real Betis,male,,214,Spain,"[{'id': 5049, 'name': 'Juan Merino Ruíz', 'nickname': 'Juan Merino', 'dob': '1970-08-24', 'country': {'id': 214, 'name': 'Spain'}}]",1.1.0,2,2,1,Regular Season,345,San Mamés Barria,214,Spain,2575.0,Santiago Jaime Latre,214.0,Spain
3825806,2016-03-05,17:00:00.000,7,1,available,unscheduled,2022-08-30T11:55:14.910628,,28,11,Spain,La Liga,27,2015/2016,220,Real Madrid,male,,214,Spain,"[{'id': 56, 'name': 'Zinédine Zidane', 'nickname': None, 'dob': '1972-06-23', 'country': {'id': 78, 'name': 'France'}}]",209,Celta Vigo,male,,214,Spain,"[{'id': 385, 'name': 'Manuel Eduardo Berizzo', 'nickname': 'Eduardo Berizzo', 'dob': '1969-11-13', 'country': {'id': 11, 'name': 'Argentina'}}]",1.1.0,2,2,1,Regular Season,353,Bernabéu,214,Spain,183.0,Jesús Gil Manzano,214.0,Spain
3825802,2016-03-03,23:30:00.000,0,3,available,unscheduled,2023-02-21T15:55:07.071365,,27,11,Spain,La Liga,27,2015/2016,214,Espanyol,male,,214,Spain,"[{'id': 1816, 'name': 'Constantin Gâlcă', 'nickname': None, 'dob': '1972-03-08', 'country': {'id': 187, 'name': 'Romania'}}]",218,Real Betis,male,,214,Spain,"[{'id': 5049, 'name': 'Juan Merino Ruíz', 'nickname': 'Juan Merino', 'dob': '1970-08-24', 'country': {'id': 214, 'name': 'Spain'}}]",1.1.0,2,2,1,Regular Season,351,Stage Front Stadium,214,Spain,2625.0,José María Sánchez Martínez,214.0,Spain
3825679,2015-12-05,23:05:00.000,1,1,available,unscheduled,2022-02-28T17:21:43.398357,,14,11,Spain,La Liga,27,2015/2016,218,Real Betis,male,,214,Spain,"[{'id': 57, 'name': 'José Mel Pérez', 'nickname': 'Pepe Mel', 'dob': '1963-02-28', 'country': {'id': 214, 'name': 'Spain'}}]",209,Celta Vigo,male,,214,Spain,"[{'id': 385, 'name': 'Manuel Eduardo Berizzo', 'nickname': 'Eduardo Berizzo', 'dob': '1969-11-13', 'country': {'id': 11, 'name': 'Argentina'}}]",1.1.0,2,2,1,Regular Season,352,Estadio Benito Villamarín,214,Spain,2608.0,Alejandro José Hernández Hernández,214.0,Spain
3825655,2015-11-07,21:30:00.000,2,1,available,unscheduled,2022-02-14T15:03:39.940644,,11,11,Spain,La Liga,27,2015/2016,360,Rayo Vallecano,male,,214,Spain,"[{'id': 220, 'name': 'Francisco Jémez Martín', 'nickname': 'Paco Jémez', 'dob': '1970-04-18', 'country': {'id': 214, 'name': 'Spain'}}]",1049,Granada,male,,214,Spain,"[{'id': 1617, 'name': 'José Ramón Sandoval Huertas', 'nickname': 'José Ramón Sandoval', 'dob': '1968-05-02', 'country': {'id': 214, 'name': 'Spain'}}]",1.1.0,2,2,1,Regular Season,4640,Estadio de Vallecas,214,Spain,183.0,Jesús Gil Manzano,214.0,Spain
3825654,2015-11-07,17:00:00.000,1,5,available,unscheduled,2022-02-14T15:02:47.627104,,11,11,Spain,La Liga,27,2015/2016,209,Celta Vigo,male,,214,Spain,"[{'id': 385, 'name': 'Manuel Eduardo Berizzo', 'nickname': 'Eduardo Berizzo', 'dob': '1969-11-13', 'country': {'id': 11, 'name': 'Argentina'}}]",207,Valencia,male,,214,Spain,"[{'id': 396, 'name': 'Nuno Herlander Simões Espírito Santo', 'nickname': 'Nuno Espírito Santo', 'dob': '1974-01-25', 'country': {'id': 183, 'name': 'Portugal'}}]",1.1.0,2,2,1,Regular Season,653,Abanca-Balaídos,214,Spain,2480.0,Iñaki Bikandi Garrido,214.0,Spain
3825653,2015-11-07,21:30:00.000,3,1,available,unscheduled,2022-02-14T15:01:39.829787,,11,11,Spain,La Liga,27,2015/2016,322,Eibar,male,,214,Spain,"[{'id': 221, 'name': 'José Luis Mendilibar Etxebarria', 'nickname': 'José Luis Mendilibar', 'dob': '1961-03-14', 'country': {'id': 214, 'name': 'Spain'}}]",216,Getafe,male,,214,Spain,"[{'id': 509, 'name': 'Francisco Escriba Segura', 'nickname': 'Fran Escribá', 'dob': '1965-05-03', 'country': {'id': 214, 'name': 'Spain'}}]",1.1.0,2,2,1,Regular Season,347,Estadio Municipal de Ipurúa,214,Spain,218.0,Ignacio Iglesias Villanueva,214.0,Spain
3825651,2015-11-01,17:00:00.000,1,1,available,unscheduled,2022-02-14T14:59:26.480205,,10,11,Spain,La Liga,27,2015/2016,214,Espanyol,male,,214,Spain,"[{'id': 576, 'name': 'Sergio González Soriano', 'nickname': 'Sergio', 'dob': '1976-11-10', 'country': {'id': 214, 'name': 'Spain'}}]",1049,Granada,male,,214,Spain,"[{'id': 1617, 'name': 'José Ramón Sandoval Huertas', 'nickname': 'José Ramón Sandoval', 'dob': '1968-05-02', 'country': {'id': 214, 'name': 'Spain'}}]",1.1.0,2,2,1,Regular Season,351,Stage Front Stadium,214,Spain,2608.0,Alejandro José Hernández Hernández,214.0,Spain
3825650,2015-11-01,23:30:00.000,1,3,available,unscheduled,2022-02-14T14:58:28.048599,,10,11,Spain,La Liga,27,2015/2016,218,Real Betis,male,,214,Spain,"[{'id': 57, 'name': 'José Mel Pérez', 'nickname': 'Pepe Mel', 'dob': '1963-02-28', 'country': {'id': 214, 'name': 'Spain'}}]",215,Athletic Club,male,,214,Spain,"[{'id': 227, 'name': 'Ernesto Valverde Tejedor', 'nickname': 'Ernesto Valverde', 'dob': '1964-02-09', 'country': {'id': 214, 'name': 'Spain'}}]",1.1.0,2,2,1,Regular Season,352,Estadio Benito Villamarín,214,Spain,211.0,José Luis González González,214.0,Spain
3825649,2015-11-01,19:15:00.000,1,0,available,unscheduled,2022-02-14T14:57:20.183688,,10,11,Spain,La Liga,27,2015/2016,1041,Sporting Gijón,male,,214,Spain,"[{'id': 187, 'name': 'Abelardo Fernández Antuña', 'nickname': 'Abelardo', 'dob': '1970-04-19', 'country': {'id': 214, 'name': 'Spain'}}]",223,Málaga,male,,214,Spain,"[{'id': 188, 'name': 'Javier Gracia Carlos', 'nickname': 'Javi Gracia', 'dob': '1970-05-01', 'country': {'id': 214, 'name': 'Spain'}}]",1.1.0,2,2,1,Regular Season,4656,Estadio Municipal El Molinón,214,Spain,180.0,Antonio Miguel Mateu Lahoz,214.0,Spain
3825648,2015-11-01,13:00:00.000,1,0,available,unscheduled,2022-02-14T14:56:18.986515,,10,11,Spain,La Liga,27,2015/2016,322,Eibar,male,,214,Spain,"[{'id': 221, 'name': 'José Luis Mendilibar Etxebarria', 'nickname': 'José Luis Mendilibar', 'dob': '1961-03-14', 'country': {'id': 214, 'name': 'Spain'}}]",360,Rayo Vallecano,male,,214,Spain,"[{'id': 220, 'name': 'Francisco Jémez Martín', 'nickname': 'Paco Jémez', 'dob': '1970-04-18', 'country': {'id': 214, 'name': 'Spain'}}]",1.1.0,2,2,1,Regular Season,347,Estadio Municipal de Ipurúa,214,Spain,212.0,Alfonso Álvarez Izquierdo,214.0,Spain
3825765,2016-02-07,19:15:00.000,1,1,available,unscheduled,2022-02-28T19:01:12.282464,,23,11,Spain,La Liga,27,2015/2016,209,Celta Vigo,male,,214,Spain,"[{'id': 385, 'name': 'Manuel Eduardo Berizzo', 'nickname': 'Eduardo Berizzo', 'dob': '1969-11-13', 'country': {'id': 11, 'name': 'Argentina'}}]",213,Sevilla,male,,214,Spain,"[{'id': 21, 'name': 'Unai Emery Etxegoien', 'nickname': 'Unai Emery', 'dob': '1971-11-03', 'country': {'id': 214, 'name': 'Spain'}}]",1.1.0,2,2,1,Regular Season,653,Abanca-Balaídos,214,Spain,2535.0,Carlos Velasco Carballo,214.0,Spain
3825766,2016-02-07,17:00:00.000,1,0,available,unscheduled,2022-02-28T19:00:05.673135,,23,11,Spain,La Liga,27,2015/2016,218,Real Betis,male,,214,Spain,"[{'id': 5049, 'name': 'Juan Merino Ruíz', 'nickname': 'Juan Merino', 'dob': '1970-08-24', 'country': {'id': 214, 'name': 'Spain'}}]",207,Valencia,male,,214,Spain,"[{'id': 2449, 'name': 'Gary Neville', 'nickname': None, 'dob': '1975-02-18', 'country': {'id': 68, 'name': 'England'}}]",1.1.0,2,2,1,Regular Season,352,Estadio Benito Villamarín,214,Spain,2625.0,José María Sánchez Martínez,214.0,Spain
3825764,2016-02-07,21:30:00.000,1,2,available,unscheduled,2022-02-28T18:59:10.083580,,23,11,Spain,La Liga,27,2015/2016,1049,Granada,male,,214,Spain,"[{'id': 1617, 'name': 'José Ramón Sandoval Huertas', 'nickname': 'José Ramón Sandoval', 'dob': '1968-05-02', 'country': {'id': 214, 'name': 'Spain'}}]",220,Real Madrid,male,,214,Spain,"[{'id': 56, 'name': 'Zinédine Zidane', 'nickname': None, 'dob': '1972-06-23', 'country': {'id': 78, 'name': 'France'}}]",1.1.0,2,2,1,Regular Season,4667,Estadio Nuevo Los Cármenes,214,Spain,183.0,Jesús Gil Manzano,214.0,Spain
3825760,2016-02-06,17:00:00.000,3,1,available,unscheduled,2022-02-28T18:57:59.248450,,23,11,Spain,La Liga,27,2015/2016,212,Atlético Madrid,male,,214,Spain,"[{'id': 230, 'name': 'Diego Pablo Simeone', 'nickname': 'Diego Simeone', 'dob': '1970-04-28', 'country': {'id': 11, 'name': 'Argentina'}}]",322,Eibar,male,,214,Spain,"[{'id': 221, 'name': 'José Luis Mendilibar Etxebarria', 'nickname': 'José Luis Mendilibar', 'dob': '1961-03-14', 'country': {'id': 214, 'name': 'Spain'}}]",1.1.0,2,2,1,Regular Season,625,Estadio Vicente Calderón,214,Spain,222.0,David Fernández Borbalan,214.0,Spain
3825763,2016-02-06,19:15:00.000,2,0,available,unscheduled,2022-02-28T18:56:58.570083,,23,11,Spain,La Liga,27,2015/2016,360,Rayo Vallecano,male,,214,Spain,"[{'id': 220, 'name': 'Francisco Jémez Martín', 'nickname': 'Paco Jémez', 'dob': '1970-04-18', 'country': {'id': 214, 'name': 'Spain'}}]",208,Las Palmas,male,,214,Spain,"[{'id': 238, 'name': 'Enrique Setién Solar', 'nickname': 'Quique Setién', 'dob': '1958-09-27', 'country': {'id': 214, 'name': 'Spain'}}]",1.1.0,2,2,1,Regular Season,4640,Estadio de Vallecas,214,Spain,218.0,Ignacio Iglesias Villanueva,214.0,Spain
3825761,2016-02-06,21:30:00.000,0,0,available,unscheduled,2022-02-28T18:55:49.734711,,23,11,Spain,La Liga,27,2015/2016,215,Athletic Club,male,,214,Spain,"[{'id': 227, 'name': 'Ernesto Valverde Tejedor', 'nickname': 'Ernesto Valverde', 'dob': '1964-02-09', 'country': {'id': 214, 'name': 'Spain'}}]",222,Villarreal,male,,214,Spain,"[{'id': 211, 'name': 'Marcelino García Toral', 'nickname': 'Marcelino', 'dob': '1965-08-14', 'country': {'id': 214, 'name': 'Spain'}}]",1.1.0,2,2,1,Regular Season,345,San Mamés Barria,214,Spain,2692.0,Mario Melero López,214.0,Spain
3825762,2016-02-06,23:05:00.000,1,1,available,unscheduled,2022-02-28T18:54:44.325868,,23,11,Spain,La Liga,27,2015/2016,1041,Sporting Gijón,male,,214,Spain,"[{'id': 187, 'name': 'Abelardo Fernández Antuña', 'nickname': 'Abelardo', 'dob': '1970-04-19', 'country': {'id': 214, 'name': 'Spain'}}]",219,RC Deportivo La Coruña,male,,214,Spain,"[{'id': 3157, 'name': 'Víctor Sánchez del Amo', 'nickname': 'Víctor Sánchez', 'dob': '1976-02-23', 'country': {'id': 214, 'name': 'Spain'}}]",1.1.0,2,2,1,Regular Season,4656,Estadio Municipal El Molinón,214,Spain,2608.0,Alejandro José Hernández Hernández,214.0,Spain
3825759,2016-02-05,21:30:00.000,3,0,available,unscheduled,2022-02-28T18:53:42.658485,,23,11,Spain,La Liga,27,2015/2016,223,Málaga,male,,214,Spain,"[{'id': 188, 'name': 'Javier Gracia Carlos', 'nickname': 'Javi Gracia', 'dob': '1970-05-01', 'country': {'id': 214, 'name': 'Spain'}}]",216,Getafe,male,,214,Spain,"[{'id': 509, 'name': 'Francisco Escriba Segura', 'nickname': 'Fran Escribá', 'dob': '1965-05-03', 'country': {'id': 214, 'name': 'Spain'}}]",1.1.0,2,2,1,Regular Season,346,Estadio La Rosaleda,214,Spain,2434.0,Juan Martínez Munuera,214.0,Spain
3825758,2016-02-01,21:30:00.000,2,2,available,unscheduled,2022-02-28T18:52:34.257922,,22,11,Spain,La Liga,27,2015/2016,219,RC Deportivo La Coruña,male,,214,Spain,"[{'id': 3157, 'name': 'Víctor Sánchez del Amo', 'nickname': 'Víctor Sánchez', 'dob': '1976-02-23', 'country': {'id': 214, 'name': 'Spain'}}]",360,Rayo Vallecano,male,,214,Spain,"[{'id': 220, 'name': 'Francisco Jémez Martín', 'nickname': 'Paco Jémez', 'dob': '1970-04-18', 'country': {'id': 214, 'name': 'Spain'}}]",1.1.0,2,2,1,Regular Season,4658,Estadio Abanca-Riazor,214,Spain,2480.0,Iñaki Bikandi Garrido,214.0,Spain
3825756,2016-01-31,13:00:00.000,3,1,available,unscheduled,2022-02-28T18:50:22.292471,,22,11,Spain,La Liga,27,2015/2016,213,Sevilla,male,,214,Spain,"[{'id': 21, 'name': 'Unai Emery Etxegoien', 'nickname': 'Unai Emery', 'dob': '1971-11-03', 'country': {'id': 214, 'name': 'Spain'}}]",221,Levante UD,male,,214,Spain,"[{'id': 677, 'name': 'Joan Francesc Ferrer Sicilia', 'nickname': 'Rubí', 'dob': '1970-02-05', 'country': {'id': 214, 'name': 'Spain'}}]",1.1.0,2,2,1,Regular Season,349,Estadio Ramón Sánchez Pizjuán,214,Spain,212.0,Alfonso Álvarez Izquierdo,214.0,Spain
3825755,2016-01-31,17:00:00.000,0,1,available,unscheduled,2022-02-28T18:49:18.358817,,22,11,Spain,La Liga,27,2015/2016,207,Valencia,male,,214,Spain,"[{'id': 2449, 'name': 'Gary Neville', 'nickname': None, 'dob': '1975-02-18', 'country': {'id': 68, 'name': 'England'}}]",1041,Sporting Gijón,male,,214,Spain,"[{'id': 187, 'name': 'Abelardo Fernández Antuña', 'nickname': 'Abelardo', 'dob': '1970-04-19', 'country': {'id': 214, 'name': 'Spain'}}]",1.1.0,2,2,1,Regular Season,344,Estadio de Mestalla,214,Spain,211.0,José Luis González González,214.0,Spain
3825754,2016-01-31,19:15:00.000,2,1,available,unscheduled,2022-02-28T18:48:10.474676,,22,11,Spain,La Liga,27,2015/2016,208,Las Palmas,male,,214,Spain,"[{'id': 238, 'name': 'Enrique Setién Solar', 'nickname': 'Quique Setién', 'dob': '1958-09-27', 'country': {'id': 214, 'name': 'Spain'}}]",209,Celta Vigo,male,,214,Spain,"[{'id': 385, 'name': 'Manuel Eduardo Berizzo', 'nickname': 'Eduardo Berizzo', 'dob': '1969-11-13', 'country': {'id': 11, 'name': 'Argentina'}}]",1.1.0,2,2,1,Regular Season,357,Estadio de Gran Canaria,214,Spain,2625.0,José María Sánchez Martínez,214.0,Spain
3825750,2016-01-30,23:05:00.000,2,1,available,unscheduled,2022-02-28T18:47:05.861876,,22,11,Spain,La Liga,27,2015/2016,210,Real Sociedad,male,,214,Spain,"[{'id': 229, 'name': 'Eusebio Sacristán Mena', 'nickname': 'Eusebio Sacristán', 'dob': '1964-04-13', 'country': {'id': 214, 'name': 'Spain'}}]",218,Real Betis,male,,214,Spain,"[{'id': 5049, 'name': 'Juan Merino Ruíz', 'nickname': 'Juan Merino', 'dob': '1970-08-24', 'country': {'id': 214, 'name': 'Spain'}}]",1.1.0,2,2,1,Regular Season,5043,Reale Arena,214,Spain,2419.0,Eduardo Prieto Iglesias,214.0,Spain
3825752,2016-01-30,19:15:00.000,1,2,available,unscheduled,2022-02-28T18:45:58.418818,,22,11,Spain,La Liga,27,2015/2016,322,Eibar,male,,214,Spain,"[{'id': 221, 'name': 'José Luis Mendilibar Etxebarria', 'nickname': 'José Luis Mendilibar', 'dob': '1961-03-14', 'country': {'id': 214, 'name': 'Spain'}}]",223,Málaga,male,,214,Spain,"[{'id': 188, 'name': 'Javier Gracia Carlos', 'nickname': 'Javi Gracia', 'dob': '1970-05-01', 'country': {'id': 214, 'name': 'Spain'}}]",1.1.0,2,2,1,Regular Season,347,Estadio Municipal de Ipurúa,214,Spain,180.0,Antonio Miguel Mateu Lahoz,214.0,Spain
3825751,2016-01-30,19:15:00.000,0,1,available,unscheduled,2022-02-28T18:44:58.196144,,22,11,Spain,La Liga,27,2015/2016,216,Getafe,male,,214,Spain,"[{'id': 509, 'name': 'Francisco Escriba Segura', 'nickname': 'Fran Escribá', 'dob': '1965-05-03', 'country': {'id': 214, 'name': 'Spain'}}]",215,Athletic Club,male,,214,Spain,"[{'id': 1000960, 'name': 'Carlos Gurpegi Nausia', 'nickname': None, 'dob': '1980-08-19', 'country': {'id': 214, 'name': 'Spain'}}, {'id': 227, 'name': 'Ernesto Valverde Tejedor', 'nickname': 'Ernesto Valverde', 'dob': '1964-02-09', 'country': {'id': 214, 'name': 'Spain'}}]",1.1.0,2,2,1,Regular Season,354,Coliseum Alfonso Pérez,214,Spain,2604.0,Xavier Estrada Fernández,214.0,Spain
3825753,2016-01-30,21:30:00.000,1,0,available,unscheduled,2022-02-28T18:43:51.491479,,22,11,Spain,La Liga,27,2015/2016,222,Villarreal,male,,214,Spain,"[{'id': 211, 'name': 'Marcelino García Toral', 'nickname': 'Marcelino', 'dob': '1965-08-14', 'country': {'id': 214, 'name': 'Spain'}}]",1049,Granada,male,,214,Spain,"[{'id': 1617, 'name': 'José Ramón Sandoval Huertas', 'nickname': 'José Ramón Sandoval', 'dob': '1968-05-02', 'country': {'id': 214, 'name': 'Spain'}}]",1.1.0,2,2,1,Regular Season,361,Estadio de la Cerámica,214,Spain,2728.0,Carlos del Cerro Grande,214.0,Spain
3825749,2016-01-25,23:30:00.000,3,2,available,unscheduled,2022-02-28T18:42:46.286891,,21,11,Spain,La Liga,27,2015/2016,221,Levante UD,male,,214,Spain,"[{'id': 677, 'name': 'Joan Francesc Ferrer Sicilia', 'nickname': 'Rubí', 'dob': '1970-02-05', 'country': {'id': 214, 'name': 'Spain'}}]",208,Las Palmas,male,,214,Spain,"[{'id': 238, 'name': 'Enrique Setién Solar', 'nickname': 'Quique Setién', 'dob': '1958-09-27', 'country': {'id': 214, 'name': 'Spain'}}]",1.1.0,2,2,1,Regular Season,350,Estadio Ciudad de Valencia,214,Spain,2535.0,Carlos Velasco Carballo,214.0,Spain
3825747,2016-01-24,13:00:00.000,5,2,available,unscheduled,2022-02-28T18:41:37.465753,,21,11,Spain,La Liga,27,2015/2016,215,Athletic Club,male,,214,Spain,"[{'id': 227, 'name': 'Ernesto Valverde Tejedor', 'nickname': 'Ernesto Valverde', 'dob': '1964-02-09', 'country': {'id': 214, 'name': 'Spain'}}]",322,Eibar,male,,214,Spain,"[{'id': 221, 'name': 'José Luis Mendilibar Etxebarria', 'nickname': 'José Luis Mendilibar', 'dob': '1961-03-14', 'country': {'id': 214, 'name': 'Spain'}}]",1.1.0,2,2,1,Regular Season,345,San Mamés Barria,214,Spain,183.0,Jesús Gil Manzano,214.0,Spain
3825748,2016-01-24,17:00:00.000,0,0,available,unscheduled,2022-02-28T18:40:33.381710,,21,11,Spain,La Liga,27,2015/2016,212,Atlético Madrid,male,,214,Spain,"[{'id': 230, 'name': 'Diego Pablo Simeone', 'nickname': 'Diego Simeone', 'dob': '1970-04-28', 'country': {'id': 11, 'name': 'Argentina'}}]",213,Sevilla,male,,214,Spain,"[{'id': 21, 'name': 'Unai Emery Etxegoien', 'nickname': 'Unai Emery', 'dob': '1971-11-03', 'country': {'id': 214, 'name': 'Spain'}}]",1.1.0,2,2,1,Regular Season,625,Estadio Vicente Calderón,214,Spain,218.0,Ignacio Iglesias Villanueva,214.0,Spain
3825745,2016-01-24,19:15:00.000,1,1,available,unscheduled,2022-02-28T18:39:31.037066,,21,11,Spain,La Liga,27,2015/2016,219,RC Deportivo La Coruña,male,,214,Spain,"[{'id': 3157, 'name': 'Víctor Sánchez del Amo', 'nickname': 'Víctor Sánchez', 'dob': '1976-02-23', 'country': {'id': 214, 'name': 'Spain'}}]",207,Valencia,male,,214,Spain,"[{'id': 2449, 'name': 'Gary Neville', 'nickname': None, 'dob': '1975-02-18', 'country': {'id': 68, 'name': 'England'}}]",1.1.0,2,2,1,Regular Season,4658,Estadio Abanca-Riazor,214,Spain,2692.0,Mario Melero López,214.0,Spain
3825746,2016-01-24,21:30:00.000,1,1,available,unscheduled,2022-02-28T18:38:24.780479,,21,11,Spain,La Liga,27,2015/2016,218,Real Betis,male,,214,Spain,"[{'id': 5049, 'name': 'Juan Merino Ruíz', 'nickname': 'Juan Merino', 'dob': '1970-08-24', 'country': {'id': 214, 'name': 'Spain'}}]",220,Real Madrid,male,,214,Spain,"[{'id': 56, 'name': 'Zinédine Zidane', 'nickname': None, 'dob': '1972-06-23', 'country': {'id': 78, 'name': 'France'}}]",1.1.0,2,2,1,Regular Season,352,Estadio Benito Villamarín,214,Spain,2434.0,Juan Martínez Munuera,214.0,Spain
3825743,2016-01-23,23:05:00.000,3,0,available,unscheduled,2022-02-28T18:37:14.079034,,21,11,Spain,La Liga,27,2015/2016,360,Rayo Vallecano,male,,214,Spain,"[{'id': 220, 'name': 'Francisco Jémez Martín', 'nickname': 'Paco Jémez', 'dob': '1970-04-18', 'country': {'id': 214, 'name': 'Spain'}}]",209,Celta Vigo,male,,214,Spain,"[{'id': 385, 'name': 'Manuel Eduardo Berizzo', 'nickname': 'Eduardo Berizzo', 'dob': '1969-11-13', 'country': {'id': 11, 'name': 'Argentina'}}]",1.1.0,2,2,1,Regular Season,4640,Estadio de Vallecas,214,Spain,2575.0,Santiago Jaime Latre,214.0,Spain
3825744,2016-01-23,19:15:00.000,2,2,available,unscheduled,2022-02-28T18:36:14.797391,,21,11,Spain,La Liga,27,2015/2016,214,Espanyol,male,,214,Spain,"[{'id': 1816, 'name': 'Constantin Gâlcă', 'nickname': None, 'dob': '1972-03-08', 'country': {'id': 187, 'name': 'Romania'}}]",222,Villarreal,male,,214,Spain,"[{'id': 211, 'name': 'Marcelino García Toral', 'nickname': 'Marcelino', 'dob': '1965-08-14', 'country': {'id': 214, 'name': 'Spain'}}]",1.1.0,2,2,1,Regular Season,351,Stage Front Stadium,214,Spain,1015.0,Pedro Jesús Pérez Montero,214.0,Spain
3825742,2016-01-23,21:30:00.000,3,2,available,unscheduled,2022-02-28T18:35:06.328180,,21,11,Spain,La Liga,27,2015/2016,1049,Granada,male,,214,Spain,"[{'id': 1617, 'name': 'José Ramón Sandoval Huertas', 'nickname': 'José Ramón Sandoval', 'dob': '1968-05-02', 'country': {'id': 214, 'name': 'Spain'}}]",216,Getafe,male,,214,Spain,"[{'id': 509, 'name': 'Francisco Escriba Segura', 'nickname': 'Fran Escribá', 'dob': '1965-05-03', 'country': {'id': 214, 'name': 'Spain'}}]",1.1.0,2,2,1,Regular Season,4667,Estadio Nuevo Los Cármenes,214,Spain,2602.0,Ricardo De Burgos Bengoetxea,214.0,Spain
3825741,2016-01-22,21:30:00.000,5,1,available,unscheduled,2022-02-28T18:33:57.816258,,21,11,Spain,La Liga,27,2015/2016,1041,Sporting Gijón,male,,214,Spain,"[{'id': 187, 'name': 'Abelardo Fernández Antuña', 'nickname': 'Abelardo', 'dob': '1970-04-19', 'country': {'id': 214, 'name': 'Spain'}}]",210,Real Sociedad,male,,214,Spain,"[{'id': 229, 'name': 'Eusebio Sacristán Mena', 'nickname': 'Eusebio Sacristán', 'dob': '1964-04-13', 'country': {'id': 214, 'name': 'Spain'}}]",1.1.0,2,2,1,Regular Season,4656,Estadio Municipal El Molinón,214,Spain,222.0,David Fernández Borbalan,214.0,Spain
3825738,2016-01-17,19:15:00.000,0,3,available,unscheduled,2022-02-28T18:29:21.257420,,20,11,Spain,La Liga,27,2015/2016,208,Las Palmas,male,,214,Spain,"[{'id': 238, 'name': 'Enrique Setién Solar', 'nickname': 'Quique Setién', 'dob': '1958-09-27', 'country': {'id': 214, 'name': 'Spain'}}]",212,Atlético Madrid,male,,214,Spain,"[{'id': 230, 'name': 'Diego Pablo Simeone', 'nickname': 'Diego Simeone', 'dob': '1970-04-28', 'country': {'id': 11, 'name': 'Argentina'}}]",1.1.0,2,2,1,Regular Season,357,Estadio de Gran Canaria,214,Spain,2480.0,Iñaki Bikandi Garrido,214.0,Spain
3825737,2016-01-17,19:15:00.000,3,1,available,unscheduled,2022-02-28T18:27:58.219899,,20,11,Spain,La Liga,27,2015/2016,216,Getafe,male,,214,Spain,"[{'id': 509, 'name': 'Francisco Escriba Segura', 'nickname': 'Fran Escribá', 'dob': '1965-05-03', 'country': {'id': 214, 'name': 'Spain'}}]",214,Espanyol,male,,214,Spain,"[{'id': 1816, 'name': 'Constantin Gâlcă', 'nickname': None, 'dob': '1972-03-08', 'country': {'id': 187, 'name': 'Romania'}}]",1.1.0,2,2,1,Regular Season,354,Coliseum Alfonso Pérez,214,Spain,1008.0,Carlos Clos Gómez,214.0,Spain
3825734,2016-01-16,23:05:00.000,1,1,available,unscheduled,2022-02-28T18:26:50.496585,,20,11,Spain,La Liga,27,2015/2016,210,Real Sociedad,male,,214,Spain,"[{'id': 229, 'name': 'Eusebio Sacristán Mena', 'nickname': 'Eusebio Sacristán', 'dob': '1964-04-13', 'country': {'id': 214, 'name': 'Spain'}}]",219,RC Deportivo La Coruña,male,,214,Spain,"[{'id': 3157, 'name': 'Víctor Sánchez del Amo', 'nickname': 'Víctor Sánchez', 'dob': '1976-02-23', 'country': {'id': 214, 'name': 'Spain'}}]",1.1.0,2,2,1,Regular Season,5043,Reale Arena,214,Spain,2434.0,Juan Martínez Munuera,214.0,Spain
3825733,2016-01-16,17:00:00.000,2,1,available,unscheduled,2022-02-28T18:25:32.283331,,20,11,Spain,La Liga,27,2015/2016,213,Sevilla,male,,214,Spain,"[{'id': 21, 'name': 'Unai Emery Etxegoien', 'nickname': 'Unai Emery', 'dob': '1971-11-03', 'country': {'id': 214, 'name': 'Spain'}}]",223,Málaga,male,,214,Spain,"[{'id': 188, 'name': 'Javier Gracia Carlos', 'nickname': 'Javi Gracia', 'dob': '1970-05-01', 'country': {'id': 214, 'name': 'Spain'}}]",1.1.0,2,2,1,Regular Season,349,Estadio Ramón Sánchez Pizjuán,214,Spain,2604.0,Xavier Estrada Fernández,214.0,Spain
3825732,2016-01-16,19:15:00.000,4,3,available,unscheduled,2022-05-08T20:42:44.967990,,20,11,Spain,La Liga,27,2015/2016,209,Celta Vigo,male,,214,Spain,"[{'id': 385, 'name': 'Manuel Eduardo Berizzo', 'nickname': 'Eduardo Berizzo', 'dob': '1969-11-13', 'country': {'id': 11, 'name': 'Argentina'}}]",221,Levante UD,male,,214,Spain,"[{'id': 677, 'name': 'Joan Francesc Ferrer Sicilia', 'nickname': 'Rubí', 'dob': '1970-02-05', 'country': {'id': 214, 'name': 'Spain'}}]",1.1.0,2,2,1,Regular Season,653,Abanca-Balaídos,214,Spain,2728.0,Carlos del Cerro Grande,214.0,Spain
3825735,2016-01-16,21:30:00.000,0,0,available,unscheduled,2022-02-28T18:23:20.109540,,20,11,Spain,La Liga,27,2015/2016,222,Villarreal,male,,214,Spain,"[{'id': 211, 'name': 'Marcelino García Toral', 'nickname': 'Marcelino', 'dob': '1965-08-14', 'country': {'id': 214, 'name': 'Spain'}}]",218,Real Betis,male,,214,Spain,"[{'id': 5049, 'name': 'Juan Merino Ruíz', 'nickname': 'Juan Merino', 'dob': '1970-08-24', 'country': {'id': 214, 'name': 'Spain'}}]",1.1.0,2,2,1,Regular Season,361,Estadio de la Cerámica,214,Spain,211.0,José Luis González González,214.0,Spain
3825729,2016-01-10,13:00:00.000,2,0,available,unscheduled,2022-02-28T18:22:01.925612,,19,11,Spain,La Liga,27,2015/2016,222,Villarreal,male,,214,Spain,"[{'id': 211, 'name': 'Marcelino García Toral', 'nickname': 'Marcelino', 'dob': '1965-08-14', 'country': {'id': 214, 'name': 'Spain'}}]",1041,Sporting Gijón,male,,214,Spain,"[{'id': 187, 'name': 'Abelardo Fernández Antuña', 'nickname': 'Abelardo', 'dob': '1970-04-19', 'country': {'id': 214, 'name': 'Spain'}}]",1.1.0,2,2,1,Regular Season,361,Estadio de la Cerámica,214,Spain,183.0,Jesús Gil Manzano,214.0,Spain
3825728,2016-01-10,21:30:00.000,0,2,available,unscheduled,2022-02-28T18:20:47.466624,,19,11,Spain,La Liga,27,2015/2016,209,Celta Vigo,male,,214,Spain,"[{'id': 385, 'name': 'Manuel Eduardo Berizzo', 'nickname': 'Eduardo Berizzo', 'dob': '1969-11-13', 'country': {'id': 11, 'name': 'Argentina'}}]",212,Atlético Madrid,male,,214,Spain,"[{'id': 230, 'name': 'Diego Pablo Simeone', 'nickname': 'Diego Simeone', 'dob': '1970-04-28', 'country': {'id': 11, 'name': 'Argentina'}}]",1.1.0,2,2,1,Regular Season,653,Abanca-Balaídos,214,Spain,2602.0,Ricardo De Burgos Bengoetxea,214.0,Spain
3825730,2016-01-10,17:00:00.000,2,0,available,unscheduled,2022-02-28T18:19:30.400613,,19,11,Spain,La Liga,27,2015/2016,210,Real Sociedad,male,,214,Spain,"[{'id': 229, 'name': 'Eusebio Sacristán Mena', 'nickname': 'Eusebio Sacristán', 'dob': '1964-04-13', 'country': {'id': 214, 'name': 'Spain'}}]",207,Valencia,male,,214,Spain,"[{'id': 2449, 'name': 'Gary Neville', 'nickname': None, 'dob': '1975-02-18', 'country': {'id': 68, 'name': 'England'}}]",1.1.0,2,2,1,Regular Season,5043,Reale Arena,214,Spain,2608.0,Alejandro José Hernández Hernández,214.0,Spain
3825727,2016-01-10,19:15:00.000,2,1,available,unscheduled,2022-02-28T18:18:18.798052,,19,11,Spain,La Liga,27,2015/2016,322,Eibar,male,,214,Spain,"[{'id': 221, 'name': 'José Luis Mendilibar Etxebarria', 'nickname': 'José Luis Mendilibar', 'dob': '1961-03-14', 'country': {'id': 214, 'name': 'Spain'}}]",214,Espanyol,male,,214,Spain,"[{'id': 1816, 'name': 'Constantin Gâlcă', 'nickname': None, 'dob': '1972-03-08', 'country': {'id': 187, 'name': 'Romania'}}]",1.1.0,2,2,1,Regular Season,347,Estadio Municipal de Ipurúa,214,Spain,2575.0,Santiago Jaime Latre,214.0,Spain
3825723,2016-01-09,23:05:00.000,2,1,available,unscheduled,2022-02-28T18:15:58.192484,,19,11,Spain,La Liga,27,2015/2016,221,Levante UD,male,,214,Spain,"[{'id': 677, 'name': 'Joan Francesc Ferrer Sicilia', 'nickname': 'Rubí', 'dob': '1970-02-05', 'country': {'id': 214, 'name': 'Spain'}}]",360,Rayo Vallecano,male,,214,Spain,"[{'id': 220, 'name': 'Francisco Jémez Martín', 'nickname': 'Paco Jémez', 'dob': '1970-04-18', 'country': {'id': 214, 'name': 'Spain'}}]",1.1.0,2,2,1,Regular Season,350,Estadio Ciudad de Valencia,214,Spain,2692.0,Mario Melero López,214.0,Spain
3825726,2016-01-09,19:15:00.000,2,0,available,unscheduled,2022-02-28T18:14:49.411129,,19,11,Spain,La Liga,27,2015/2016,213,Sevilla,male,,214,Spain,"[{'id': 21, 'name': 'Unai Emery Etxegoien', 'nickname': 'Unai Emery', 'dob': '1971-11-03', 'country': {'id': 214, 'name': 'Spain'}}]",215,Athletic Club,male,,214,Spain,"[{'id': 227, 'name': 'Ernesto Valverde Tejedor', 'nickname': 'Ernesto Valverde', 'dob': '1964-02-09', 'country': {'id': 214, 'name': 'Spain'}}]",1.1.0,2,2,1,Regular Season,349,Estadio Ramón Sánchez Pizjuán,214,Spain,2419.0,Eduardo Prieto Iglesias,214.0,Spain
3825725,2016-01-09,19:15:00.000,1,0,available,unscheduled,2022-02-28T18:13:39.243774,,19,11,Spain,La Liga,27,2015/2016,216,Getafe,male,,214,Spain,"[{'id': 509, 'name': 'Francisco Escriba Segura', 'nickname': 'Fran Escribá', 'dob': '1965-05-03', 'country': {'id': 214, 'name': 'Spain'}}]",218,Real Betis,male,,214,Spain,"[{'id': 57, 'name': 'José Mel Pérez', 'nickname': 'Pepe Mel', 'dob': '1963-02-28', 'country': {'id': 214, 'name': 'Spain'}}]",1.1.0,2,2,1,Regular Season,354,Coliseum Alfonso Pérez,214,Spain,212.0,Alfonso Álvarez Izquierdo,214.0,Spain
3825724,2016-01-09,21:30:00.000,5,0,available,unscheduled,2022-02-28T18:12:30.644759,,19,11,Spain,La Liga,27,2015/2016,220,Real Madrid,male,,214,Spain,"[{'id': 56, 'name': 'Zinédine Zidane', 'nickname': None, 'dob': '1972-06-23', 'country': {'id': 78, 'name': 'France'}}]",219,RC Deportivo La Coruña,male,,214,Spain,"[{'id': 3157, 'name': 'Víctor Sánchez del Amo', 'nickname': 'Víctor Sánchez', 'dob': '1976-02-23', 'country': {'id': 214, 'name': 'Spain'}}]",1.1.0,2,2,1,Regular Season,353,Bernabéu,214,Spain,1015.0,Pedro Jesús Pérez Montero,214.0,Spain
3825722,2016-01-04,21:30:00.000,1,2,available,unscheduled,2022-02-28T18:11:07.992507,,18,11,Spain,La Liga,27,2015/2016,1041,Sporting Gijón,male,,214,Spain,"[{'id': 187, 'name': 'Abelardo Fernández Antuña', 'nickname': 'Abelardo', 'dob': '1970-04-19', 'country': {'id': 214, 'name': 'Spain'}}]",216,Getafe,male,,214,Spain,"[{'id': 509, 'name': 'Francisco Escriba Segura', 'nickname': 'Fran Escribá', 'dob': '1965-05-03', 'country': {'id': 214, 'name': 'Spain'}}]",1.1.0,2,2,1,Regular Season,4656,Estadio Municipal El Molinón,214,Spain,2604.0,Xavier Estrada Fernández,214.0,Spain
3825716,2016-01-03,13:00:00.000,2,2,available,unscheduled,2022-02-28T18:10:06.506074,,18,11,Spain,La Liga,27,2015/2016,360,Rayo Vallecano,male,,214,Spain,"[{'id': 220, 'name': 'Francisco Jémez Martín', 'nickname': 'Paco Jémez', 'dob': '1970-04-18', 'country': {'id': 214, 'name': 'Spain'}}]",210,Real Sociedad,male,,214,Spain,"[{'id': 229, 'name': 'Eusebio Sacristán Mena', 'nickname': 'Eusebio Sacristán', 'dob': '1964-04-13', 'country': {'id': 214, 'name': 'Spain'}}]",1.1.0,2,2,1,Regular Season,4640,Estadio de Vallecas,214,Spain,180.0,Antonio Miguel Mateu Lahoz,214.0,Spain
3825719,2016-01-03,19:15:00.000,2,2,available,unscheduled,2022-02-28T18:09:09.807232,,18,11,Spain,La Liga,27,2015/2016,215,Athletic Club,male,,214,Spain,"[{'id': 227, 'name': 'Ernesto Valverde Tejedor', 'nickname': 'Ernesto Valverde', 'dob': '1964-02-09', 'country': {'id': 214, 'name': 'Spain'}}]",208,Las Palmas,male,,214,Spain,"[{'id': 238, 'name': 'Enrique Setién Solar', 'nickname': 'Quique Setién', 'dob': '1958-09-27', 'country': {'id': 214, 'name': 'Spain'}}]",1.1.0,2,2,1,Regular Season,345,San Mamés Barria,214,Spain,2728.0,Carlos del Cerro Grande,214.0,Spain
3825720,2016-01-03,17:00:00.000,0,4,available,unscheduled,2022-02-28T18:07:52.107657,,18,11,Spain,La Liga,27,2015/2016,218,Real Betis,male,,214,Spain,"[{'id': 57, 'name': 'José Mel Pérez', 'nickname': 'Pepe Mel', 'dob': '1963-02-28', 'country': {'id': 214, 'name': 'Spain'}}]",322,Eibar,male,,214,Spain,"[{'id': 221, 'name': 'José Luis Mendilibar Etxebarria', 'nickname': 'José Luis Mendilibar', 'dob': '1961-03-14', 'country': {'id': 214, 'name': 'Spain'}}]",1.1.0,2,2,1,Regular Season,352,Estadio Benito Villamarín,214,Spain,2419.0,Eduardo Prieto Iglesias,214.0,Spain
3825717,2016-01-03,17:00:00.000,2,1,available,unscheduled,2022-02-28T18:06:47.145038,,18,11,Spain,La Liga,27,2015/2016,1049,Granada,male,,214,Spain,"[{'id': 1000947, 'name': 'Diego Mainz García', 'nickname': None, 'dob': '1982-12-29', 'country': {'id': 214, 'name': 'Spain'}}, {'id': 1617, 'name': 'José Ramón Sandoval Huertas', 'nickname': 'José Ramón Sandoval', 'dob': '1968-05-02', 'country': {'id': 214, 'name': 'Spain'}}]",213,Sevilla,male,,214,Spain,"[{'id': 21, 'name': 'Unai Emery Etxegoien', 'nickname': 'Unai Emery', 'dob': '1971-11-03', 'country': {'id': 214, 'name': 'Spain'}}]",1.1.0,2,2,1,Regular Season,4667,Estadio Nuevo Los Cármenes,214,Spain,221.0,Alberto Undiano Mallenco,214.0,Spain
3825721,2016-01-03,19:15:00.000,1,2,available,unscheduled,2022-02-28T18:05:50.080770,,18,11,Spain,La Liga,27,2015/2016,219,RC Deportivo La Coruña,male,,214,Spain,"[{'id': 3157, 'name': 'Víctor Sánchez del Amo', 'nickname': 'Víctor Sánchez', 'dob': '1976-02-23', 'country': {'id': 214, 'name': 'Spain'}}]",222,Villarreal,male,,214,Spain,"[{'id': 211, 'name': 'Marcelino García Toral', 'nickname': 'Marcelino', 'dob': '1965-08-14', 'country': {'id': 214, 'name': 'Spain'}}]",1.1.0,2,2,1,Regular Season,4658,Estadio Abanca-Riazor,214,Spain,222.0,David Fernández Borbalan,214.0,Spain
3825718,2016-01-03,21:30:00.000,2,2,available,unscheduled,2022-02-28T18:04:40.115783,,18,11,Spain,La Liga,27,2015/2016,207,Valencia,male,,214,Spain,"[{'id': 2449, 'name': 'Gary Neville', 'nickname': None, 'dob': '1975-02-18', 'country': {'id': 68, 'name': 'England'}}]",220,Real Madrid,male,,214,Spain,"[{'id': 148, 'name': 'Rafael Benítez Maudes', 'nickname': 'Rafael Benítez', 'dob': '1960-04-16', 'country': {'id': 214, 'name': 'Spain'}}]",1.1.0,2,2,1,Regular Season,344,Estadio de Mestalla,214,Spain,2625.0,José María Sánchez Martínez,214.0,Spain
3825715,2016-01-02,23:05:00.000,2,0,available,unscheduled,2022-02-28T18:03:31.876574,,18,11,Spain,La Liga,27,2015/2016,223,Málaga,male,,214,Spain,"[{'id': 188, 'name': 'Javier Gracia Carlos', 'nickname': 'Javi Gracia', 'dob': '1970-05-01', 'country': {'id': 214, 'name': 'Spain'}}]",209,Celta Vigo,male,,214,Spain,"[{'id': 385, 'name': 'Manuel Eduardo Berizzo', 'nickname': 'Eduardo Berizzo', 'dob': '1969-11-13', 'country': {'id': 11, 'name': 'Argentina'}}]",1.1.0,2,2,1,Regular Season,346,Estadio La Rosaleda,214,Spain,2480.0,Iñaki Bikandi Garrido,214.0,Spain
3825714,2016-01-02,21:30:00.000,1,0,available,unscheduled,2022-02-28T18:02:27.234176,,18,11,Spain,La Liga,27,2015/2016,212,Atlético Madrid,male,,214,Spain,"[{'id': 230, 'name': 'Diego Pablo Simeone', 'nickname': 'Diego Simeone', 'dob': '1970-04-28', 'country': {'id': 11, 'name': 'Argentina'}}]",221,Levante UD,male,,214,Spain,"[{'id': 677, 'name': 'Joan Francesc Ferrer Sicilia', 'nickname': 'Rubí', 'dob': '1970-02-05', 'country': {'id': 214, 'name': 'Spain'}}]",1.1.0,2,2,1,Regular Season,625,Estadio Vicente Calderón,214,Spain,1008.0,Carlos Clos Gómez,214.0,Spain
3825713,2015-12-31,17:00:00.000,1,0,available,unscheduled,2022-02-28T18:01:19.434436,,17,11,Spain,La Liga,27,2015/2016,222,Villarreal,male,,214,Spain,"[{'id': 211, 'name': 'Marcelino García Toral', 'nickname': 'Marcelino', 'dob': '1965-08-14', 'country': {'id': 214, 'name': 'Spain'}}]",207,Valencia,male,,214,Spain,"[{'id': 2449, 'name': 'Gary Neville', 'nickname': None, 'dob': '1975-02-18', 'country': {'id': 68, 'name': 'England'}}]",1.1.0,2,2,1,Regular Season,361,Estadio de la Cerámica,214,Spain,212.0,Alfonso Álvarez Izquierdo,214.0,Spain
3825710,2015-12-30,17:00:00.000,3,1,available,unscheduled,2022-02-28T18:00:13.457657,,17,11,Spain,La Liga,27,2015/2016,220,Real Madrid,male,,214,Spain,"[{'id': 148, 'name': 'Rafael Benítez Maudes', 'nickname': 'Rafael Benítez', 'dob': '1960-04-16', 'country': {'id': 214, 'name': 'Spain'}}]",210,Real Sociedad,male,,214,Spain,"[{'id': 229, 'name': 'Eusebio Sacristán Mena', 'nickname': 'Eusebio Sacristán', 'dob': '1964-04-13', 'country': {'id': 214, 'name': 'Spain'}}]",1.1.0,2,2,1,Regular Season,353,Bernabéu,214,Spain,211.0,José Luis González González,214.0,Spain
3825709,2015-12-30,19:15:00.000,2,0,available,unscheduled,2022-02-28T17:58:58.300770,,17,11,Spain,La Liga,27,2015/2016,213,Sevilla,male,,214,Spain,"[{'id': 21, 'name': 'Unai Emery Etxegoien', 'nickname': 'Unai Emery', 'dob': '1971-11-03', 'country': {'id': 214, 'name': 'Spain'}}]",214,Espanyol,male,,214,Spain,"[{'id': 1816, 'name': 'Constantin Gâlcă', 'nickname': None, 'dob': '1972-03-08', 'country': {'id': 187, 'name': 'Romania'}}]",1.1.0,2,2,1,Regular Season,349,Estadio Ramón Sánchez Pizjuán,214,Spain,218.0,Ignacio Iglesias Villanueva,214.0,Spain
3825646,2015-10-31,19:15:00.000,2,1,available,unscheduled,2022-02-14T14:54:15.171327,,10,11,Spain,La Liga,27,2015/2016,222,Villarreal,male,,214,Spain,"[{'id': 211, 'name': 'Marcelino García Toral', 'nickname': 'Marcelino', 'dob': '1965-08-14', 'country': {'id': 214, 'name': 'Spain'}}]",213,Sevilla,male,,214,Spain,"[{'id': 21, 'name': 'Unai Emery Etxegoien', 'nickname': 'Unai Emery', 'dob': '1971-11-03', 'country': {'id': 214, 'name': 'Spain'}}]",1.1.0,2,2,1,Regular Season,361,Estadio de la Cerámica,214,Spain,2625.0,José María Sánchez Martínez,214.0,Spain
3825645,2015-10-31,21:30:00.000,0,2,available,unscheduled,2022-02-14T14:53:16.243302,,10,11,Spain,La Liga,27,2015/2016,216,Getafe,male,,214,Spain,"[{'id': 509, 'name': 'Francisco Escriba Segura', 'nickname': 'Fran Escribá', 'dob': '1965-05-03', 'country': {'id': 214, 'name': 'Spain'}}]",217,Barcelona,male,,214,Spain,"[{'id': 793, 'name': 'Luis Enrique Martínez García', 'nickname': 'Luis Enrique', 'dob': '1970-05-08', 'country': {'id': 214, 'name': 'Spain'}}]",1.1.0,2,2,1,Regular Season,354,Coliseum Alfonso Pérez,214,Spain,2434.0,Juan Martínez Munuera,214.0,Spain
3825644,2015-10-31,23:05:00.000,2,3,available,unscheduled,2022-02-14T14:52:09.202796,,10,11,Spain,La Liga,27,2015/2016,210,Real Sociedad,male,,214,Spain,"[{'id': 86, 'name': 'David Moyes', 'nickname': None, 'dob': '1963-04-25', 'country': {'id': 201, 'name': 'Scotland'}}]",209,Celta Vigo,male,,214,Spain,"[{'id': 385, 'name': 'Manuel Eduardo Berizzo', 'nickname': 'Eduardo Berizzo', 'dob': '1969-11-13', 'country': {'id': 11, 'name': 'Argentina'}}]",1.1.0,2,2,1,Regular Season,5043,Reale Arena,214,Spain,222.0,David Fernández Borbalan,214.0,Spain
3825640,2015-10-25,12:00:00.000,0,4,available,unscheduled,2022-02-14T14:47:34.836708,,9,11,Spain,La Liga,27,2015/2016,221,Levante UD,male,,214,Spain,"[{'id': 1612, 'name': 'Luis Lucas Alcaraz González', 'nickname': 'Lucas Alcaraz', 'dob': '1966-06-21', 'country': {'id': 214, 'name': 'Spain'}}]",210,Real Sociedad,male,,214,Spain,"[{'id': 86, 'name': 'David Moyes', 'nickname': None, 'dob': '1963-04-25', 'country': {'id': 201, 'name': 'Scotland'}}]",1.1.0,2,2,1,Regular Season,350,Estadio Ciudad de Valencia,214,Spain,221.0,Alberto Undiano Mallenco,214.0,Spain
3825639,2015-10-25,16:00:00.000,0,0,available,unscheduled,2022-02-14T14:46:38.316875,,9,11,Spain,La Liga,27,2015/2016,208,Las Palmas,male,,214,Spain,"[{'id': 238, 'name': 'Enrique Setién Solar', 'nickname': 'Quique Setién', 'dob': '1958-09-27', 'country': {'id': 214, 'name': 'Spain'}}]",222,Villarreal,male,,214,Spain,"[{'id': 211, 'name': 'Marcelino García Toral', 'nickname': 'Marcelino', 'dob': '1965-08-14', 'country': {'id': 214, 'name': 'Spain'}}]",1.1.0,2,2,1,Regular Season,357,Estadio de Gran Canaria,214,Spain,2604.0,Xavier Estrada Fernández,214.0,Spain
3825636,2015-10-24,22:05:00.000,2,0,available,unscheduled,2022-02-14T14:43:20.674013,,9,11,Spain,La Liga,27,2015/2016,223,Málaga,male,,214,Spain,"[{'id': 188, 'name': 'Javier Gracia Carlos', 'nickname': 'Javi Gracia', 'dob': '1970-05-01', 'country': {'id': 214, 'name': 'Spain'}}]",219,RC Deportivo La Coruña,male,,214,Spain,"[{'id': 3157, 'name': 'Víctor Sánchez del Amo', 'nickname': 'Víctor Sánchez', 'dob': '1976-02-23', 'country': {'id': 214, 'name': 'Spain'}}]",1.1.0,2,2,1,Regular Season,346,Estadio La Rosaleda,214,Spain,2535.0,Carlos Velasco Carballo,214.0,Spain
3825635,2015-10-24,16:00:00.000,1,3,available,unscheduled,2022-02-14T14:42:19.195319,,9,11,Spain,La Liga,27,2015/2016,209,Celta Vigo,male,,214,Spain,"[{'id': 385, 'name': 'Manuel Eduardo Berizzo', 'nickname': 'Eduardo Berizzo', 'dob': '1969-11-13', 'country': {'id': 11, 'name': 'Argentina'}}]",220,Real Madrid,male,,214,Spain,"[{'id': 148, 'name': 'Rafael Benítez Maudes', 'nickname': 'Rafael Benítez', 'dob': '1960-04-16', 'country': {'id': 214, 'name': 'Spain'}}]",1.1.0,2,2,1,Regular Season,653,Abanca-Balaídos,214,Spain,1008.0,Carlos Clos Gómez,214.0,Spain
3825634,2015-10-24,18:15:00.000,1,1,available,unscheduled,2022-02-14T14:41:11.223964,,9,11,Spain,La Liga,27,2015/2016,1049,Granada,male,,214,Spain,"[{'id': 1617, 'name': 'José Ramón Sandoval Huertas', 'nickname': 'José Ramón Sandoval', 'dob': '1968-05-02', 'country': {'id': 214, 'name': 'Spain'}}]",218,Real Betis,male,,214,Spain,"[{'id': 57, 'name': 'José Mel Pérez', 'nickname': 'Pepe Mel', 'dob': '1963-02-28', 'country': {'id': 214, 'name': 'Spain'}}]",1.1.0,2,2,1,Regular Season,4667,Estadio Nuevo Los Cármenes,214,Spain,180.0,Antonio Miguel Mateu Lahoz,214.0,Spain
3825633,2015-10-23,20:30:00.000,3,0,available,unscheduled,2022-02-14T14:40:05.569770,,9,11,Spain,La Liga,27,2015/2016,360,Rayo Vallecano,male,,214,Spain,"[{'id': 220, 'name': 'Francisco Jémez Martín', 'nickname': 'Paco Jémez', 'dob': '1970-04-18', 'country': {'id': 214, 'name': 'Spain'}}]",214,Espanyol,male,,214,Spain,"[{'id': 576, 'name': 'Sergio González Soriano', 'nickname': 'Sergio', 'dob': '1976-11-10', 'country': {'id': 214, 'name': 'Spain'}}]",1.1.0,2,2,1,Regular Season,4640,Estadio de Vallecas,214,Spain,2419.0,Eduardo Prieto Iglesias,214.0,Spain
3825632,2015-10-19,20:30:00.000,3,3,available,unscheduled,2022-02-14T14:39:07.545580,,8,11,Spain,La Liga,27,2015/2016,1041,Sporting Gijón,male,,214,Spain,"[{'id': 187, 'name': 'Abelardo Fernández Antuña', 'nickname': 'Abelardo', 'dob': '1970-04-19', 'country': {'id': 214, 'name': 'Spain'}}]",1049,Granada,male,,214,Spain,"[{'id': 1617, 'name': 'José Ramón Sandoval Huertas', 'nickname': 'José Ramón Sandoval', 'dob': '1968-05-02', 'country': {'id': 214, 'name': 'Spain'}}]",1.1.0,2,2,1,Regular Season,4656,Estadio Municipal El Molinón,214,Spain,212.0,Alfonso Álvarez Izquierdo,214.0,Spain
3825631,2015-10-18,16:00:00.000,0,2,available,unscheduled,2022-02-14T14:38:08.447743,,8,11,Spain,La Liga,27,2015/2016,210,Real Sociedad,male,,214,Spain,"[{'id': 86, 'name': 'David Moyes', 'nickname': None, 'dob': '1963-04-25', 'country': {'id': 201, 'name': 'Scotland'}}]",212,Atlético Madrid,male,,214,Spain,"[{'id': 230, 'name': 'Diego Pablo Simeone', 'nickname': 'Diego Simeone', 'dob': '1970-04-28', 'country': {'id': 11, 'name': 'Argentina'}}]",1.1.0,2,2,1,Regular Season,5043,Reale Arena,214,Spain,218.0,Ignacio Iglesias Villanueva,214.0,Spain
3825630,2015-10-18,20:30:00.000,2,2,available,unscheduled,2022-02-14T14:37:04.366947,,8,11,Spain,La Liga,27,2015/2016,219,RC Deportivo La Coruña,male,,214,Spain,"[{'id': 3157, 'name': 'Víctor Sánchez del Amo', 'nickname': 'Víctor Sánchez', 'dob': '1976-02-23', 'country': {'id': 214, 'name': 'Spain'}}]",215,Athletic Club,male,,214,Spain,"[{'id': 227, 'name': 'Ernesto Valverde Tejedor', 'nickname': 'Ernesto Valverde', 'dob': '1964-02-09', 'country': {'id': 214, 'name': 'Spain'}}]",1.1.0,2,2,1,Regular Season,4658,Estadio Abanca-Riazor,214,Spain,2575.0,Santiago Jaime Latre,214.0,Spain
3825629,2015-10-18,12:00:00.000,1,2,available,unscheduled,2022-02-14T14:35:59.112417,,8,11,Spain,La Liga,27,2015/2016,222,Villarreal,male,,214,Spain,"[{'id': 211, 'name': 'Marcelino García Toral', 'nickname': 'Marcelino', 'dob': '1965-08-14', 'country': {'id': 214, 'name': 'Spain'}}]",209,Celta Vigo,male,,214,Spain,"[{'id': 385, 'name': 'Manuel Eduardo Berizzo', 'nickname': 'Eduardo Berizzo', 'dob': '1969-11-13', 'country': {'id': 11, 'name': 'Argentina'}}]",1.1.0,2,2,1,Regular Season,361,Estadio de la Cerámica,214,Spain,211.0,José Luis González González,214.0,Spain
3825627,2015-10-17,20:30:00.000,5,2,available,unscheduled,2022-02-14T14:33:42.685284,,8,11,Spain,La Liga,27,2015/2016,217,Barcelona,male,,214,Spain,"[{'id': 793, 'name': 'Luis Enrique Martínez García', 'nickname': 'Luis Enrique', 'dob': '1970-05-08', 'country': {'id': 214, 'name': 'Spain'}}]",360,Rayo Vallecano,male,,214,Spain,"[{'id': 220, 'name': 'Francisco Jémez Martín', 'nickname': 'Paco Jémez', 'dob': '1970-04-18', 'country': {'id': 214, 'name': 'Spain'}}]",1.1.0,2,2,1,Regular Season,342,Spotify Camp Nou,214,Spain,1015.0,Pedro Jesús Pérez Montero,214.0,Spain
3825625,2015-10-17,16:00:00.000,3,0,available,unscheduled,2022-02-14T14:31:20.757603,,8,11,Spain,La Liga,27,2015/2016,220,Real Madrid,male,,214,Spain,"[{'id': 148, 'name': 'Rafael Benítez Maudes', 'nickname': 'Rafael Benítez', 'dob': '1960-04-16', 'country': {'id': 214, 'name': 'Spain'}}]",221,Levante UD,male,,214,Spain,"[{'id': 1612, 'name': 'Luis Lucas Alcaraz González', 'nickname': 'Lucas Alcaraz', 'dob': '1966-06-21', 'country': {'id': 214, 'name': 'Spain'}}]",1.1.0,2,2,1,Regular Season,353,Bernabéu,214,Spain,2625.0,José María Sánchez Martínez,214.0,Spain
3825624,2015-10-17,18:15:00.000,1,1,available,unscheduled,2022-02-14T14:30:14.846619,,8,11,Spain,La Liga,27,2015/2016,322,Eibar,male,,214,Spain,"[{'id': 221, 'name': 'José Luis Mendilibar Etxebarria', 'nickname': 'José Luis Mendilibar', 'dob': '1961-03-14', 'country': {'id': 214, 'name': 'Spain'}}]",213,Sevilla,male,,214,Spain,"[{'id': 21, 'name': 'Unai Emery Etxegoien', 'nickname': 'Unai Emery', 'dob': '1971-11-03', 'country': {'id': 214, 'name': 'Spain'}}]",1.1.0,2,2,1,Regular Season,347,Estadio Municipal de Ipurúa,214,Spain,2434.0,Juan Martínez Munuera,214.0,Spain
3825622,2015-10-04,16:00:00.000,3,1,available,unscheduled,2022-02-14T14:28:07.257464,,7,11,Spain,La Liga,27,2015/2016,215,Athletic Club,male,,214,Spain,"[{'id': 227, 'name': 'Ernesto Valverde Tejedor', 'nickname': 'Ernesto Valverde', 'dob': '1964-02-09', 'country': {'id': 214, 'name': 'Spain'}}]",207,Valencia,male,,214,Spain,"[{'id': 396, 'name': 'Nuno Herlander Simões Espírito Santo', 'nickname': 'Nuno Espírito Santo', 'dob': '1974-01-25', 'country': {'id': 183, 'name': 'Portugal'}}]",1.1.0,2,2,1,Regular Season,345,San Mamés Barria,214,Spain,2604.0,Xavier Estrada Fernández,214.0,Spain
3825621,2015-10-04,20:30:00.000,1,1,available,unscheduled,2022-02-14T14:27:00.505408,,7,11,Spain,La Liga,27,2015/2016,212,Atlético Madrid,male,,214,Spain,"[{'id': 230, 'name': 'Diego Pablo Simeone', 'nickname': 'Diego Simeone', 'dob': '1970-04-28', 'country': {'id': 11, 'name': 'Argentina'}}]",220,Real Madrid,male,,214,Spain,"[{'id': 148, 'name': 'Rafael Benítez Maudes', 'nickname': 'Rafael Benítez', 'dob': '1960-04-16', 'country': {'id': 214, 'name': 'Spain'}}]",1.1.0,2,2,1,Regular Season,625,Estadio Vicente Calderón,214,Spain,221.0,Alberto Undiano Mallenco,214.0,Spain
3825620,2015-10-04,12:00:00.000,0,2,available,unscheduled,2022-02-14T14:25:30.842312,,7,11,Spain,La Liga,27,2015/2016,360,Rayo Vallecano,male,,214,Spain,"[{'id': 220, 'name': 'Francisco Jémez Martín', 'nickname': 'Paco Jémez', 'dob': '1970-04-18', 'country': {'id': 214, 'name': 'Spain'}}]",218,Real Betis,male,,214,Spain,"[{'id': 57, 'name': 'José Mel Pérez', 'nickname': 'Pepe Mel', 'dob': '1963-02-28', 'country': {'id': 214, 'name': 'Spain'}}]",1.1.0,2,2,1,Regular Season,4640,Estadio de Vallecas,214,Spain,218.0,Ignacio Iglesias Villanueva,214.0,Spain
3825617,2015-10-03,16:00:00.000,2,1,available,unscheduled,2022-02-14T14:22:14.714154,,7,11,Spain,La Liga,27,2015/2016,213,Sevilla,male,,214,Spain,"[{'id': 21, 'name': 'Unai Emery Etxegoien', 'nickname': 'Unai Emery', 'dob': '1971-11-03', 'country': {'id': 214, 'name': 'Spain'}}]",217,Barcelona,male,,214,Spain,"[{'id': 793, 'name': 'Luis Enrique Martínez García', 'nickname': 'Luis Enrique', 'dob': '1970-05-08', 'country': {'id': 214, 'name': 'Spain'}}]",1.1.0,2,2,1,Regular Season,349,Estadio Ramón Sánchez Pizjuán,214,Spain,183.0,Jesús Gil Manzano,214.0,Spain
3825615,2015-10-03,20:30:00.000,1,2,available,unscheduled,2022-02-14T14:19:55.175764,,7,11,Spain,La Liga,27,2015/2016,214,Espanyol,male,,214,Spain,"[{'id': 576, 'name': 'Sergio González Soriano', 'nickname': 'Sergio', 'dob': '1976-11-10', 'country': {'id': 214, 'name': 'Spain'}}]",1041,Sporting Gijón,male,,214,Spain,"[{'id': 187, 'name': 'Abelardo Fernández Antuña', 'nickname': 'Abelardo', 'dob': '1970-04-19', 'country': {'id': 214, 'name': 'Spain'}}]",1.1.0,2,2,1,Regular Season,351,Stage Front Stadium,214,Spain,1008.0,Carlos Clos Gómez,214.0,Spain
3825613,2015-10-02,20:30:00.000,0,0,available,unscheduled,2022-02-14T14:17:44.299261,,7,11,Spain,La Liga,27,2015/2016,209,Celta Vigo,male,,214,Spain,"[{'id': 385, 'name': 'Manuel Eduardo Berizzo', 'nickname': 'Eduardo Berizzo', 'dob': '1969-11-13', 'country': {'id': 11, 'name': 'Argentina'}}]",216,Getafe,male,,214,Spain,"[{'id': 509, 'name': 'Francisco Escriba Segura', 'nickname': 'Fran Escribá', 'dob': '1965-05-03', 'country': {'id': 214, 'name': 'Spain'}}]",1.1.0,2,2,1,Regular Season,653,Abanca-Balaídos,214,Spain,2419.0,Eduardo Prieto Iglesias,214.0,Spain
3825610,2015-09-27,12:00:00.000,1,2,available,unscheduled,2022-02-14T14:14:28.396092,,6,11,Spain,La Liga,27,2015/2016,1041,Sporting Gijón,male,,214,Spain,"[{'id': 187, 'name': 'Abelardo Fernández Antuña', 'nickname': 'Abelardo', 'dob': '1970-04-19', 'country': {'id': 214, 'name': 'Spain'}}]",218,Real Betis,male,,214,Spain,"[{'id': 57, 'name': 'José Mel Pérez', 'nickname': 'Pepe Mel', 'dob': '1963-02-28', 'country': {'id': 214, 'name': 'Spain'}}]",1.1.0,2,2,1,Regular Season,4656,Estadio Municipal El Molinón,214,Spain,2434.0,Juan Martínez Munuera,214.0,Spain
3825606,2015-09-26,18:15:00.000,0,0,available,unscheduled,2022-02-14T14:09:50.332269,,6,11,Spain,La Liga,27,2015/2016,220,Real Madrid,male,,214,Spain,"[{'id': 148, 'name': 'Rafael Benítez Maudes', 'nickname': 'Rafael Benítez', 'dob': '1960-04-16', 'country': {'id': 214, 'name': 'Spain'}}]",223,Málaga,male,,214,Spain,"[{'id': 188, 'name': 'Javier Gracia Carlos', 'nickname': 'Javi Gracia', 'dob': '1970-05-01', 'country': {'id': 214, 'name': 'Spain'}}]",1.1.0,2,2,1,Regular Season,353,Bernabéu,214,Spain,211.0,José Luis González González,214.0,Spain
3825605,2015-09-26,20:30:00.000,3,2,available,unscheduled,2022-02-14T14:08:37.843951,,6,11,Spain,La Liga,27,2015/2016,213,Sevilla,male,,214,Spain,"[{'id': 21, 'name': 'Unai Emery Etxegoien', 'nickname': 'Unai Emery', 'dob': '1971-11-03', 'country': {'id': 214, 'name': 'Spain'}}]",360,Rayo Vallecano,male,,214,Spain,"[{'id': 220, 'name': 'Francisco Jémez Martín', 'nickname': 'Paco Jémez', 'dob': '1970-04-18', 'country': {'id': 214, 'name': 'Spain'}}]",1.1.0,2,2,1,Regular Season,349,Estadio Ramón Sánchez Pizjuán,214,Spain,2608.0,Alejandro José Hernández Hernández,214.0,Spain
3825604,2015-09-25,20:30:00.000,1,0,available,unscheduled,2022-02-14T14:07:32.217834,,6,11,Spain,La Liga,27,2015/2016,207,Valencia,male,,214,Spain,"[{'id': 396, 'name': 'Nuno Herlander Simões Espírito Santo', 'nickname': 'Nuno Espírito Santo', 'dob': '1974-01-25', 'country': {'id': 183, 'name': 'Portugal'}}]",1049,Granada,male,,214,Spain,"[{'id': 1617, 'name': 'José Ramón Sandoval Huertas', 'nickname': 'José Ramón Sandoval', 'dob': '1968-05-02', 'country': {'id': 214, 'name': 'Spain'}}]",1.1.0,2,2,1,Regular Season,344,Estadio de Mestalla,214,Spain,1008.0,Carlos Clos Gómez,214.0,Spain
3825603,2015-09-24,22:05:00.000,1,2,available,unscheduled,2022-02-14T14:06:27.614868,,5,11,Spain,La Liga,27,2015/2016,218,Real Betis,male,,214,Spain,"[{'id': 57, 'name': 'José Mel Pérez', 'nickname': 'Pepe Mel', 'dob': '1963-02-28', 'country': {'id': 214, 'name': 'Spain'}}]",219,RC Deportivo La Coruña,male,,214,Spain,"[{'id': 3157, 'name': 'Víctor Sánchez del Amo', 'nickname': 'Víctor Sánchez', 'dob': '1976-02-23', 'country': {'id': 214, 'name': 'Spain'}}]",1.1.0,2,2,1,Regular Season,352,Estadio Benito Villamarín,214,Spain,183.0,Jesús Gil Manzano,214.0,Spain
3825602,2015-09-23,21:00:00.000,1,2,available,unscheduled,2022-02-14T14:05:25.376369,,5,11,Spain,La Liga,27,2015/2016,215,Athletic Club,male,,214,Spain,"[{'id': 227, 'name': 'Ernesto Valverde Tejedor', 'nickname': 'Ernesto Valverde', 'dob': '1964-02-09', 'country': {'id': 214, 'name': 'Spain'}}]",220,Real Madrid,male,,214,Spain,"[{'id': 148, 'name': 'Rafael Benítez Maudes', 'nickname': 'Rafael Benítez', 'dob': '1960-04-16', 'country': {'id': 214, 'name': 'Spain'}}]",1.1.0,2,2,1,Regular Season,345,San Mamés Barria,214,Spain,180.0,Antonio Miguel Mateu Lahoz,214.0,Spain
3825600,2015-09-23,22:00:00.000,0,1,available,unscheduled,2022-02-14T14:03:16.036489,,5,11,Spain,La Liga,27,2015/2016,223,Málaga,male,,214,Spain,"[{'id': 188, 'name': 'Javier Gracia Carlos', 'nickname': 'Javi Gracia', 'dob': '1970-05-01', 'country': {'id': 214, 'name': 'Spain'}}]",222,Villarreal,male,,214,Spain,"[{'id': 211, 'name': 'Marcelino García Toral', 'nickname': 'Marcelino', 'dob': '1965-08-14', 'country': {'id': 214, 'name': 'Spain'}}]",1.1.0,2,2,1,Regular Season,346,Estadio La Rosaleda,214,Spain,2602.0,Ricardo De Burgos Bengoetxea,214.0,Spain
3825599,2015-09-22,20:00:00.000,1,0,available,unscheduled,2022-02-14T14:02:04.263765,,5,11,Spain,La Liga,27,2015/2016,214,Espanyol,male,,214,Spain,"[{'id': 576, 'name': 'Sergio González Soriano', 'nickname': 'Sergio', 'dob': '1976-11-10', 'country': {'id': 214, 'name': 'Spain'}}]",207,Valencia,male,,214,Spain,"[{'id': 396, 'name': 'Nuno Herlander Simões Espírito Santo', 'nickname': 'Nuno Espírito Santo', 'dob': '1974-01-25', 'country': {'id': 183, 'name': 'Portugal'}}]",1.1.0,2,2,1,Regular Season,351,Stage Front Stadium,214,Spain,218.0,Ignacio Iglesias Villanueva,214.0,Spain
3825597,2015-09-20,20:30:00.000,0,1,available,unscheduled,2022-02-14T13:59:51.478499,,4,11,Spain,La Liga,27,2015/2016,208,Las Palmas,male,,214,Spain,"[{'id': 745, 'name': 'Francisco Herrera Lorenzo', 'nickname': 'Paco Herrera', 'dob': '1953-12-02', 'country': {'id': 214, 'name': 'Spain'}}]",360,Rayo Vallecano,male,,214,Spain,"[{'id': 220, 'name': 'Francisco Jémez Martín', 'nickname': 'Paco Jémez', 'dob': '1970-04-18', 'country': {'id': 214, 'name': 'Spain'}}]",1.1.0,2,2,1,Regular Season,357,Estadio de Gran Canaria,214,Spain,211.0,José Luis González González,214.0,Spain
3825596,2015-09-20,14:00:00.000,2,3,available,unscheduled,2025-04-23T13:59:22.835792,,4,11,Spain,La Liga,27,2015/2016,219,RC Deportivo La Coruña,male,,214,Spain,"[{'id': 3157, 'name': 'Víctor Sánchez del Amo', 'nickname': 'Víctor Sánchez', 'dob': '1976-02-23', 'country': {'id': 214, 'name': 'Spain'}}]",1041,Sporting Gijón,male,,214,Spain,"[{'id': 187, 'name': 'Abelardo Fernández Antuña', 'nickname': 'Abelardo', 'dob': '1970-04-19', 'country': {'id': 214, 'name': 'Spain'}}]",1.1.0,2,2,1,Regular Season,4658,Estadio Abanca-Riazor,214,Spain,2419.0,Eduardo Prieto Iglesias,214.0,Spain
3825594,2015-09-20,12:00:00.000,1,2,available,unscheduled,2022-02-14T13:56:35.003455,,4,11,Spain,La Liga,27,2015/2016,213,Sevilla,male,,214,Spain,"[{'id': 21, 'name': 'Unai Emery Etxegoien', 'nickname': 'Unai Emery', 'dob': '1971-11-03', 'country': {'id': 214, 'name': 'Spain'}}]",209,Celta Vigo,male,,214,Spain,"[{'id': 385, 'name': 'Manuel Eduardo Berizzo', 'nickname': 'Eduardo Berizzo', 'dob': '1969-11-13', 'country': {'id': 11, 'name': 'Argentina'}}]",1.1.0,2,2,1,Regular Season,349,Estadio Ramón Sánchez Pizjuán,214,Spain,2575.0,Santiago Jaime Latre,214.0,Spain
3825593,2015-09-19,20:30:00.000,0,2,available,unscheduled,2022-02-14T13:55:33.381508,,4,11,Spain,La Liga,27,2015/2016,322,Eibar,male,,214,Spain,"[{'id': 221, 'name': 'José Luis Mendilibar Etxebarria', 'nickname': 'José Luis Mendilibar', 'dob': '1961-03-14', 'country': {'id': 214, 'name': 'Spain'}}]",212,Atlético Madrid,male,,214,Spain,"[{'id': 230, 'name': 'Diego Pablo Simeone', 'nickname': 'Diego Simeone', 'dob': '1970-04-28', 'country': {'id': 11, 'name': 'Argentina'}}]",1.1.0,2,2,1,Regular Season,347,Estadio Municipal de Ipurúa,214,Spain,2608.0,Alejandro José Hernández Hernández,214.0,Spain
3825592,2015-09-19,22:00:00.000,2,3,available,unscheduled,2022-02-14T13:54:19.200580,,4,11,Spain,La Liga,27,2015/2016,210,Real Sociedad,male,,214,Spain,"[{'id': 86, 'name': 'David Moyes', 'nickname': None, 'dob': '1963-04-25', 'country': {'id': 201, 'name': 'Scotland'}}]",214,Espanyol,male,,214,Spain,"[{'id': 576, 'name': 'Sergio González Soriano', 'nickname': 'Sergio', 'dob': '1976-11-10', 'country': {'id': 214, 'name': 'Spain'}}]",1.1.0,2,2,1,Regular Season,5043,Reale Arena,214,Spain,1015.0,Pedro Jesús Pérez Montero,214.0,Spain
3825591,2015-09-19,18:15:00.000,0,0,available,unscheduled,2022-02-14T13:53:19.772892,,4,11,Spain,La Liga,27,2015/2016,207,Valencia,male,,214,Spain,"[{'id': 396, 'name': 'Nuno Herlander Simões Espírito Santo', 'nickname': 'Nuno Espírito Santo', 'dob': '1974-01-25', 'country': {'id': 183, 'name': 'Portugal'}}]",218,Real Betis,male,,214,Spain,"[{'id': 57, 'name': 'José Mel Pérez', 'nickname': 'Pepe Mel', 'dob': '1963-02-28', 'country': {'id': 214, 'name': 'Spain'}}]",1.1.0,2,2,1,Regular Season,344,Estadio de Mestalla,214,Spain,2535.0,Carlos Velasco Carballo,214.0,Spain
3825590,2015-09-19,16:00:00.000,1,0,available,unscheduled,2022-02-14T13:52:19.339398,,4,11,Spain,La Liga,27,2015/2016,220,Real Madrid,male,,214,Spain,"[{'id': 148, 'name': 'Rafael Benítez Maudes', 'nickname': 'Rafael Benítez', 'dob': '1960-04-16', 'country': {'id': 214, 'name': 'Spain'}}]",1049,Granada,male,,214,Spain,"[{'id': 1617, 'name': 'José Ramón Sandoval Huertas', 'nickname': 'José Ramón Sandoval', 'dob': '1968-05-02', 'country': {'id': 214, 'name': 'Spain'}}]",1.1.0,2,2,1,Regular Season,353,Bernabéu,214,Spain,2434.0,Juan Martínez Munuera,214.0,Spain
3825589,2015-09-18,20:30:00.000,1,0,available,unscheduled,2022-02-14T13:51:15.200077,,4,11,Spain,La Liga,27,2015/2016,216,Getafe,male,,214,Spain,"[{'id': 509, 'name': 'Francisco Escriba Segura', 'nickname': 'Fran Escribá', 'dob': '1965-05-03', 'country': {'id': 214, 'name': 'Spain'}}]",223,Málaga,male,,214,Spain,"[{'id': 188, 'name': 'Javier Gracia Carlos', 'nickname': 'Javi Gracia', 'dob': '1970-05-01', 'country': {'id': 214, 'name': 'Spain'}}]",1.1.0,2,2,1,Regular Season,354,Coliseum Alfonso Pérez,214,Spain,2625.0,José María Sánchez Martínez,214.0,Spain
3825588,2015-09-14,20:30:00.000,1,3,available,unscheduled,2022-02-14T13:50:07.055822,,3,11,Spain,La Liga,27,2015/2016,360,Rayo Vallecano,male,,214,Spain,"[{'id': 220, 'name': 'Francisco Jémez Martín', 'nickname': 'Paco Jémez', 'dob': '1970-04-18', 'country': {'id': 214, 'name': 'Spain'}}]",219,RC Deportivo La Coruña,male,,214,Spain,"[{'id': 3157, 'name': 'Víctor Sánchez del Amo', 'nickname': 'Víctor Sánchez', 'dob': '1976-02-23', 'country': {'id': 214, 'name': 'Spain'}}]",1.1.0,2,2,1,Regular Season,4640,Estadio de Vallecas,214,Spain,2602.0,Ricardo De Burgos Bengoetxea,214.0,Spain
3825587,2015-09-13,16:00:00.000,3,1,available,unscheduled,2022-02-14T13:48:58.997024,,3,11,Spain,La Liga,27,2015/2016,215,Athletic Club,male,,214,Spain,"[{'id': 227, 'name': 'Ernesto Valverde Tejedor', 'nickname': 'Ernesto Valverde', 'dob': '1964-02-09', 'country': {'id': 214, 'name': 'Spain'}}]",216,Getafe,male,,214,Spain,"[{'id': 509, 'name': 'Francisco Escriba Segura', 'nickname': 'Fran Escribá', 'dob': '1965-05-03', 'country': {'id': 214, 'name': 'Spain'}}]",1.1.0,2,2,1,Regular Season,345,San Mamés Barria,214,Spain,1015.0,Pedro Jesús Pérez Montero,214.0,Spain
3825586,2015-09-13,20:30:00.000,0,0,available,unscheduled,2022-05-08T20:23:38.103872,,3,11,Spain,La Liga,27,2015/2016,223,Málaga,male,,214,Spain,"[{'id': 188, 'name': 'Javier Gracia Carlos', 'nickname': 'Javi Gracia', 'dob': '1970-05-01', 'country': {'id': 214, 'name': 'Spain'}}]",322,Eibar,male,,214,Spain,"[{'id': 221, 'name': 'José Luis Mendilibar Etxebarria', 'nickname': 'José Luis Mendilibar', 'dob': '1961-03-14', 'country': {'id': 214, 'name': 'Spain'}}]",1.1.0,2,2,1,Regular Season,346,Estadio La Rosaleda,214,Spain,221.0,Alberto Undiano Mallenco,214.0,Spain
3825585,2015-09-13,18:15:00.000,3,3,available,unscheduled,2022-02-14T13:46:50.660058,,3,11,Spain,La Liga,27,2015/2016,209,Celta Vigo,male,,214,Spain,"[{'id': 385, 'name': 'Manuel Eduardo Berizzo', 'nickname': 'Eduardo Berizzo', 'dob': '1969-11-13', 'country': {'id': 11, 'name': 'Argentina'}}]",208,Las Palmas,male,,214,Spain,"[{'id': 745, 'name': 'Francisco Herrera Lorenzo', 'nickname': 'Paco Herrera', 'dob': '1953-12-02', 'country': {'id': 214, 'name': 'Spain'}}]",1.1.0,2,2,1,Regular Season,653,Abanca-Balaídos,214,Spain,2604.0,Xavier Estrada Fernández,214.0,Spain
3825583,2015-09-12,18:15:00.000,0,1,available,unscheduled,2022-02-14T13:44:45.229995,,3,11,Spain,La Liga,27,2015/2016,1041,Sporting Gijón,male,,214,Spain,"[{'id': 187, 'name': 'Abelardo Fernández Antuña', 'nickname': 'Abelardo', 'dob': '1970-04-19', 'country': {'id': 214, 'name': 'Spain'}}]",207,Valencia,male,,214,Spain,"[{'id': 396, 'name': 'Nuno Herlander Simões Espírito Santo', 'nickname': 'Nuno Espírito Santo', 'dob': '1974-01-25', 'country': {'id': 183, 'name': 'Portugal'}}]",1.1.0,2,2,1,Regular Season,4656,Estadio Municipal El Molinón,214,Spain,2728.0,Carlos del Cerro Grande,214.0,Spain
3825582,2015-09-12,22:00:00.000,1,0,available,unscheduled,2022-02-14T13:43:29.875334,,3,11,Spain,La Liga,27,2015/2016,218,Real Betis,male,,214,Spain,"[{'id': 57, 'name': 'José Mel Pérez', 'nickname': 'Pepe Mel', 'dob': '1963-02-28', 'country': {'id': 214, 'name': 'Spain'}}]",210,Real Sociedad,male,,214,Spain,"[{'id': 86, 'name': 'David Moyes', 'nickname': None, 'dob': '1963-04-25', 'country': {'id': 201, 'name': 'Scotland'}}]",1.1.0,2,2,1,Regular Season,352,Estadio Benito Villamarín,214,Spain,212.0,Alfonso Álvarez Izquierdo,214.0,Spain
3825581,2015-09-12,16:00:00.000,0,6,available,unscheduled,2022-02-14T13:42:33.474071,,3,11,Spain,La Liga,27,2015/2016,214,Espanyol,male,,214,Spain,"[{'id': 576, 'name': 'Sergio González Soriano', 'nickname': 'Sergio', 'dob': '1976-11-10', 'country': {'id': 214, 'name': 'Spain'}}]",220,Real Madrid,male,,214,Spain,"[{'id': 148, 'name': 'Rafael Benítez Maudes', 'nickname': 'Rafael Benítez', 'dob': '1960-04-16', 'country': {'id': 214, 'name': 'Spain'}}]",1.1.0,2,2,1,Regular Season,351,Stage Front Stadium,214,Spain,2480.0,Iñaki Bikandi Garrido,214.0,Spain
3825580,2015-09-11,20:30:00.000,1,1,available,unscheduled,2022-02-14T13:41:30.309027,,3,11,Spain,La Liga,27,2015/2016,221,Levante UD,male,,214,Spain,"[{'id': 1612, 'name': 'Luis Lucas Alcaraz González', 'nickname': 'Lucas Alcaraz', 'dob': '1966-06-21', 'country': {'id': 214, 'name': 'Spain'}}]",213,Sevilla,male,,214,Spain,"[{'id': 21, 'name': 'Unai Emery Etxegoien', 'nickname': 'Unai Emery', 'dob': '1971-11-03', 'country': {'id': 214, 'name': 'Spain'}}]",1.1.0,2,2,1,Regular Season,350,Estadio Ciudad de Valencia,214,Spain,218.0,Ignacio Iglesias Villanueva,214.0,Spain
3825578,2015-08-30,18:30:00.000,2,0,available,unscheduled,2022-02-14T13:39:21.820851,,2,11,Spain,La Liga,27,2015/2016,322,Eibar,male,,214,Spain,"[{'id': 221, 'name': 'José Luis Mendilibar Etxebarria', 'nickname': 'José Luis Mendilibar', 'dob': '1961-03-14', 'country': {'id': 214, 'name': 'Spain'}}]",215,Athletic Club,male,,214,Spain,"[{'id': 227, 'name': 'Ernesto Valverde Tejedor', 'nickname': 'Ernesto Valverde', 'dob': '1964-02-09', 'country': {'id': 214, 'name': 'Spain'}}]",1.1.0,2,2,1,Regular Season,347,Estadio Municipal de Ipurúa,214,Spain,222.0,David Fernández Borbalan,214.0,Spain
3825577,2015-08-30,22:30:00.000,1,2,available,unscheduled,2022-02-14T13:38:12.058906,,2,11,Spain,La Liga,27,2015/2016,216,Getafe,male,,214,Spain,"[{'id': 509, 'name': 'Francisco Escriba Segura', 'nickname': 'Fran Escribá', 'dob': '1965-05-03', 'country': {'id': 214, 'name': 'Spain'}}]",1049,Granada,male,,214,Spain,"[{'id': 1617, 'name': 'José Ramón Sandoval Huertas', 'nickname': 'José Ramón Sandoval', 'dob': '1968-05-02', 'country': {'id': 214, 'name': 'Spain'}}]",1.1.0,2,2,1,Regular Season,354,Coliseum Alfonso Pérez,214,Spain,2419.0,Eduardo Prieto Iglesias,214.0,Spain
3825576,2015-08-30,20:30:00.000,1,1,available,unscheduled,2022-02-14T13:37:15.615798,,2,11,Spain,La Liga,27,2015/2016,207,Valencia,male,,214,Spain,"[{'id': 396, 'name': 'Nuno Herlander Simões Espírito Santo', 'nickname': 'Nuno Espírito Santo', 'dob': '1974-01-25', 'country': {'id': 183, 'name': 'Portugal'}}]",219,RC Deportivo La Coruña,male,,214,Spain,"[{'id': 3157, 'name': 'Víctor Sánchez del Amo', 'nickname': 'Víctor Sánchez', 'dob': '1976-02-23', 'country': {'id': 214, 'name': 'Spain'}}]",1.1.0,2,2,1,Regular Season,344,Estadio de Mestalla,214,Spain,211.0,José Luis González González,214.0,Spain
3825575,2015-08-30,22:30:00.000,0,0,available,unscheduled,2022-02-14T13:36:18.649873,,2,11,Spain,La Liga,27,2015/2016,208,Las Palmas,male,,214,Spain,"[{'id': 745, 'name': 'Francisco Herrera Lorenzo', 'nickname': 'Paco Herrera', 'dob': '1953-12-02', 'country': {'id': 214, 'name': 'Spain'}}]",221,Levante UD,male,,214,Spain,"[{'id': 1612, 'name': 'Luis Lucas Alcaraz González', 'nickname': 'Lucas Alcaraz', 'dob': '1966-06-21', 'country': {'id': 214, 'name': 'Spain'}}]",1.1.0,2,2,1,Regular Season,357,Estadio de Gran Canaria,214,Spain,1015.0,Pedro Jesús Pérez Montero,214.0,Spain
3825574,2015-08-29,22:00:00.000,3,0,available,unscheduled,2022-02-14T13:35:06.027948,,2,11,Spain,La Liga,27,2015/2016,209,Celta Vigo,male,,214,Spain,"[{'id': 385, 'name': 'Manuel Eduardo Berizzo', 'nickname': 'Eduardo Berizzo', 'dob': '1969-11-13', 'country': {'id': 11, 'name': 'Argentina'}}]",360,Rayo Vallecano,male,,214,Spain,"[{'id': 220, 'name': 'Francisco Jémez Martín', 'nickname': 'Paco Jémez', 'dob': '1970-04-18', 'country': {'id': 214, 'name': 'Spain'}}]",1.1.0,2,2,1,Regular Season,653,Abanca-Balaídos,214,Spain,2434.0,Juan Martínez Munuera,214.0,Spain
3825573,2015-08-29,18:30:00.000,0,0,available,unscheduled,2022-02-14T13:33:52.404586,,2,11,Spain,La Liga,27,2015/2016,210,Real Sociedad,male,,214,Spain,"[{'id': 86, 'name': 'David Moyes', 'nickname': None, 'dob': '1963-04-25', 'country': {'id': 201, 'name': 'Scotland'}}]",1041,Sporting Gijón,male,,214,Spain,"[{'id': 187, 'name': 'Abelardo Fernández Antuña', 'nickname': 'Abelardo', 'dob': '1970-04-19', 'country': {'id': 214, 'name': 'Spain'}}]",1.1.0,2,2,1,Regular Season,5043,Reale Arena,214,Spain,2625.0,José María Sánchez Martínez,214.0,Spain
3825571,2015-08-28,20:30:00.000,3,1,available,unscheduled,2022-02-14T13:31:45.742947,,2,11,Spain,La Liga,27,2015/2016,222,Villarreal,male,,214,Spain,"[{'id': 211, 'name': 'Marcelino García Toral', 'nickname': 'Marcelino', 'dob': '1965-08-14', 'country': {'id': 214, 'name': 'Spain'}}]",214,Espanyol,male,,214,Spain,"[{'id': 576, 'name': 'Sergio González Soriano', 'nickname': 'Sergio', 'dob': '1976-11-10', 'country': {'id': 214, 'name': 'Spain'}}]",1.1.0,2,2,1,Regular Season,361,Estadio de la Cerámica,214,Spain,2535.0,Carlos Velasco Carballo,214.0,Spain
3825569,2015-08-23,22:00:00.000,1,2,available,unscheduled,2022-02-14T13:29:40.013078,,1,11,Spain,La Liga,27,2015/2016,221,Levante UD,male,,214,Spain,"[{'id': 1612, 'name': 'Luis Lucas Alcaraz González', 'nickname': 'Lucas Alcaraz', 'dob': '1966-06-21', 'country': {'id': 214, 'name': 'Spain'}}]",209,Celta Vigo,male,,214,Spain,"[{'id': 385, 'name': 'Manuel Eduardo Berizzo', 'nickname': 'Eduardo Berizzo', 'dob': '1969-11-13', 'country': {'id': 11, 'name': 'Argentina'}}]",1.1.0,2,2,1,Regular Season,350,Estadio Ciudad de Valencia,214,Spain,2602.0,Ricardo De Burgos Bengoetxea,214.0,Spain
3825568,2015-08-23,22:30:00.000,1,1,available,unscheduled,2022-02-14T13:28:31.537874,,1,11,Spain,La Liga,27,2015/2016,218,Real Betis,male,,214,Spain,"[{'id': 57, 'name': 'José Mel Pérez', 'nickname': 'Pepe Mel', 'dob': '1963-02-28', 'country': {'id': 214, 'name': 'Spain'}}]",222,Villarreal,male,,214,Spain,"[{'id': 211, 'name': 'Marcelino García Toral', 'nickname': 'Marcelino', 'dob': '1965-08-14', 'country': {'id': 214, 'name': 'Spain'}}]",1.1.0,2,2,1,Regular Season,352,Estadio Benito Villamarín,214,Spain,2480.0,Iñaki Bikandi Garrido,214.0,Spain
3825567,2015-08-23,20:30:00.000,0,0,available,unscheduled,2022-02-14T13:27:38.939472,,1,11,Spain,La Liga,27,2015/2016,1041,Sporting Gijón,male,,214,Spain,"[{'id': 187, 'name': 'Abelardo Fernández Antuña', 'nickname': 'Abelardo', 'dob': '1970-04-19', 'country': {'id': 214, 'name': 'Spain'}}]",220,Real Madrid,male,,214,Spain,"[{'id': 148, 'name': 'Rafael Benítez Maudes', 'nickname': 'Rafael Benítez', 'dob': '1960-04-16', 'country': {'id': 214, 'name': 'Spain'}}]",1.1.0,2,2,1,Regular Season,4656,Estadio Municipal El Molinón,214,Spain,2604.0,Xavier Estrada Fernández,214.0,Spain
3825566,2015-08-22,22:30:00.000,0,0,available,unscheduled,2022-02-14T13:26:26.531977,,1,11,Spain,La Liga,27,2015/2016,360,Rayo Vallecano,male,,214,Spain,"[{'id': 220, 'name': 'Francisco Jémez Martín', 'nickname': 'Paco Jémez', 'dob': '1970-04-18', 'country': {'id': 214, 'name': 'Spain'}}]",207,Valencia,male,,214,Spain,"[{'id': 396, 'name': 'Nuno Herlander Simões Espírito Santo', 'nickname': 'Nuno Espírito Santo', 'dob': '1974-01-25', 'country': {'id': 183, 'name': 'Portugal'}}]",1.1.0,2,2,1,Regular Season,4640,Estadio de Vallecas,214,Spain,221.0,Alberto Undiano Mallenco,214.0,Spain
3825565,2015-08-22,18:30:00.000,1,0,available,unscheduled,2022-02-14T13:25:24.237551,,1,11,Spain,La Liga,27,2015/2016,214,Espanyol,male,,214,Spain,"[{'id': 576, 'name': 'Sergio González Soriano', 'nickname': 'Sergio', 'dob': '1976-11-10', 'country': {'id': 214, 'name': 'Spain'}}]",216,Getafe,male,,214,Spain,"[{'id': 509, 'name': 'Francisco Escriba Segura', 'nickname': 'Fran Escribá', 'dob': '1965-05-03', 'country': {'id': 214, 'name': 'Spain'}}]",1.1.0,2,2,1,Regular Season,351,Stage Front Stadium,214,Spain,183.0,Jesús Gil Manzano,214.0,Spain
3825564,2015-08-22,18:30:00.000,0,0,available,unscheduled,2022-02-14T13:24:22.394076,,1,11,Spain,La Liga,27,2015/2016,219,RC Deportivo La Coruña,male,,214,Spain,"[{'id': 3157, 'name': 'Víctor Sánchez del Amo', 'nickname': 'Víctor Sánchez', 'dob': '1976-02-23', 'country': {'id': 214, 'name': 'Spain'}}]",210,Real Sociedad,male,,214,Spain,"[{'id': 86, 'name': 'David Moyes', 'nickname': None, 'dob': '1963-04-25', 'country': {'id': 201, 'name': 'Scotland'}}]",1.1.0,2,2,1,Regular Season,4658,Estadio Abanca-Riazor,214,Spain,180.0,Antonio Miguel Mateu Lahoz,214.0,Spain
3825563,2015-08-22,20:30:00.000,1,0,available,unscheduled,2022-02-14T13:23:03.150960,,1,11,Spain,La Liga,27,2015/2016,212,Atlético Madrid,male,,214,Spain,"[{'id': 5162, 'name': 'Tiago Cardoso Mendes', 'nickname': None, 'dob': '1981-05-02', 'country': {'id': 183, 'name': 'Portugal'}}, {'id': 230, 'name': 'Diego Pablo Simeone', 'nickname': 'Diego Simeone', 'dob': '1970-04-28', 'country': {'id': 11, 'name': 'Argentina'}}]",208,Las Palmas,male,,214,Spain,"[{'id': 745, 'name': 'Francisco Herrera Lorenzo', 'nickname': 'Paco Herrera', 'dob': '1953-12-02', 'country': {'id': 214, 'name': 'Spain'}}]",1.1.0,2,2,1,Regular Season,625,Estadio Vicente Calderón,214,Spain,2419.0,Eduardo Prieto Iglesias,214.0,Spain
266498,2016-03-12,17:00:00.000,6,0,available,scheduled,2023-07-24T21:49:59.471748,2021-06-13T16:17:31.694,29,11,Spain,La Liga,27,2015/2016,217,Barcelona,male,,214,Spain,"[{'id': 793, 'name': 'Luis Enrique Martínez García', 'nickname': 'Luis Enrique', 'dob': '1970-05-08', 'country': {'id': 214, 'name': 'Spain'}}]",216,Getafe,male,,214,Spain,"[{'id': 509, 'name': 'Francisco Escriba Segura', 'nickname': 'Fran Escribá', 'dob': '1965-05-03', 'country': {'id': 214, 'name': 'Spain'}}]",1.1.0,2,2,1,Regular Season,342,Spotify Camp Nou,214,Spain,1015.0,Pedro Jesús Pérez Montero,214.0,Spain
266986,2016-04-30,20:30:00.000,0,2,available,scheduled,2022-08-30T12:52:34.036721,2021-06-13T16:17:31.694,36,11,Spain,La Liga,27,2015/2016,218,Real Betis,male,,214,Spain,"[{'id': 5049, 'name': 'Juan Merino Ruíz', 'nickname': 'Juan Merino', 'dob': '1970-08-24', 'country': {'id': 214, 'name': 'Spain'}}]",217,Barcelona,male,,214,Spain,"[{'id': 793, 'name': 'Luis Enrique Martínez García', 'nickname': 'Luis Enrique', 'dob': '1970-05-08', 'country': {'id': 214, 'name': 'Spain'}}]",1.1.0,2,2,1,Regular Season,352,Estadio Benito Villamarín,214,Spain,180.0,Antonio Miguel Mateu Lahoz,214.0,Spain
267533,2016-04-02,20:30:00.000,1,2,available,scheduled,2023-07-24T21:51:48.410526,2021-06-13T16:17:31.694,31,11,Spain,La Liga,27,2015/2016,217,Barcelona,male,,214,Spain,"[{'id': 793, 'name': 'Luis Enrique Martínez García', 'nickname': 'Luis Enrique', 'dob': '1970-05-08', 'country': {'id': 214, 'name': 'Spain'}}]",220,Real Madrid,male,,214,Spain,"[{'id': 56, 'name': 'Zinédine Zidane', 'nickname': None, 'dob': '1972-06-23', 'country': {'id': 78, 'name': 'France'}}]",1.1.0,2,2,1,Regular Season,342,Spotify Camp Nou,214,Spain,,,,
266310,2016-04-20,20:00:00.000,0,8,available,scheduled,2023-07-24T21:52:42.890908,2021-06-13T16:17:31.694,34,11,Spain,La Liga,27,2015/2016,219,RC Deportivo La Coruña,male,,214,Spain,"[{'id': 3157, 'name': 'Víctor Sánchez del Amo', 'nickname': 'Víctor Sánchez', 'dob': '1976-02-23', 'country': {'id': 214, 'name': 'Spain'}}]",217,Barcelona,male,,214,Spain,"[{'id': 793, 'name': 'Luis Enrique Martínez García', 'nickname': 'Luis Enrique', 'dob': '1970-05-08', 'country': {'id': 214, 'name': 'Spain'}}]",1.1.0,2,2,1,Regular Season,4658,Estadio Abanca-Riazor,214,Spain,,,,
267576,2016-01-30,17:00:00.000,2,1,available,scheduled,2022-08-30T11:31:07.816757,2021-06-13T16:17:31.694,22,11,Spain,La Liga,27,2015/2016,217,Barcelona,male,,214,Spain,"[{'id': 793, 'name': 'Luis Enrique Martínez García', 'nickname': 'Luis Enrique', 'dob': '1970-05-08', 'country': {'id': 214, 'name': 'Spain'}}]",212,Atlético Madrid,male,,214,Spain,"[{'id': 230, 'name': 'Diego Pablo Simeone', 'nickname': 'Diego Simeone', 'dob': '1970-04-28', 'country': {'id': 11, 'name': 'Argentina'}}]",1.1.0,2,2,1,Regular Season,342,Spotify Camp Nou,214,Spain,221.0,Alberto Undiano Mallenco,214.0,Spain
266653,2016-03-03,22:00:00.000,1,5,available,scheduled,2023-07-24T21:44:55.075875,2021-06-13T16:17:31.694,27,11,Spain,La Liga,27,2015/2016,360,Rayo Vallecano,male,,214,Spain,"[{'id': 220, 'name': 'Francisco Jémez Martín', 'nickname': 'Paco Jémez', 'dob': '1970-04-18', 'country': {'id': 214, 'name': 'Spain'}}]",217,Barcelona,male,,214,Spain,"[{'id': 793, 'name': 'Luis Enrique Martínez García', 'nickname': 'Luis Enrique', 'dob': '1970-05-08', 'country': {'id': 214, 'name': 'Spain'}}]",1.1.0,2,2,1,Regular Season,4640,Estadio de Vallecas,214,Spain,,,,
265944,2016-04-23,20:30:00.000,6,0,available,scheduled,2023-07-24T17:54:12.421030,2021-06-13T16:17:31.694,35,11,Spain,La Liga,27,2015/2016,217,Barcelona,male,,214,Spain,"[{'id': 793, 'name': 'Luis Enrique Martínez García', 'nickname': 'Luis Enrique', 'dob': '1970-05-08', 'country': {'id': 214, 'name': 'Spain'}}]",1041,Sporting Gijón,male,,214,Spain,"[{'id': 187, 'name': 'Abelardo Fernández Antuña', 'nickname': 'Abelardo', 'dob': '1970-04-19', 'country': {'id': 214, 'name': 'Spain'}}]",1.1.0,2,2,1,Regular Season,342,Spotify Camp Nou,214,Spain,1008.0,Carlos Clos Gómez,214.0,Spain
265894,2016-01-23,17:00:00.000,1,2,available,scheduled,2022-08-30T11:24:51.437349,2021-06-13T16:17:31.694,21,11,Spain,La Liga,27,2015/2016,223,Málaga,male,,214,Spain,"[{'id': 188, 'name': 'Javier Gracia Carlos', 'nickname': 'Javi Gracia', 'dob': '1970-05-01', 'country': {'id': 214, 'name': 'Spain'}}]",217,Barcelona,male,,214,Spain,"[{'id': 793, 'name': 'Luis Enrique Martínez García', 'nickname': 'Luis Enrique', 'dob': '1970-05-08', 'country': {'id': 214, 'name': 'Spain'}}]",1.1.0,2,2,1,Regular Season,346,Estadio La Rosaleda,214,Spain,1008.0,Carlos Clos Gómez,214.0,Spain
265958,2016-05-08,17:00:00.000,5,0,available,scheduled,2023-07-24T21:48:06.008416,2021-06-13T16:17:31.694,37,11,Spain,La Liga,27,2015/2016,217,Barcelona,male,,214,Spain,"[{'id': 793, 'name': 'Luis Enrique Martínez García', 'nickname': 'Luis Enrique', 'dob': '1970-05-08', 'country': {'id': 214, 'name': 'Spain'}}]",214,Espanyol,male,,214,Spain,"[{'id': 1816, 'name': 'Constantin Gâlcă', 'nickname': None, 'dob': '1972-03-08', 'country': {'id': 187, 'name': 'Romania'}}]",1.1.0,2,2,1,Regular Season,342,Spotify Camp Nou,214,Spain,183.0,Jesús Gil Manzano,214.0,Spain
267611,2015-09-26,16:00:00.000,2,1,available,scheduled,2023-07-24T21:51:58.861743,2021-06-13T16:17:31.694,6,11,Spain,La Liga,27,2015/2016,217,Barcelona,male,,214,Spain,"[{'id': 793, 'name': 'Luis Enrique Martínez García', 'nickname': 'Luis Enrique', 'dob': '1970-05-08', 'country': {'id': 214, 'name': 'Spain'}}]",208,Las Palmas,male,,214,Spain,"[{'id': 745, 'name': 'Francisco Herrera Lorenzo', 'nickname': 'Paco Herrera', 'dob': '1953-12-02', 'country': {'id': 214, 'name': 'Spain'}}]",1.1.0,2,2,1,Regular Season,342,Spotify Camp Nou,214,Spain,,,,
267422,2015-08-29,20:30:00.000,1,0,available,scheduled,2023-07-24T21:43:56.490047,2021-06-13T16:17:31.694,2,11,Spain,La Liga,27,2015/2016,217,Barcelona,male,,214,Spain,"[{'id': 793, 'name': 'Luis Enrique Martínez García', 'nickname': 'Luis Enrique', 'dob': '1970-05-08', 'country': {'id': 214, 'name': 'Spain'}}]",223,Málaga,male,,214,Spain,"[{'id': 188, 'name': 'Javier Gracia Carlos', 'nickname': 'Javi Gracia', 'dob': '1970-05-01', 'country': {'id': 214, 'name': 'Spain'}}]",1.1.0,2,2,1,Regular Season,342,Spotify Camp Nou,214,Spain,,,,
266236,2015-08-23,18:30:00.000,0,1,available,scheduled,2023-07-24T21:45:51.010993,2021-06-13T16:17:31.694,1,11,Spain,La Liga,27,2015/2016,215,Athletic Club,male,,214,Spain,"[{'id': 227, 'name': 'Ernesto Valverde Tejedor', 'nickname': 'Ernesto Valverde', 'dob': '1964-02-09', 'country': {'id': 214, 'name': 'Spain'}}]",217,Barcelona,male,,214,Spain,"[{'id': 793, 'name': 'Luis Enrique Martínez García', 'nickname': 'Luis Enrique', 'dob': '1970-05-08', 'country': {'id': 214, 'name': 'Spain'}}]",1.1.0,2,2,1,Regular Season,345,San Mamés Barria,214,Spain,,,,
267274,2015-12-05,20:30:00.000,1,1,available,scheduled,2023-07-24T21:46:03.786687,2021-06-13T16:17:31.694,14,11,Spain,La Liga,27,2015/2016,207,Valencia,male,,214,Spain,"[{'id': 4167, 'name': 'Salvador González Marco', 'nickname': 'Voro', 'dob': '1963-10-09', 'country': {'id': 214, 'name': 'Spain'}}]",217,Barcelona,male,,214,Spain,"[{'id': 793, 'name': 'Luis Enrique Martínez García', 'nickname': 'Luis Enrique', 'dob': '1970-05-08', 'country': {'id': 214, 'name': 'Spain'}}]",1.1.0,2,2,1,Regular Season,344,Estadio de Mestalla,214,Spain,,,,
266961,2015-12-12,16:00:00.000,2,2,available,scheduled,2020-07-29T05:00,2021-06-13T16:17:31.694,15,11,Spain,La Liga,27,2015/2016,217,Barcelona,male,,214,Spain,"[{'id': 793, 'name': 'Luis Enrique Martínez García', 'nickname': 'Luis Enrique', 'dob': '1970-05-08', 'country': {'id': 214, 'name': 'Spain'}}]",219,RC Deportivo La Coruña,male,,214,Spain,"[{'id': 3157, 'name': 'Víctor Sánchez del Amo', 'nickname': 'Víctor Sánchez', 'dob': '1976-02-23', 'country': {'id': 214, 'name': 'Spain'}}]",1.1.0,2,2,1,Regular Season,342,Spotify Camp Nou,214,Spain,,,,
266885,2015-11-28,16:00:00.000,4,0,available,scheduled,2023-07-24T21:46:45.620687,2021-06-13T16:17:31.694,13,11,Spain,La Liga,27,2015/2016,217,Barcelona,male,,214,Spain,"[{'id': 793, 'name': 'Luis Enrique Martínez García', 'nickname': 'Luis Enrique', 'dob': '1970-05-08', 'country': {'id': 214, 'name': 'Spain'}}]",210,Real Sociedad,male,,214,Spain,"[{'id': 229, 'name': 'Eusebio Sacristán Mena', 'nickname': 'Eusebio Sacristán', 'dob': '1964-04-13', 'country': {'id': 214, 'name': 'Spain'}}]",1.1.0,2,2,1,Regular Season,342,Spotify Camp Nou,214,Spain,218.0,Ignacio Iglesias Villanueva,214.0,Spain
266815,2016-02-17,18:30:00.000,1,3,available,scheduled,2023-07-24T21:51:07.293520,2021-06-13T16:17:31.694,16,11,Spain,La Liga,27,2015/2016,1041,Sporting Gijón,male,,214,Spain,"[{'id': 187, 'name': 'Abelardo Fernández Antuña', 'nickname': 'Abelardo', 'dob': '1970-04-19', 'country': {'id': 214, 'name': 'Spain'}}]",217,Barcelona,male,,214,Spain,"[{'id': 793, 'name': 'Luis Enrique Martínez García', 'nickname': 'Luis Enrique', 'dob': '1970-05-08', 'country': {'id': 214, 'name': 'Spain'}}]",1.1.0,2,2,1,Regular Season,4656,Estadio Municipal El Molinón,214,Spain,,,,
267506,2016-05-14,17:00:00.000,0,3,available,scheduled,2022-08-30T13:00:21.018790,2021-06-13T16:17:31.694,38,11,Spain,La Liga,27,2015/2016,1049,Granada,male,,214,Spain,"[{'id': 226, 'name': 'José Manuel González López', 'nickname': 'José González', 'dob': '1966-10-14', 'country': {'id': 214, 'name': 'Spain'}}]",217,Barcelona,male,,214,Spain,"[{'id': 793, 'name': 'Luis Enrique Martínez García', 'nickname': 'Luis Enrique', 'dob': '1970-05-08', 'country': {'id': 214, 'name': 'Spain'}}]",1.1.0,2,2,1,Regular Season,4667,Estadio Nuevo Los Cármenes,214,Spain,,,,
266664,2016-04-09,20:30:00.000,1,0,available,scheduled,2022-08-30T12:06:30.681236,2021-06-13T16:17:31.694,32,11,Spain,La Liga,27,2015/2016,210,Real Sociedad,male,,214,Spain,"[{'id': 229, 'name': 'Eusebio Sacristán Mena', 'nickname': 'Eusebio Sacristán', 'dob': '1964-04-13', 'country': {'id': 214, 'name': 'Spain'}}]",217,Barcelona,male,,214,Spain,"[{'id': 793, 'name': 'Luis Enrique Martínez García', 'nickname': 'Luis Enrique', 'dob': '1970-05-08', 'country': {'id': 214, 'name': 'Spain'}}]",1.1.0,2,2,1,Regular Season,5043,Reale Arena,214,Spain,218.0,Ignacio Iglesias Villanueva,214.0,Spain
266106,2016-03-20,17:00:00.000,2,2,available,scheduled,2020-07-29T05:00,2021-06-13T16:17:31.694,30,11,Spain,La Liga,27,2015/2016,222,Villarreal,male,,214,Spain,"[{'id': 211, 'name': 'Marcelino García Toral', 'nickname': 'Marcelino', 'dob': '1965-08-14', 'country': {'id': 214, 'name': 'Spain'}}]",217,Barcelona,male,,214,Spain,"[{'id': 793, 'name': 'Luis Enrique Martínez García', 'nickname': 'Luis Enrique', 'dob': '1970-05-08', 'country': {'id': 214, 'name': 'Spain'}}]",1.1.0,2,2,1,Regular Season,361,Estadio de la Cerámica,214,Spain,,,,
266670,2016-01-02,16:00:00.000,0,0,available,scheduled,2022-08-30T11:07:03.376857,2021-06-13T16:17:31.694,18,11,Spain,La Liga,27,2015/2016,214,Espanyol,male,,214,Spain,"[{'id': 1816, 'name': 'Constantin Gâlcă', 'nickname': None, 'dob': '1972-03-08', 'country': {'id': 187, 'name': 'Romania'}}]",217,Barcelona,male,,214,Spain,"[{'id': 793, 'name': 'Luis Enrique Martínez García', 'nickname': 'Luis Enrique', 'dob': '1970-05-08', 'country': {'id': 214, 'name': 'Spain'}}]",1.1.0,2,2,1,Regular Season,351,Stage Front Stadium,214,Spain,211.0,José Luis González González,214.0,Spain
266149,2016-01-17,20:30:00.000,6,0,available,scheduled,2023-07-24T21:47:37.819590,2021-06-13T16:17:31.694,20,11,Spain,La Liga,27,2015/2016,217,Barcelona,male,,214,Spain,"[{'id': 793, 'name': 'Luis Enrique Martínez García', 'nickname': 'Luis Enrique', 'dob': '1970-05-08', 'country': {'id': 214, 'name': 'Spain'}}]",215,Athletic Club,male,,214,Spain,"[{'id': 227, 'name': 'Ernesto Valverde Tejedor', 'nickname': 'Ernesto Valverde', 'dob': '1964-02-09', 'country': {'id': 214, 'name': 'Spain'}}]",1.1.0,2,2,1,Regular Season,342,Spotify Camp Nou,214,Spain,180.0,Antonio Miguel Mateu Lahoz,214.0,Spain
266620,2016-01-09,16:00:00.000,4,0,available,scheduled,2022-08-30T11:16:19.049611,2021-06-13T16:17:31.694,19,11,Spain,La Liga,27,2015/2016,217,Barcelona,male,,214,Spain,"[{'id': 793, 'name': 'Luis Enrique Martínez García', 'nickname': 'Luis Enrique', 'dob': '1970-05-08', 'country': {'id': 214, 'name': 'Spain'}}]",1049,Granada,male,,214,Spain,"[{'id': 1617, 'name': 'José Ramón Sandoval Huertas', 'nickname': 'José Ramón Sandoval', 'dob': '1968-05-02', 'country': {'id': 214, 'name': 'Spain'}}]",1.1.0,2,2,1,Regular Season,342,Spotify Camp Nou,214,Spain,2535.0,Carlos Velasco Carballo,214.0,Spain
266056,2016-03-06,17:00:00.000,0,4,available,scheduled,2023-07-24T21:45:04.556843,2021-06-13T16:17:31.694,28,11,Spain,La Liga,27,2015/2016,322,Eibar,male,,214,Spain,"[{'id': 221, 'name': 'José Luis Mendilibar Etxebarria', 'nickname': 'José Luis Mendilibar', 'dob': '1961-03-14', 'country': {'id': 214, 'name': 'Spain'}}]",217,Barcelona,male,,214,Spain,"[{'id': 793, 'name': 'Luis Enrique Martínez García', 'nickname': 'Luis Enrique', 'dob': '1970-05-08', 'country': {'id': 214, 'name': 'Spain'}}]",1.1.0,2,2,1,Regular Season,347,Estadio Municipal de Ipurúa,214,Spain,221.0,Alberto Undiano Mallenco,214.0,Spain
267327,2015-12-30,20:30:00.000,4,0,available,scheduled,2023-07-24T17:59:40.159198,2021-06-13T16:17:31.694,17,11,Spain,La Liga,27,2015/2016,217,Barcelona,male,,214,Spain,"[{'id': 793, 'name': 'Luis Enrique Martínez García', 'nickname': 'Luis Enrique', 'dob': '1970-05-08', 'country': {'id': 214, 'name': 'Spain'}}]",218,Real Betis,male,,214,Spain,"[{'id': 57, 'name': 'José Mel Pérez', 'nickname': 'Pepe Mel', 'dob': '1963-02-28', 'country': {'id': 214, 'name': 'Spain'}}]",1.1.0,2,2,1,Regular Season,342,Spotify Camp Nou,214,Spain,,,,
266166,2015-09-12,20:30:00.000,1,2,available,scheduled,2023-07-24T21:46:36.538236,2021-06-13T16:17:31.694,3,11,Spain,La Liga,27,2015/2016,212,Atlético Madrid,male,,214,Spain,"[{'id': 230, 'name': 'Diego Pablo Simeone', 'nickname': 'Diego Simeone', 'dob': '1970-04-28', 'country': {'id': 11, 'name': 'Argentina'}}]",217,Barcelona,male,,214,Spain,"[{'id': 793, 'name': 'Luis Enrique Martínez García', 'nickname': 'Luis Enrique', 'dob': '1970-05-08', 'country': {'id': 214, 'name': 'Spain'}}]",1.1.0,2,2,1,Regular Season,625,Estadio Vicente Calderón,214,Spain,180.0,Antonio Miguel Mateu Lahoz,214.0,Spain
266160,2016-02-07,13:00:00.000,0,2,available,scheduled,2023-09-20T17:21:32.111535,2021-06-13T16:17:31.694,23,11,Spain,La Liga,27,2015/2016,221,Levante UD,male,,214,Spain,"[{'id': 677, 'name': 'Joan Francesc Ferrer Sicilia', 'nickname': 'Rubí', 'dob': '1970-02-05', 'country': {'id': 214, 'name': 'Spain'}}]",217,Barcelona,male,,214,Spain,"[{'id': 793, 'name': 'Luis Enrique Martínez García', 'nickname': 'Luis Enrique', 'dob': '1970-05-08', 'country': {'id': 214, 'name': 'Spain'}}]",1.1.0,2,2,1,Regular Season,350,Estadio Ciudad de Valencia,214,Spain,1015.0,Pedro Jesús Pérez Montero,214.0,Spain
265839,2016-02-28,21:30:00.000,2,1,available,scheduled,2022-08-30T11:54:13.382802,2021-06-13T16:17:31.694,26,11,Spain,La Liga,27,2015/2016,217,Barcelona,male,,214,Spain,"[{'id': 793, 'name': 'Luis Enrique Martínez García', 'nickname': 'Luis Enrique', 'dob': '1970-05-08', 'country': {'id': 214, 'name': 'Spain'}}]",213,Sevilla,male,,214,Spain,"[{'id': 21, 'name': 'Unai Emery Etxegoien', 'nickname': 'Unai Emery', 'dob': '1971-11-03', 'country': {'id': 214, 'name': 'Spain'}}]",1.1.0,2,2,1,Regular Season,342,Spotify Camp Nou,214,Spain,,,,
266424,2015-11-21,18:15:00.000,0,4,available,scheduled,2022-08-30T11:00:31.902311,2021-06-13T16:17:31.694,12,11,Spain,La Liga,27,2015/2016,220,Real Madrid,male,,214,Spain,"[{'id': 148, 'name': 'Rafael Benítez Maudes', 'nickname': 'Rafael Benítez', 'dob': '1960-04-16', 'country': {'id': 214, 'name': 'Spain'}}]",217,Barcelona,male,,214,Spain,"[{'id': 793, 'name': 'Luis Enrique Martínez García', 'nickname': 'Luis Enrique', 'dob': '1970-05-08', 'country': {'id': 214, 'name': 'Spain'}}]",1.1.0,2,2,1,Regular Season,353,Bernabéu,214,Spain,222.0,David Fernández Borbalan,214.0,Spain
266467,2015-09-23,20:00:00.000,4,1,available,scheduled,2020-07-29T05:00,2021-06-13T16:17:31.694,5,11,Spain,La Liga,27,2015/2016,209,Celta Vigo,male,,214,Spain,"[{'id': 385, 'name': 'Manuel Eduardo Berizzo', 'nickname': 'Eduardo Berizzo', 'dob': '1969-11-13', 'country': {'id': 11, 'name': 'Argentina'}}]",217,Barcelona,male,,214,Spain,"[{'id': 793, 'name': 'Luis Enrique Martínez García', 'nickname': 'Luis Enrique', 'dob': '1970-05-08', 'country': {'id': 214, 'name': 'Spain'}}]",1.1.0,2,2,1,Regular Season,653,Abanca-Balaídos,214,Spain,221.0,Alberto Undiano Mallenco,214.0,Spain
267273,2016-02-20,17:00:00.000,1,2,available,scheduled,2020-07-29T05:00,2021-06-13T16:17:31.694,25,11,Spain,La Liga,27,2015/2016,208,Las Palmas,male,,214,Spain,"[{'id': 238, 'name': 'Enrique Setién Solar', 'nickname': 'Quique Setién', 'dob': '1958-09-27', 'country': {'id': 214, 'name': 'Spain'}}]",217,Barcelona,male,,214,Spain,"[{'id': 793, 'name': 'Luis Enrique Martínez García', 'nickname': 'Luis Enrique', 'dob': '1970-05-08', 'country': {'id': 214, 'name': 'Spain'}}]",1.1.0,2,2,1,Regular Season,357,Estadio de Gran Canaria,214,Spain,,,,
266490,2015-09-20,20:30:00.000,4,1,available,scheduled,2022-08-30T10:30:18.594970,2021-06-13T16:17:31.694,4,11,Spain,La Liga,27,2015/2016,217,Barcelona,male,,214,Spain,"[{'id': 793, 'name': 'Luis Enrique Martínez García', 'nickname': 'Luis Enrique', 'dob': '1970-05-08', 'country': {'id': 214, 'name': 'Spain'}}]",221,Levante UD,male,,214,Spain,"[{'id': 1612, 'name': 'Luis Lucas Alcaraz González', 'nickname': 'Lucas Alcaraz', 'dob': '1966-06-21', 'country': {'id': 214, 'name': 'Spain'}}]",1.1.0,2,2,1,Regular Season,342,Spotify Camp Nou,214,Spain,222.0,David Fernández Borbalan,214.0,Spain
266254,2016-02-14,21:30:00.000,6,1,available,scheduled,2023-07-24T17:56:08.111843,2021-06-13T16:17:31.694,24,11,Spain,La Liga,27,2015/2016,217,Barcelona,male,,214,Spain,"[{'id': 793, 'name': 'Luis Enrique Martínez García', 'nickname': 'Luis Enrique', 'dob': '1970-05-08', 'country': {'id': 214, 'name': 'Spain'}}]",209,Celta Vigo,male,,214,Spain,"[{'id': 385, 'name': 'Manuel Eduardo Berizzo', 'nickname': 'Eduardo Berizzo', 'dob': '1969-11-13', 'country': {'id': 11, 'name': 'Argentina'}}]",1.1.0,2,2,1,Regular Season,342,Spotify Camp Nou,214,Spain,,,,
266557,2016-04-17,20:30:00.000,1,2,available,scheduled,2023-07-24T18:00:30.746407,2021-06-13T16:17:31.694,33,11,Spain,La Liga,27,2015/2016,217,Barcelona,male,,214,Spain,"[{'id': 793, 'name': 'Luis Enrique Martínez García', 'nickname': 'Luis Enrique', 'dob': '1970-05-08', 'country': {'id': 214, 'name': 'Spain'}}]",207,Valencia,male,,214,Spain,"[{'id': 618, 'name': 'Francisco Martín Ayestarán Barandiarán', 'nickname': 'Pako Ayestarán', 'dob': '1963-02-05', 'country': {'id': 214, 'name': 'Spain'}}]",1.1.0,2,2,1,Regular Season,342,Spotify Camp Nou,214,Spain,222.0,David Fernández Borbalan,214.0,Spain
